tmdbId,title_asli,title,title_en,year,genres,keywords,caster,cast,country,original_language,poster_url,backdrop_url,overview,rating,rating_count,vote_count,rating_source,rating_updated_at,tmdb_vote_average,tmdb_popularity,tmdb_status,mood,trailer_url,trailer_embed_url,trailer_key,trailer_name
,Cinta Dalam Ikhlas,Cinta Dalam Ikhlas,,2024,Drama | Romance,,,,,,https://image.tmdb.org/t/p/w500/3p5749mXvMzcUZ7Iz7paakW0jHk.jpg,https://image.tmdb.org/t/p/original/3p5749mXvMzcUZ7Iz7paakW0jHk.jpg,"A troubled teen turns his life around with the help of a classmate. Years later, their reunion sparks old feelings, but uncertainty clouds their story.",7.3,,0,fallback,,,0,,gelisah,,,,
,Dilan 1983: Wo Ai Ni,Dilan 1983: Wo Ai Ni,,2024,Drama | Romance | Family | Comedy,,,,,,https://image.tmdb.org/t/p/w500/7teKNxqnTJ0wu8QYlJURqGBQrOw.jpg,https://image.tmdb.org/t/p/original/7teKNxqnTJ0wu8QYlJURqGBQrOw.jpg,"In this 1980s prequel, Dilan reunites with his elementary school friends after a year and a half away and tries to impress a new transfer student.",5.9,,0,fallback,,,0,,gelisah,,,,
,God's Lonely Man,God's Lonely Man,,2024,Drama,,,,,,https://image.tmdb.org/t/p/w500/oacRuNsCYlGH3vVFHua0bHolRh0.jpg,https://image.tmdb.org/t/p/original/oacRuNsCYlGH3vVFHua0bHolRh0.jpg,"A guy commits suicide due to severe depression. As his final goodbye, he writes three letters to God to explain his struggles with the world.",,,0,,,,0,,sedih,,,,
,Gold,Gold,,2024,Drama,,,,,,https://image.tmdb.org/t/p/w500/d78UvyGvJCOJcEvrEHJ61a8NlHr.jpg,https://image.tmdb.org/t/p/original/d78UvyGvJCOJcEvrEHJ61a8NlHr.jpg,"Cheah Liek Hou is a prodigious badminton player but discovers that he is afflicted with brachial plexus paralysis. Undeterred by this setback, he joins the ranks of disabled badminton players. When the Paralympic Games announce the inclusion of badminton as a sport, Cheah rises to the occasion and is coached by legendary badminton player Rashid Sidek. He overcomes numerous hurdles to triumph in the Paralympic Games, ultimately winning the coveted gold medal and etching an important historical moment for Malaysia.",4,,0,fallback,,,0,,hidayah,,,,
,Ipar Adalah Maut,Ipar Adalah Maut,,2024,Drama,,,,,,https://image.tmdb.org/t/p/w500/yBnfwE2aUXyZojWQNSYjBz62qzG.jpg,https://image.tmdb.org/t/p/original/7NrU4n2YYGfN9bDcs6VArDlfJ1D.jpg,"Aris was the perfect husband and ideal family man. That is, until his sister-in-law moves in and they begin a forbidden affair.",6.7,,0,fallback,,,0,,gelisah,,,,
,Padu,Padu,,2024,Drama,,,,,,https://image.tmdb.org/t/p/w500/z0kbkXqEt5LKJbafyNGIpfUkoS8.jpg,https://image.tmdb.org/t/p/original/z0kbkXqEt5LKJbafyNGIpfUkoS8.jpg,The story of the reliability of the Malaysian Women's Basketball team which has collected 13 gold medals from 20 SEA Games tournaments since 1977.,,,0,,,,0,,hidayah,,,,
,Star Chaser,Star Chaser,,2024,Science Fiction | Animation,,,,,,https://image.tmdb.org/t/p/w500/91JaeGXSni4kBpwxtWJJozAb4gh.jpg,https://image.tmdb.org/t/p/original/91JaeGXSni4kBpwxtWJJozAb4gh.jpg,"Escaping the destruction of her home world, 19-year-old Ajwan embarks on an interplanetary journey to deal with the fall-out, while a nefarious organization slowly acquires power across the galaxy.",,,0,,,,0,,hidayah,,,,
,The Queen of My Dreams,The Queen of My Dreams,,2024,Drama | Comedy,,,,,,https://image.tmdb.org/t/p/w500/AprPc4k1MsRpAiHPKUxlEt9EWi9.jpg,https://image.tmdb.org/t/p/original/AprPc4k1MsRpAiHPKUxlEt9EWi9.jpg,"Azra is worlds apart from her conservative Muslim mother. When her father suddenly dies on a trip home to Pakistan, Azra finds herself on a Bollywood-inspired journey through memories, both real and imagined; from her mother’s youth in Karachi to her own coming- of-age in rural Canada.",4.2,,0,fallback,,,0,,hidayah,,,,
,ذا النون,ذا النون,,2024,Drama | Documentary | Fantasy,,,,,,https://image.tmdb.org/t/p/w500/sdB3cCFd6g34obINRmVsUcPqvv5.jpg,https://image.tmdb.org/t/p/original/sdB3cCFd6g34obINRmVsUcPqvv5.jpg,"""The Boy Of The Fish"" follows Noon, a young boy living in a Syrian refugee camp, who finds solace and a sense of freedom in a whale-shaped doll he names ""Bahr."" Set against the challenging realities of camp life, Noon’s journey is both a story of resilience and a testament to the boundless imagination of childhood. Through vivid symbolism and a unique soundscape, the film explores themes of loss, hope, and the longing for freedom amidst confinement. Shot entirely on an iPhone due to restrictions in the conflict zone, the film combines raw authenticity with poetic depth to capture the emotional landscape of a young soul navigating adversity.",6,,0,fallback,,,0,,hidayah,,,,
,ماء العين,ماء العين,,2024,Drama,,,,,,https://image.tmdb.org/t/p/w500/hqHRWmT8hKiC2ua9F5r4qnWaMEI.jpg,https://image.tmdb.org/t/p/original/hqHRWmT8hKiC2ua9F5r4qnWaMEI.jpg,"Aicha, a Tunisian mother gifted with prophetic dreams, lives in the isolated north of Tunisia with her husband Brahim and young son Adam. The family lives in anguish after the departure of the eldest sons Mehdi and Amine to the violent embrace of war. Months later, Mehdi unexpectedly returns home with a pregnant wife in tow. Mehdi's arrival triggers old wounds and a darkness that threatens to consume the entire village.",7.4,,0,fallback,,,0,,hidayah,,,,
,مست عشق,مست عشق,,2024,Drama | History | Romance,,,,,,https://image.tmdb.org/t/p/w500/kFz3NdX7zJoBRlSOEGP2eRea0rD.jpg,https://image.tmdb.org/t/p/original/kFz3NdX7zJoBRlSOEGP2eRea0rD.jpg,"Story of Rumi, his friendship with Shams Tabrizi, the love he had for him and the great influence of Shams over him in his life, his poetry and his love for God.",7.8,,0,fallback,,,0,,gelisah,,,,
,172 Hari,172 Hari,,2023,Drama | Romance,,,,,,https://image.tmdb.org/t/p/w500/pbeSOr5ODJMHMzR4hbLXhnHNs1S.jpg,https://image.tmdb.org/t/p/original/pbeSOr5ODJMHMzR4hbLXhnHNs1S.jpg,A young woman with a troubled past turns to religion as she seeks purpose in life — and a chance at finding true love.,5.8,,0,fallback,,,0,,hidayah,,,,
,Allahyar and the 100 Flowers of God,Allahyar and the 100 Flowers of God,,2023,Action | Adventure | Animation | Fantasy | Science Fiction,,,,,,https://image.tmdb.org/t/p/w500/80J3O6Qpi7gs5eYr2PTwgsSGQdx.jpg,https://image.tmdb.org/t/p/original/80J3O6Qpi7gs5eYr2PTwgsSGQdx.jpg,"Investigating a rumor that ""iron ghosts"" are deforesting his local area, the ""Muhafiz"" (lit. ""Protector"") Allahyar embarks on an epic adventure with plenty of laughs and drama to be had along the way. Fun for the whole family. A Pakistani animated film from the Allahyar series.",8,,0,fallback,,,0,,gelisah,,,,
,Anwar: The Untold Story,Anwar: The Untold Story,,2023,Drama | History,,,,,,https://image.tmdb.org/t/p/w500/kyAVQG0KaINd2jhd7uTMpveIwU0.jpg,https://image.tmdb.org/t/p/original/kyAVQG0KaINd2jhd7uTMpveIwU0.jpg,"It follows the story of Anwar's fight against corruption while in government between the years of 1993 and 1998, which led to his eventual imprisonment and the birth of the reformasi movement.",5.5,,0,fallback,,,0,,hidayah,,,,
,Bihter,Bihter,,2023,Drama | Romance,,,,,,https://image.tmdb.org/t/p/w500/80LYrmrs3EcW0hj9aXAwglmXtJF.jpg,https://image.tmdb.org/t/p/original/80LYrmrs3EcW0hj9aXAwglmXtJF.jpg,"Bihter, who is desperate for love, sees Adnan, a wealthy and respected older guy, as a way out of the stereotype that society and her materialistic mother have given her. But she soon discovers that she is not satisfied with his attention and has other needs.",5.1,,0,fallback,,,0,,gelisah,,,,
726274,Irati,Irati,,2023,Drama | Adventure | Fantasy,,,,,,https://image.tmdb.org/t/p/w500/jVUpT8PIWU9mpUWQqEyYDqmFN2y.jpg,https://image.tmdb.org/t/p/original/jVUpT8PIWU9mpUWQqEyYDqmFN2y.jpg,"Western Pyrenees, year 778. When his land is threatened by the ruthless armies of the Frankish emperor, a Basque warlord asks for help from his ancestral gods.",6.6,,111,TMDB,2026-05-18,6.6,0.997,Released,marah,https://www.youtube.com/watch?v=08KfGzGS6fM,https://www.youtube.com/embed/08KfGzGS6fM,08KfGzGS6fM,Trailer
,La Luna,La Luna,,2023,Comedy | Drama | Romance,,,,,,https://image.tmdb.org/t/p/w500/8UvfeqDUvuRylh7De3Oje4dvpGA.jpg,https://image.tmdb.org/t/p/original/8UvfeqDUvuRylh7De3Oje4dvpGA.jpg,"The sleepy, religious and passionless town of Kampong Bras Basah has suddenly been awoken with the arrival of a lingerie shop called La Luna! But while the villagers  slowly begin to welcome the shop owner  with open arms, the iron-fisted religious  leader of the kampung is hell-bent on driving the shop out of town at all costs!",7.6,,0,fallback,,,0,,gelisah,,,,
866413,You People,You People,,2023,Romance | Comedy,,,,,,https://image.tmdb.org/t/p/w500/x5E4TndwASNkaK2hwgeYfsIVo2x.jpg,https://image.tmdb.org/t/p/original/x5E4TndwASNkaK2hwgeYfsIVo2x.jpg,"A new couple and their families reckon with modern love amid culture clashes, societal expectations and generational differences.",5.6,,777,TMDB,2026-05-18,5.6,2.32,Released,bahagia,https://www.youtube.com/watch?v=pCMHc-IFAB0,https://www.youtube.com/embed/pCMHc-IFAB0,pCMHc-IFAB0,Official Trailer
712128,Broken Keys,Broken Keys,,2022,Drama | War,,,,,,https://image.tmdb.org/t/p/w500/3om2wl4TlnrJKSONoH6bI50FQNo.jpg,https://image.tmdb.org/t/p/original/3om2wl4TlnrJKSONoH6bI50FQNo.jpg,"In a war-torn Middle Eastern city where music has been banned by Islamic extremists, Karim, a brilliant musician, struggles to rebuild his destroyed piano while trying to escape to Europe.",6.9,,11,TMDB,2026-05-18,6.9,0.429,Released,hidayah,https://www.youtube.com/watch?v=V0DCZbK7GDI,https://www.youtube.com/embed/V0DCZbK7GDI,V0DCZbK7GDI,Official Trailer [Subtitled]
809140,Father Stu,Father Stu,,2022,Drama,,,,,,https://image.tmdb.org/t/p/w500/pLAeWgqXbTeJ2gQtNvRmdIncYsk.jpg,https://image.tmdb.org/t/p/original/pLAeWgqXbTeJ2gQtNvRmdIncYsk.jpg,"The true-life story of boxer-turned-priest. When an injury ends his amateur boxing career, Stuart Long moves to Los Angeles to find money and fame. While scraping by as a supermarket clerk, he meets Carmen, a Sunday school teacher who seems immune to his bad-boy charm. Determined to win her over, the longtime agnostic starts going to church to impress her. However, a motorcycle accident leaves him wondering if he can use his second chance to help others, leading to the surprising realization that he's meant to be a Catholic priest.",7.1,,731,TMDB,2026-05-18,7.1,2.792,Released,gelisah,https://www.youtube.com/watch?v=DHREzAdyCPs,https://www.youtube.com/embed/DHREzAdyCPs,DHREzAdyCPs,Official Trailer
,Goodnight Soldier,Goodnight Soldier,,2022,Romance | Drama | Comedy,,,,,,https://image.tmdb.org/t/p/w500/spuCIeP0A7usya5I2VXVNMoYfwc.jpg,https://image.tmdb.org/t/p/original/spuCIeP0A7usya5I2VXVNMoYfwc.jpg,"Ziné and Avdal are madly in love in spite of their families’ ancestral feud. When both parties finally set aside their differences and agree to their children getting married, Avdal is injured at the front and his inability to perform sexually casts a shadow over the wedding night. As this revives the family tensions, the newlyweds start exploring new forms of pleasure. Will their love overcome decades of conflict and tradition?",4,,0,fallback,,,0,,gelisah,,,,
788977,La Conspiration du Caire,La Conspiration du Caire,,2022,Thriller,,,,,,https://image.tmdb.org/t/p/w500/zDRAA4UJWgQnSFxhJuefnwO74v5.jpg,https://image.tmdb.org/t/p/original/zDRAA4UJWgQnSFxhJuefnwO74v5.jpg,"A fisherman's son is offered the ultimate privilege to study at the Al-Azhar University in Cairo, the epicenter of power of Sunni Islam. Shortly after his arrival, the university’s highest ranking religious leader, the Grand Imam, dies and the young student becomes a pawn in a ruthless power struggle between Egypt's religious and political elite.",6.8,,286,TMDB,2026-05-18,6.8,1.262,Released,hidayah,https://www.youtube.com/watch?v=EG8C70oQYd0,https://www.youtube.com/embed/EG8C70oQYd0,EG8C70oQYd0,Official UK Trailer
,Love Life Ka Law,Love Life Ka Law,,2022,Comedy | Drama,,,,,,https://image.tmdb.org/t/p/w500/lKZznucRQdUTHrC8oltMWKrVb5a.jpg,https://image.tmdb.org/t/p/original/lKZznucRQdUTHrC8oltMWKrVb5a.jpg,"Love Life Ka Law narrates a fun yet heartwarming story of Asad (Asad Siddiqui) and Maya (Zara Noor Abbas) who come together after sharing a strained relationship due to past misunderstandings and disagreements. Written by Hassan Imam and directed by Ali Faizan, Love Life Ka Law is a Pakistani film that is bound to take you on a rollercoaster ride of fun, drama and bittersweet romance.",8,,0,fallback,,,0,,hidayah,,,,
823951,November,November,,2022,Crime | Drama | Thriller,,,,,,https://image.tmdb.org/t/p/w500/A5wae5M81jLTuv3WbCJfORxapRA.jpg,https://image.tmdb.org/t/p/original/A5wae5M81jLTuv3WbCJfORxapRA.jpg,"In November 2015, a series of unprecedented and deadly attacks hits Paris. The anti-terrorist police led by Heloise and her chief commander Fred face an unprecedented level of pressure. In a race against the clock, they must find the perpetrators of the attacks as quickly as possible before they can strike again, travelling across Europe and beyond in one of the biggest manhunts in history.",7,,880,TMDB,2026-05-18,7,1.691,Released,hidayah,https://www.youtube.com/watch?v=t8CHwgz4sY4,https://www.youtube.com/embed/t8CHwgz4sY4,t8CHwgz4sY4,Official Trailer
,Ogun Óla: War is Coming,Ogun Óla: War is Coming,,2022,Drama | Action | Fantasy,,,,,,https://image.tmdb.org/t/p/w500/4OyFOr95xrcNKa57f8lTxtT6O7C.jpg,https://image.tmdb.org/t/p/original/4OyFOr95xrcNKa57f8lTxtT6O7C.jpg,"Follow Óla, a teenager who suddenly discovers that he is the reincarnation of a demigod, as he now needs to face his recently found destiny.",6,,0,fallback,,,0,,gelisah,,,,
,The Man of God,The Man of God,,2022,Drama,,,,,,https://image.tmdb.org/t/p/w500/icx3Cu6ktIXgr5o2WOeekEFRCdM.jpg,https://image.tmdb.org/t/p/original/icx3Cu6ktIXgr5o2WOeekEFRCdM.jpg,Samuel forsakes his harsh religious upbringing to live his own life — but his soul remains caught between the world and the faith he left behind.,5.8,,0,fallback,,,0,,gelisah,,,,
,هناس,هناس,,2022,Drama | Family,,,,,,https://image.tmdb.org/t/p/w500/aRePS8klJ3Dx3LmdQIlq8LaPNGX.jpg,https://image.tmdb.org/t/p/original/aRePS8klJ3Dx3LmdQIlq8LaPNGX.jpg,"The film Henas is made in the genre of biography and it is the story of a woman's romantic efforts to get her life out of anxiety and turmoil. The story of this movie revolves around Dariush Rezainejad, an Iranian nuclear scientist who was assassinated by Israel",4.5,,0,fallback,,,0,,hidayah,,,,
,پردے میں رہنے دو,پردے میں رہنے دو,,2022,Comedy | Drama,,,,,,https://image.tmdb.org/t/p/w500/wo0ToVKwypxHr6yKmEEJItfzTuJ.jpg,https://image.tmdb.org/t/p/original/wo0ToVKwypxHr6yKmEEJItfzTuJ.jpg,"When Kashan and Nazish cannot give the 'good news' of a baby to father Ranaji even after 3 years of their marriage, all hell breaks loose and the couple's relationship is put to the test.",,,0,,,,0,,gelisah,,,,
806417,121: Overcoming Drug Addiction by Faith,121: Overcoming Drug Addiction by Faith,,2021,Documentary,,,,,,https://image.tmdb.org/t/p/w500/PGDfeiZnbsdOEntfRGfqVUub2l.jpg,https://image.tmdb.org/t/p/original/PGDfeiZnbsdOEntfRGfqVUub2l.jpg,"At the age of 20, Burton Barr Jr. was held down by a group of friends while they injected heroin into his veins, which started his 22-year drug addiction. At the height of his addiction and during his darkest hour, his father came to him. He didn't start preaching at Barr, telling him that he needed to quit. He didn't talk about the hurt and the pain that Barr was causing his family. He didn't even tell Barr about the damage that he was doing to himself. He just opened the Bible to a certain scripture, gave it to Barr and told him to read that scripture every morning before he left home. The scripture was Psalms 121. 121 details how Burton Barr Jr. overcame his addiction to heroin, cocaine, crack, alcohol, cigarettes and sex by learning to harness the power and live out the words of the 121st Psalm.",,,0,,2026-05-18,,0.057,Released,gelisah,,,,
714011,After Love,After Love,,2021,Drama,,,,,,https://image.tmdb.org/t/p/w500/mXaNg69iWEs0Qsj4AJxcvCXuWKw.jpg,https://image.tmdb.org/t/p/original/mXaNg69iWEs0Qsj4AJxcvCXuWKw.jpg,"Set in the port town of Dover in the South-East of England, Mary Hussain suddenly finds herself a widow following the unexpected death of her husband. A day after the burial, she discovers he has a secret just twenty-one miles across the English Channel in Calais.",7.1,,152,TMDB,2026-05-18,7.1,0.638,Released,sedih,https://www.youtube.com/watch?v=wUVHzMgbW4I,https://www.youtube.com/embed/wUVHzMgbW4I,wUVHzMgbW4I,Official Trailer
,Amina,Amina,,2021,War | History | Drama,,,,,,https://image.tmdb.org/t/p/w500/hMIQiwLpBfTfe3ZbRlNx4225Mgg.jpg,https://image.tmdb.org/t/p/original/hMIQiwLpBfTfe3ZbRlNx4225Mgg.jpg,"In 16th-century Zazzau, now Zaria, Nigeria, Amina must utilize her military skills and tactics to defend her family's kingdom. Based on a true story.",6.4,,0,fallback,,,0,,hidayah,,,,
861604,Blood Brothers: Malcolm X & Muhammad Ali,Blood Brothers: Malcolm X & Muhammad Ali,,2021,Documentary | History,,,,,,https://image.tmdb.org/t/p/w500/kdOXdPIgbbCHXb51tWJZ0r8kZfe.jpg,https://image.tmdb.org/t/p/original/kdOXdPIgbbCHXb51tWJZ0r8kZfe.jpg,"From a chance meeting to a tragic fallout, Malcolm X and Muhammad Ali's extraordinary bond cracks under the weight of distrust and shifting ideals.",7.3,,33,TMDB,2026-05-18,7.3,0.498,Released,gelisah,https://www.youtube.com/watch?v=gvOAuxFCGeU,https://www.youtube.com/embed/gvOAuxFCGeU,gvOAuxFCGeU,Official Trailer
671295,Blue Miracle,Blue Miracle,,2021,Adventure | Drama | Family,,,,,,https://image.tmdb.org/t/p/w500/wlDSL8Rn4eQCzDPy1pPRkCh8H32.jpg,https://image.tmdb.org/t/p/original/wlDSL8Rn4eQCzDPy1pPRkCh8H32.jpg,"To save their cash-strapped orphanage, a guardian and his kids partner with a washed-up boat captain for a chance to win a lucrative fishing competition.",7.3,,301,TMDB,2026-05-18,7.3,1.092,Released,gelisah,https://www.youtube.com/watch?v=pXHCBnT3d4k,https://www.youtube.com/embed/pXHCBnT3d4k,pXHCBnT3d4k,Blue Miracle | Official Trailer | Netflix
524434,Eternals,Eternals,,2021,Science Fiction | Action | Adventure,,,,,,https://image.tmdb.org/t/p/w500/lFByFSLV5WDJEv3KabbdAF959F2.jpg,https://image.tmdb.org/t/p/original/lFByFSLV5WDJEv3KabbdAF959F2.jpg,"The Eternals are a team of ancient aliens who have been living on Earth in secret for thousands of years. When an unexpected tragedy forces them out of the shadows, they are forced to reunite against mankind’s most ancient enemy, the Deviants.",6.8,,9110,TMDB,2026-05-18,6.8,9.768,Released,sedih,https://www.youtube.com/watch?v=0WVDKZJkGlY,https://www.youtube.com/embed/0WVDKZJkGlY,0WVDKZJkGlY,Official Teaser
624899,Everybody's Talking About Jamie,Everybody's Talking About Jamie,,2021,Drama | Comedy,,,,,,https://image.tmdb.org/t/p/w500/wsCHo64bJ8lMhKv8LtOKEn1kjsH.jpg,https://image.tmdb.org/t/p/original/wsCHo64bJ8lMhKv8LtOKEn1kjsH.jpg,"Jamie New is 16 and doesn’t quite fit in—instead of pursuing a ""real"" career he dreams of becoming a drag queen. Uncertain about his future, Jamie knows one thing for sure: he is going to be a sensation. Supported by his loving mom and his amazing friends, Jamie overcomes prejudice, beats the bullies and steps out of the darkness, into the spotlight.",6.2,,146,TMDB,2026-05-18,6.2,1.042,Released,bahagia,https://www.youtube.com/watch?v=AXhpTZeG4eg,https://www.youtube.com/embed/AXhpTZeG4eg,AXhpTZeG4eg,Official Trailer
,Ido,Ido,,2021,Drama,,,,,,https://image.tmdb.org/t/p/w500/c1bcvOOpIgNekFuvbpNBxQ5xjyU.jpg,https://image.tmdb.org/t/p/original/c1bcvOOpIgNekFuvbpNBxQ5xjyU.jpg,"A Yezidian teenager who lives in refugee’s camp, helps his family by selling sheep milk, but when his main Yezidian costumer is no longer in service, he has to sell it to Muslims, who are not interested!",8,,0,fallback,,,0,,gelisah,,,,
,Jodi Kintu Tobuo,Jodi Kintu Tobuo,,2021,Romance | Comedy | Family,,,,,,https://image.tmdb.org/t/p/w500/tAuP8yq4rAPAQjHFa8AqpVSB5pQ.jpg,https://image.tmdb.org/t/p/original/tAuP8yq4rAPAQjHFa8AqpVSB5pQ.jpg,"In this ZEE5 Original, lovers Abir and Preety manage to convince Preety's father for their marriage after several attempts. But what happens when Abir does not turn up on the wedding day?",10,,0,fallback,,,0,,gelisah,,,,
,Liborio,Liborio,,2021,Drama,,,,,,https://image.tmdb.org/t/p/w500/3wNIveqeHvKvqn7sUrbG9JCzI4J.jpg,https://image.tmdb.org/t/p/original/3wNIveqeHvKvqn7sUrbG9JCzI4J.jpg,"Liborio is a peasant who disappears in a hurricane and returns as a prophet. He says he’s been given a mission: to bring the good and take away the evil, curing the sick and teaching by example. People begin to congregate by his side and they move to the mountains to have total freedom and develop his dream of an independent community. Everything changes when the invading US Marines wants to disarm and disband the community. Liborio wants to avoid a confrontation but they know they can't run forever.",5.5,,0,fallback,,,0,,gelisah,,,,
615643,Minari,Minari,,2021,Drama,,,,,,https://image.tmdb.org/t/p/w500/6mPNdmjdbVKPITv3LLCmQoKs9Zw.jpg,https://image.tmdb.org/t/p/original/6mPNdmjdbVKPITv3LLCmQoKs9Zw.jpg,"A Korean American family moves to an Arkansas farm in search of its own American dream. Amidst the challenges of this new life in the strange and rugged Ozarks, they discover the undeniable resilience of family and what really makes a home.",7.3,,1842,TMDB,2026-05-18,7.3,3.992,Released,gelisah,https://www.youtube.com/watch?v=KQ0gFidlro8,https://www.youtube.com/embed/KQ0gFidlro8,KQ0gFidlro8,Official Trailer
643532,The Card Counter,The Card Counter,,2021,Drama | Thriller | Crime,,,,,,https://image.tmdb.org/t/p/w500/y5DNLVg0gPiGSkuK4yFc4fjQ42Q.jpg,https://image.tmdb.org/t/p/original/y5DNLVg0gPiGSkuK4yFc4fjQ42Q.jpg,"William Tell just wants to play cards. His spartan existence on the casino trail is shattered when he is approached by Cirk, a vulnerable and angry young man seeking help to execute his plan for revenge on a military colonel. Tell sees a chance at redemption through his relationship with Cirk. But keeping Cirk on the straight-and-narrow proves impossible, dragging Tell back into the darkness of his past.",6.1,,1084,TMDB,2026-05-18,6.1,2.126,Released,gelisah,https://www.youtube.com/watch?v=7RvVT1cDiNc,https://www.youtube.com/embed/7RvVT1cDiNc,7RvVT1cDiNc,Official Trailer
,Yuni,Yuni,,2021,Drama,,,,,,https://image.tmdb.org/t/p/w500/2NY6jrjneH6qgGCVPdcqcH9NpyN.jpg,https://image.tmdb.org/t/p/original/2NY6jrjneH6qgGCVPdcqcH9NpyN.jpg,"In her last year of secondary school, a bright Indonesian student is determined to pursue her education and resist getting married, despite the expectations of her community.",6.8,,0,fallback,,,0,,gelisah,,,,
,الثلاثاء 12,الثلاثاء 12,,2021,Drama,,,,,,https://image.tmdb.org/t/p/w500/1PLoLobN7fD9pWdS0zXEuS2v7GV.jpg,https://image.tmdb.org/t/p/original/1PLoLobN7fD9pWdS0zXEuS2v7GV.jpg,"The story of three families; the first family consists of a surgeon separated from his psychiatrist wife and lives with his daughter, Salma. The second consists of a man imprisoned for manslaughter while driving a car and leaves prison with extreme religious ideas that he inflicts on his daughter, Amal. The third consists of a husband whose wife has passed away in an accident, leaving him and his daughter, Nour",10,,0,fallback,,,0,,gelisah,,,,
,النهاردة يوم جميل,النهاردة يوم جميل,,2021,Drama,,,,,,https://image.tmdb.org/t/p/w500/frARhAF3FHUWMziJes19wHUyYht.jpg,https://image.tmdb.org/t/p/original/frARhAF3FHUWMziJes19wHUyYht.jpg,"The work deals with a set of interlocking stories about the relationship of men and women, and raises many issues such as the lack of understanding between husbands, marital rape and its impact, as well as the delay in the age of marriage.",10,,0,fallback,,,0,,gelisah,,,,
633775,เอหิปัสสิโก,เอหิปัสสิโก,,2021,Documentary,,,,,,https://image.tmdb.org/t/p/w500/8ghhDSCQyiYLJG5m6viSU1cgmIb.jpg,https://image.tmdb.org/t/p/original/8ghhDSCQyiYLJG5m6viSU1cgmIb.jpg,"The controversial Thai Buddhist temple ""Dhammakaya"" is in crisis as its abbot was charged with money-laundering and receiving stolen property. The film reflects the clash between politics and faith in modern Thai society.",7.3,,3,TMDB,2026-05-18,7.3,0.257,Released,gelisah,https://www.youtube.com/watch?v=lgC9TQrK3Wg,https://www.youtube.com/embed/lgC9TQrK3Wg,lgC9TQrK3Wg,COME AND SEE เอหิปัสสิโก [Official Trailer]
669742,Abbi fede,Abbi fede,,2020,Comedy,,,,,,https://image.tmdb.org/t/p/w500/oX0cwiTV9EDPdvEfdhjLRwRhq3g.jpg,https://image.tmdb.org/t/p/original/oX0cwiTV9EDPdvEfdhjLRwRhq3g.jpg,"A remake of the 2005 film ""Adam's Aebler."" The criminal Adamos, serving his prison sentence in a social rehabilitation community, encounters the blind devotion of Father Ivan. A black comedy with confident sarcasm, cynicism, and irony.",5.6,,13,TMDB,2026-05-18,5.6,0.24,Released,bahagia,,,,
680880,Breaking Fast,Breaking Fast,,2020,Comedy | Drama | Romance,,,,,,https://image.tmdb.org/t/p/w500/4RoiHMzCeWXqL0kvM1UP6UxU9nb.jpg,https://image.tmdb.org/t/p/original/4RoiHMzCeWXqL0kvM1UP6UxU9nb.jpg,"Mo, a practicing Muslim living in West Hollywood, is learning to navigate life post heartbreak. Enter Kal, an All-American guy who surprises Mo by offering to break fast with him during the holy month of Ramadan.",6.5,,46,TMDB,2026-05-18,6.5,0.478,Released,hidayah,https://www.youtube.com/watch?v=qCtpAPF75Nk,https://www.youtube.com/embed/qCtpAPF75Nk,qCtpAPF75Nk,Breaking Fast | Official Trailer (HD) | Vertical Entertainment
616982,Faith Based,Faith Based,,2020,Comedy,,,,,,https://image.tmdb.org/t/p/w500/2EobXh41lnhIo9RPoH3Sf2exxu2.jpg,https://image.tmdb.org/t/p/original/2EobXh41lnhIo9RPoH3Sf2exxu2.jpg,"When two idiot friends realize all ""faith based"" films make buckets of cash, they set out on a mission to make one of their own.",4.5,,14,TMDB,2026-05-18,4.5,0.531,Released,bahagia,https://www.youtube.com/watch?v=OK2yBVQFCIw,https://www.youtube.com/embed/OK2yBVQFCIw,OK2yBVQFCIw,FAITH BASED | Official Trailer (HD)
669396,Fearless Faith,Fearless Faith,,2020,Drama,,,,,,https://image.tmdb.org/t/p/w500/2vphj5zevRBs0o4iXS5iSGR6Vjf.jpg,https://image.tmdb.org/t/p/original/2vphj5zevRBs0o4iXS5iSGR6Vjf.jpg,The life of a respected sheriff's deputy spirals out of control as he questions God's will after witnessing his partner gunned down by an unknown assailant... then is confronted by a staggering truth delivered by a round little bald man. Can faith carry him through?,8.3,,7,TMDB,2026-05-18,8.3,0.373,Released,sedih,https://www.youtube.com/watch?v=I5yBwHfgLQA,https://www.youtube.com/embed/I5yBwHfgLQA,I5yBwHfgLQA,Fearless Faith (2020) Trailer
,Glitch,Glitch,,2020,Drama | Science Fiction,,,,,,https://image.tmdb.org/t/p/w500/tX30BLoWJqatD434EjqyQ1vWY9e.jpg,https://image.tmdb.org/t/p/original/tX30BLoWJqatD434EjqyQ1vWY9e.jpg,"Nabil's life changes as an engineering company invades his house, claiming to build the house of the future as a solution to the pollution/trash crisis, infusing weird technology into his old traditional house.",,,0,,,,0,,gelisah,,,,
516486,Greyhound,Greyhound,,2020,War | Action | Drama,,,,,,https://image.tmdb.org/t/p/w500/kjMbDciooTbJPofVXgAoFjfX8Of.jpg,https://image.tmdb.org/t/p/original/kjMbDciooTbJPofVXgAoFjfX8Of.jpg,"A first-time captain leads a convoy of allied ships carrying thousands of soldiers across the treacherous waters of the ""Black Pit"" to the front lines of WWII. With no air cover protection for 5 days, the captain and his convoy must battle the surrounding enemy Nazi U-boats in order to give the allies a chance to win the war.",7.4,,3296,TMDB,2026-05-18,7.4,8.873,Released,marah,https://www.youtube.com/watch?v=eyzxu26-Wqk,https://www.youtube.com/embed/eyzxu26-Wqk,eyzxu26-Wqk,Official Trailer
582885,Mignonnes,Mignonnes,,2020,Drama,,,,,,https://image.tmdb.org/t/p/w500/ow3OA6OC0rjgbMVaLn2drwjvqZE.jpg,https://image.tmdb.org/t/p/original/ow3OA6OC0rjgbMVaLn2drwjvqZE.jpg,"Amy, an 11-year-old girl, joins a group of dancers named “the cuties” at school, and rapidly grows aware of her burgeoning femininity—upsetting her mother and her values in the process.",5.2,,464,TMDB,2026-05-18,5.2,1.662,Released,marah,https://www.youtube.com/watch?v=M0O7lLe4SmA,https://www.youtube.com/embed/M0O7lLe4SmA,M0O7lLe4SmA,Cuties | Official Trailer | Netflix
661914,One Night in Miami...,One Night in Miami...,,2020,Drama,,,,,,https://image.tmdb.org/t/p/w500/1DLUb9PTDqXMSgsD7RmiJs7ZJIx.jpg,https://image.tmdb.org/t/p/original/1DLUb9PTDqXMSgsD7RmiJs7ZJIx.jpg,"In the aftermath of Cassius Clay's defeat of Sonny Liston in 1964, the boxer meets with Malcolm X, Sam Cooke and Jim Brown to change the course of history in the segregated South.",7,,697,TMDB,2026-05-18,7,1.646,Released,hidayah,https://www.youtube.com/watch?v=K8vf_Cmh9nY,https://www.youtube.com/embed/K8vf_Cmh9nY,K8vf_Cmh9nY,Official Trailer 2
508442,Soul,Soul,,2020,Animation | Family | Drama | Music | Fantasy,,,,,,https://image.tmdb.org/t/p/w500/6jmppcaubzLF8wkXM36ganVISCo.jpg,https://image.tmdb.org/t/p/original/6jmppcaubzLF8wkXM36ganVISCo.jpg,"Joe Gardner is a middle school teacher with a love for jazz music. After a successful audition at the Half Note Club, he suddenly gets into an accident that separates his soul from his body and is transported to the You Seminar, a center in which souls develop and gain passions before being transported to a newborn child. Joe must enlist help from the other souls-in-training, like 22, a soul who has spent eons in the You Seminar, in order to get back to Earth.",8.1,,11387,TMDB,2026-05-18,8.1,14.649,Released,sedih,https://www.youtube.com/watch?v=4TojlZYqPUo,https://www.youtube.com/embed/4TojlZYqPUo,4TojlZYqPUo,Official Teaser Trailer
502033,Sound of Metal,Sound of Metal,,2020,Drama | Music,,,,,,https://image.tmdb.org/t/p/w500/3178oOJKKPDeQ2legWQvMPpllv.jpg,https://image.tmdb.org/t/p/original/3178oOJKKPDeQ2legWQvMPpllv.jpg,"Metal drummer Ruben begins to lose his hearing. When a doctor tells him his condition will worsen, he thinks his career and life is over. His girlfriend Lou checks the former addict into a rehab for the deaf hoping it will prevent a relapse and help him adapt to his new life. After being welcomed and accepted just as he is, Ruben must choose between his new normal and the life he once knew.",7.7,,2833,TMDB,2026-05-18,7.7,2.97,Released,rindu,https://www.youtube.com/watch?v=VFOrGkAvjAE,https://www.youtube.com/embed/VFOrGkAvjAE,VFOrGkAvjAE,Official Trailer
547016,The Old Guard,The Old Guard,,2020,Action | Fantasy,,,,,,https://image.tmdb.org/t/p/w500/cjr4NWURcVN3gW5FlHeabgBHLrY.jpg,https://image.tmdb.org/t/p/original/cjr4NWURcVN3gW5FlHeabgBHLrY.jpg,Four undying warriors who've secretly protected humanity for centuries become targeted for their mysterious powers just as they discover a new immortal.,7.1,,4800,TMDB,2026-05-18,7.1,5.975,Released,marah,https://www.youtube.com/watch?v=aK-X2d0lJ_s,https://www.youtube.com/embed/aK-X2d0lJ_s,aK-X2d0lJ_s,Official Trailer
582897,Un divan à Tunis,Un divan à Tunis,,2020,Comedy | Drama,,,,,,https://image.tmdb.org/t/p/w500/c8UoHYXLRClZcesFIdBGx22lH0X.jpg,https://image.tmdb.org/t/p/original/c8UoHYXLRClZcesFIdBGx22lH0X.jpg,"Selma, a psychoanalyst, deals with a cast of colorful new patients after returning home to Tunisia to open a practice.",6.1,,245,TMDB,2026-05-18,6.1,0.559,Released,bahagia,https://www.youtube.com/watch?v=DF9CJzh2d8o,https://www.youtube.com/embed/DF9CJzh2d8o,DF9CJzh2d8o,ARAB BLUES clip | BFI London Film Festival 2019
634544,Uncle Frank,Uncle Frank,,2020,Drama | TV Movie,,,,,,https://image.tmdb.org/t/p/w500/u3yozs3oGY0ubwf4cKQKOMWqNx3.jpg,https://image.tmdb.org/t/p/original/u3yozs3oGY0ubwf4cKQKOMWqNx3.jpg,"In 1973, when Frank Bledsoe and his 18-year-old niece Beth take a road trip from Manhattan to Creekville, South Carolina for the family patriarch's funeral, they're unexpectedly joined by Frank's lover Walid.",7.3,,437,TMDB,2026-05-18,7.3,1.758,Released,hidayah,https://www.youtube.com/watch?v=QsNgR-dguhQ,https://www.youtube.com/embed/QsNgR-dguhQ,QsNgR-dguhQ,Uncle Frank – Official Trailer | Prime Video
653579,Welcome to Chechnya,Welcome to Chechnya,,2020,Documentary,,,,,,https://image.tmdb.org/t/p/w500/wR1b8w3fFPQR5wpbkekviLmo4wW.jpg,https://image.tmdb.org/t/p/original/wR1b8w3fFPQR5wpbkekviLmo4wW.jpg,This searing investigative work shadows a group of activists risking unimaginable peril to confront the ongoing anti-LGBTQ program raging in the repressive and closed Russian republic. Unfettered access and a remarkable approach to protecting anonymity exposes this under-reported atrocity–and an extraordinary group of people confronting evil.,6.8,,50,TMDB,2026-05-18,6.8,0.893,Released,gelisah,https://www.youtube.com/watch?v=WtJkS-oFw3A,https://www.youtube.com/embed/WtJkS-oFw3A,WtJkS-oFw3A,Welcome To Chechnya (2020): Official Trailer
,Zindagi Tamasha,Zindagi Tamasha,,2020,Drama,,,,,,https://image.tmdb.org/t/p/w500/in9zaAGE9aIw0DKtagJvsfqkknl.jpg,https://image.tmdb.org/t/p/original/in9zaAGE9aIw0DKtagJvsfqkknl.jpg,"A devout Muslim who writes, composes, and even records hymns praising the Prophet, Muhammad Rahat Khawaja is a respected elderly man who works in real estate and takes care of his bedridden wife. One day, he attends the wedding of a friend's son, where he inadvertently shows off a dance in front of his friends and family. His dance gets recorded and then uploaded to all social media platforms, which then also gets broadcasted on television. And chaos begins to ensue in his quiet life. Other than his wife, no one else in the world understands Rahat's circumstances. His daughters and neighbors criticize him, his friends turn their backs on him",8.1,,0,fallback,,,0,,gelisah,,,,
,شیطان وجود ندارد,شیطان وجود ندارد,,2020,Drama,,,,,,https://image.tmdb.org/t/p/w500/AmMUP11ZWRqR08DmyigNmbG8Sit.jpg,https://image.tmdb.org/t/p/original/AmMUP11ZWRqR08DmyigNmbG8Sit.jpg,"Set against the backdrop of Iran's strict and oppressive legal system, this anthology film tells the stories of four men who each face a moral crisis when having to deal with death penalties.",7.5,,0,fallback,,,0,,sedih,,,,
,عنکبوت,عنکبوت,,2020,Drama,,,,,,https://image.tmdb.org/t/p/w500/2OP1m2KzSfAphoY40jibmn3SjZD.jpg,https://image.tmdb.org/t/p/original/2OP1m2KzSfAphoY40jibmn3SjZD.jpg,"Saeed is a forty-year-old mason, severe and fanatical in his religious beliefs. One day his wife is accosted by a driver who assumes she is a prostitute. Seething with rage, Saeed seeks revenge. In so doing he gets into various bruising encounters, and each time comes out the worse. He then goes on to see women, and especially prostitutes, as the root of all evil and decides to rid society of sin by eliminating whores. The prostitutes he eliminates are, however, merely destitute women forced to sell their bodies in order to feed their children.",5.2,,0,fallback,,,0,,gelisah,,,,
,চিনি,চিনি,,2020,Family | Drama,,,,,,https://image.tmdb.org/t/p/w500/mO6PLFRYKHEwbrsvVrn1wLdJMdt.jpg,https://image.tmdb.org/t/p/original/mO6PLFRYKHEwbrsvVrn1wLdJMdt.jpg,"Cheeni, a working girl, has to suddenly take care of her mother whose lifestyle turned bizarrely eccentric post-widowhood. Putting her hectic city-life on pause, Cheeni moves back with her mother who is suffering from brain cancer in their orthodox Manicktallah neighbourhood in Kolkata where chaotic fireworks ensue as the traditionalist housewife and her rebel millennial daughter battle amidst surprising revelations and family secrets.",7,,0,fallback,,,0,,hidayah,,,,
553821,第一次的离别,第一次的离别,,2020,Drama | Family,,,,,,https://image.tmdb.org/t/p/w500/A7eWMNl6A9jtGTyK0SpFgjfEcqF.jpg,https://image.tmdb.org/t/p/original/A7eWMNl6A9jtGTyK0SpFgjfEcqF.jpg,"When Isa is not at school or working on his parents' farmyard, he spends carefree days with his friends - until the outside world starts forcing him to say one goodbye after another.",6,,2,TMDB,2026-05-18,6,0.456,Released,gelisah,https://www.youtube.com/watch?v=S1VQPqEMJNQ,https://www.youtube.com/embed/S1VQPqEMJNQ,S1VQPqEMJNQ,『はじめての別れ』予告編｜ A First Farewell - Trailer  HD
403300,A Hidden Life,A Hidden Life,,2019,History | Drama | War,,,,,,https://image.tmdb.org/t/p/w500/rdG4jfH0rxkB2FgkYmjj9V4Q31M.jpg,https://image.tmdb.org/t/p/original/rdG4jfH0rxkB2FgkYmjj9V4Q31M.jpg,Austrian farmer Franz Jägerstätter faces the threat of execution for refusing to fight for the Nazis during World War II.,7.2,,780,TMDB,2026-05-18,7.2,2.092,Released,marah,https://www.youtube.com/watch?v=qJXmdY4lVR0,https://www.youtube.com/embed/qJXmdY4lVR0,qJXmdY4lVR0,A HIDDEN LIFE | Official Trailer [HD] | FOX Searchlight
623792,Audio Guide,Audio Guide,,2019,Science Fiction,,,,,,https://image.tmdb.org/t/p/w500/s9ZQ6uC2mYJOaZhk1enWMWTfywd.jpg,https://image.tmdb.org/t/p/original/s9ZQ6uC2mYJOaZhk1enWMWTfywd.jpg,A woman is told the secrets of the world through an art gallery issued audio guide.,5,,4,TMDB,2026-05-18,5,0.064,Released,gelisah,https://www.youtube.com/watch?v=imayDNwQquQ,https://www.youtube.com/embed/imayDNwQquQ,imayDNwQquQ,"Horror Short Film ""Audio Guide"" | ALTER"
514439,Breakthrough,Breakthrough,,2019,Drama,,,,,,https://image.tmdb.org/t/p/w500/lUd2FNC8cMCcHyRMNZtVC48p3xH.jpg,https://image.tmdb.org/t/p/original/lUd2FNC8cMCcHyRMNZtVC48p3xH.jpg,"Tragedy strikes when a woman named Joyce's son falls through the ice on a frozen lake and is trapped underwater for over 15 minutes. After being rushed to the hospital, the 14-year-old boy continues to fight for his life as Joyce, her husband and their pastor stay by his bedside and pray for a miracle.",7.6,,1142,TMDB,2026-05-18,7.6,3.373,Released,marah,https://www.youtube.com/watch?v=go1jaIRQc-o,https://www.youtube.com/embed/go1jaIRQc-o,go1jaIRQc-o,Breakthrough | Official Trailer [HD] | 20th Century FOX
,Dilan 1991,Dilan 1991,,2019,Drama | Romance,,,,,,https://image.tmdb.org/t/p/w500/jvhtHrO4g767iInsfLm9USy47mH.jpg,https://image.tmdb.org/t/p/original/jvhtHrO4g767iInsfLm9USy47mH.jpg,"Dilan's involvement in the motorbike gang imperils his relationship with Milea, whose distant relative returns from Belgium.",7,,0,fallback,,,0,,gelisah,,,,
666681,Faith,Faith,,2019,Documentary,,,,,,https://image.tmdb.org/t/p/w500/2QOQLN3b0HApK1fW1mefGZsk7R4.jpg,https://image.tmdb.org/t/p/original/2QOQLN3b0HApK1fW1mefGZsk7R4.jpg,"A community of monks lives isolated from the world, practicing martial arts and following the master’s strict rules. This film investigates their harsh life and the flow of Time in unique closed environment, to approach deep motivations of a radical choice, and the reasons that pushed the monks away from their affections.",6,,3,TMDB,2026-05-18,6,0.061,Released,gelisah,https://www.youtube.com/watch?v=0BFGUt2S1s4,https://www.youtube.com/embed/0BFGUt2S1s4,0BFGUt2S1s4,Faith Trailer | CPH:DOX 2020
581998,"Faith, Hope & Love","Faith, Hope & Love",,2019,Comedy | Romance,,,,,,https://image.tmdb.org/t/p/w500/d2hkZoeL9urftGeF8dN1RBafZsN.jpg,https://image.tmdb.org/t/p/original/d2hkZoeL9urftGeF8dN1RBafZsN.jpg,"Faith, a recent divorcee, enters a dance contest to save her dance studio, where she meets Jimmy and starts rediscovering her faith and dreams.",7.5,,33,TMDB,2026-05-18,7.5,0.735,Released,bahagia,https://www.youtube.com/watch?v=CbiVRYDCKDU,https://www.youtube.com/embed/CbiVRYDCKDU,CbiVRYDCKDU,"Faith, Hope & Love Trailer"
450465,Glass,Glass,,2019,Thriller | Drama | Science Fiction,,,,,,https://image.tmdb.org/t/p/w500/svIDTNUoajS8dLEo7EosxvyAsgJ.jpg,https://image.tmdb.org/t/p/original/svIDTNUoajS8dLEo7EosxvyAsgJ.jpg,"In a series of escalating encounters, former security guard David Dunn uses his supernatural abilities to track Kevin Wendell Crumb, a disturbed man who has twenty-four personalities. Meanwhile, the shadowy presence of Elijah Price emerges as an orchestrator who holds secrets critical to both men.",6.7,,9062,TMDB,2026-05-18,6.7,8.036,Released,gelisah,https://www.youtube.com/watch?v=Q7ztHi9ejp4,https://www.youtube.com/embed/Q7ztHi9ejp4,Q7ztHi9ejp4,Official Trailer #2
416144,Hotel Mumbai,Hotel Mumbai,,2019,Thriller | History | Drama | Action,,,,,,https://image.tmdb.org/t/p/w500/v32SC4HFZtlDRWXMaR2V2dWqAXJ.jpg,https://image.tmdb.org/t/p/original/v32SC4HFZtlDRWXMaR2V2dWqAXJ.jpg,"Mumbai, India, November 26, 2008. While several terrorists spread hatred and death through the city, others attack the Taj Mahal Palace Hotel. Both hotel staff and guests risk their lives, making unthinkable sacrifices to protect themselves and keep everyone safe while help arrives.",7.5,,1744,TMDB,2026-05-18,7.5,2.871,Released,hidayah,https://www.youtube.com/watch?v=F6szJsykTQw,https://www.youtube.com/embed/F6szJsykTQw,F6szJsykTQw,Trailer
649401,Infidel,Infidel,,2019,Action | Thriller,,,,,,https://image.tmdb.org/t/p/w500/vglivF7KG7YcojCsqWkkRwad0VE.jpg,https://image.tmdb.org/t/p/original/vglivF7KG7YcojCsqWkkRwad0VE.jpg,"An American is kidnapped while attending a conference in Cairo and ends up in prison in Iran on spying charges. His wife goes to Iran, determined to get him out.",5.6,,88,TMDB,2026-05-18,5.6,0.931,Released,gelisah,https://www.youtube.com/watch?v=vBac7GckXnA,https://www.youtube.com/embed/vBac7GckXnA,vBac7GckXnA,His Freedom will become her Mission.
575458,L'Adieu à la nuit,L'Adieu à la nuit,,2019,Drama,,,,,,https://image.tmdb.org/t/p/w500/p21M93EHlFc5oYidlDY8Kz9G0k6.jpg,https://image.tmdb.org/t/p/original/p21M93EHlFc5oYidlDY8Kz9G0k6.jpg,"Muriel is overjoyed, as her beloved grandson Alex is staying at her place for a few days before moving to Canada to work. But when the changes in his behavior arouse her curiosity, she is led to the discovery of a dark secret.",6.1,,67,TMDB,2026-05-18,6.1,0.331,Released,bahagia,https://www.youtube.com/watch?v=5Egmi7jE5VM,https://www.youtube.com/embed/5Egmi7jE5VM,5Egmi7jE5VM,Farewell to the Night / L'Adieu à la nuit (2019) Trailer
586863,Les Misérables,Les Misérables,,2019,Crime | Drama | Thriller,,,,,,https://image.tmdb.org/t/p/w500/2ZQV9rPFXF0iFfKbsAvVIweQ1yM.jpg,https://image.tmdb.org/t/p/original/2ZQV9rPFXF0iFfKbsAvVIweQ1yM.jpg,"Stéphane has recently joined the Anti-Crime Squad in Montfermeil, in the suburbs of Paris, France, where Victor Hugo set his famed novel “Les Miserables”. Alongside his new colleagues Chris and Gwada – both experienced members of the team – he quickly discovers tensions running high between local gangs. When the trio finds themselves overrun during the course of an arrest, a drone captures the encounter, threatening to expose the reality of everyday life.",7.6,,1603,TMDB,2026-05-18,7.6,1.851,Released,gelisah,https://www.youtube.com/watch?v=r1kVRhhoLCg,https://www.youtube.com/embed/r1kVRhhoLCg,r1kVRhhoLCg,LES MISÉRABLES (2019) | Official Trailer | Altitude Films
,Mucize 2: Aşk,Mucize 2: Aşk,,2019,Drama,,,,,,https://image.tmdb.org/t/p/w500/fNN8SewPcEgdwb315ucH8znzjWy.jpg,https://image.tmdb.org/t/p/original/fNN8SewPcEgdwb315ucH8znzjWy.jpg,"During the 1960s, a disabled man finds himself in an arranged marriage to the most beautiful girl in the village.",7,,0,fallback,,,0,,gelisah,,,,
,Susi Susanti: Love All,Susi Susanti: Love All,,2019,History | Drama,,,,,,https://image.tmdb.org/t/p/w500/gGHtUffCYyaGHF1g46sHqVlDGJT.jpg,https://image.tmdb.org/t/p/original/gGHtUffCYyaGHF1g46sHqVlDGJT.jpg,"Susi Susanti rises to become Indonesia’s beloved athlete. In time of turmoil, she showed her country & the world that heroism is measured by one’s sacrifice.",7.2,,0,fallback,,,0,,hidayah,,,,
,الاعتراف,الاعتراف,,2019,Drama,,,,,,https://image.tmdb.org/t/p/w500/6dB9urGBa10oz2VLjyZWOH7poGP.jpg,https://image.tmdb.org/t/p/original/6dB9urGBa10oz2VLjyZWOH7poGP.jpg,"The story follows Abu Jad who encounters the woman Nahla, who suffers from her husband's injustice after he joins the Muslim Brotherhood at the time, as she refuses to be a witness to the crimes he commits. Abu Jad clashes with him because of their different mindsets.",,,0,,,,0,,gelisah,,,,
,درب السما,درب السما,,2019,Drama,,,,,,https://image.tmdb.org/t/p/w500/34t4mPT9uzme22b51C8jMuF9Zzs.jpg,https://image.tmdb.org/t/p/original/34t4mPT9uzme22b51C8jMuF9Zzs.jpg,"After his marriage to Rama, Amgad becomes an outcast in his community. When he gets injured in a raid, the siege imposed on the region prevents him from getting the proper care, leaving him blind. With his wife as his only solace, Amgad and his wife decide to emigrate illegaly to seek treatment.",,,0,,,,0,,gelisah,,,,
,شارع حيفا,شارع حيفا,,2019,Drama | Romance | War,,,,,,https://image.tmdb.org/t/p/w500/zSQjxZlP4zcW9Rb6oOpAW4M0OPp.jpg,https://image.tmdb.org/t/p/original/zSQjxZlP4zcW9Rb6oOpAW4M0OPp.jpg,"2006, Baghdad is ravaged by sectarian violence. Haifa Street is the epicenter of the conflict. Ahmed gets dropped off there by a taxi on his way to his beloved Suad's home to ask for her hand for marriage, he gets shot by Salam, a sniper who's living his own personal hell on a rooftop above.",7,,0,fallback,,,0,,hidayah,,,,
491625,गल्ली बॉय,गल्ली बॉय,,2019,Drama | Music,,,,,,https://image.tmdb.org/t/p/w500/4RE7TD5TqEXbPKyUHcn7CSeMlrJ.jpg,https://image.tmdb.org/t/p/original/4RE7TD5TqEXbPKyUHcn7CSeMlrJ.jpg,"Murad, an underdog, struggles to convey his views on social issues and life in Dharavi through rapping. His life changes drastically when he meets a local rapper, Shrikant alias MC Sher.",7.4,,210,TMDB,2026-05-18,7.4,1.136,Released,gelisah,https://www.youtube.com/watch?v=JfbxcD6biOk,https://www.youtube.com/embed/JfbxcD6biOk,JfbxcD6biOk,Gully Boy | Official Trailer | Ranveer Singh | Alia Bhatt | Zoya Akhtar |14th February
,সংগ্রাম,সংগ্রাম,,2019,Action | Drama | History | War,,,,,,https://image.tmdb.org/t/p/w500/l3I3gqBWbFoZkIYOV5dNLEsw3jl.jpg,https://image.tmdb.org/t/p/original/l3I3gqBWbFoZkIYOV5dNLEsw3jl.jpg,"Shongram (struggle) is a romantic drama set during the 1971 liberation struggle of Bangladesh.  A British Bengali on his death bed is interviewed by a daring London reporter, where four decades later, Karim is able to recall and finally share his past.  We are transported to 1971, when Bangladesh was still East Pakistan and a young Karim (a Muslim) is in love with a beautiful Asha (a Hindu).  The peaceful village life is suddenly interrupted by war and Karim must grow up fast to survive in an era where mass killings and abduction was common.  He must also carry out his duty and revenge before he can finally search for Asha.",,,0,,,,0,,hidayah,,,,
,Ahlat Ağacı,Ahlat Ağacı,,2018,Drama,,,,,,https://image.tmdb.org/t/p/w500/s7kGE1MChkHD5VX8sv7SOGabGMZ.jpg,https://image.tmdb.org/t/p/original/s7kGE1MChkHD5VX8sv7SOGabGMZ.jpg,"Fresh out of university, a Turkish young man with literary aspirations returns to his home village and starts scraping together money to publish his book. While trying to reconnect with his old friends and environment; his uncertainty, existential struggle and his father’s gambling addiction bring him grave difficulties.",7.5,,0,fallback,,,0,,gelisah,,,,
424121,Apostle,Apostle,,2018,Horror | Mystery,,,,,,https://image.tmdb.org/t/p/w500/rd269f2Yftxxam3EOJPYVwrvjIJ.jpg,https://image.tmdb.org/t/p/original/rd269f2Yftxxam3EOJPYVwrvjIJ.jpg,"In 1905, a man travels to a remote island in search of his missing sister who has been kidnapped by a mysterious religious cult.",6.1,,1573,TMDB,2026-05-18,6.1,2.321,Released,gelisah,https://www.youtube.com/watch?v=J1JdWOqc9Q8,https://www.youtube.com/embed/J1JdWOqc9Q8,J1JdWOqc9Q8,Apostle | Official Trailer [HD] | Netflix
,Azali,Azali,,2018,Drama,,,,,,https://image.tmdb.org/t/p/w500/t468xcoBSlfLdnYvBcXMQN9MEmM.jpg,https://image.tmdb.org/t/p/original/t468xcoBSlfLdnYvBcXMQN9MEmM.jpg,"14-year-old Amina from northern Ghana gets sent away to Burkina Faso by her mother to prevent her marriage to an elderly man. However, fate intervenes in the form of kidnappers who bring her to Accra.  What trials and tribulations await Amina in the slums of Accra?  Will she ever find a way to escape?",5.7,,0,fallback,,,0,,gelisah,,,,
,Dilan 1990,Dilan 1990,,2018,Drama | Romance,,,,,,https://image.tmdb.org/t/p/w500/eitRZXfbw6rO0CfP3lPaGgK63qr.jpg,https://image.tmdb.org/t/p/original/eitRZXfbw6rO0CfP3lPaGgK63qr.jpg,"At a Bandung high school, charming and rebellious Dilan vies for the affections of shy new student Milea.",7.7,,0,fallback,,,0,,gelisah,,,,
458737,First Reformed,First Reformed,,2018,Drama,,,,,,https://image.tmdb.org/t/p/w500/8HKA3Hwf8jQWy8TCYWr7C8Wft23.jpg,https://image.tmdb.org/t/p/original/8HKA3Hwf8jQWy8TCYWr7C8Wft23.jpg,A pastor of a small church in upstate New York starts to spiral out of control after a soul-shaking encounter with an unstable environmental activist and his pregnant wife.,7,,1455,TMDB,2026-05-18,7,2.047,Released,sedih,https://www.youtube.com/watch?v=81-yub7Om6E,https://www.youtube.com/embed/81-yub7Om6E,81-yub7Om6E,Official International Trailer
470878,I Can Only Imagine,I Can Only Imagine,,2018,Music | Drama,,,,,,https://image.tmdb.org/t/p/w500/veZszwMZu8d3WMU6TJX9sV5w1Y4.jpg,https://image.tmdb.org/t/p/original/veZszwMZu8d3WMU6TJX9sV5w1Y4.jpg,"Growing up in Greenville, Texas, Bart Millard suffers physical and emotional abuse at the hands of his father, Arthur. When Arthur becomes terminally ill, he finds redemption by embracing his faith and rediscovering his love for his son. Years later, Bart's troubled childhood and mended relationship with his dad inspires him to write the hit song ""I Can Only Imagine"" as singer of the Christian band MercyMe.",7.5,,499,TMDB,2026-05-18,7.5,3.96,Released,rindu,https://www.youtube.com/watch?v=TYFs9iAsChk,https://www.youtube.com/embed/TYFs9iAsChk,TYFs9iAsChk,I Can Only Imagine | Official Trailer | March 16th
443128,Islam and the Future of Tolerance,Islam and the Future of Tolerance,,2018,Documentary,,,,,,https://image.tmdb.org/t/p/w500/jLgAgU7ZZvI5e7tZ3310xuF6f8k.jpg,https://image.tmdb.org/t/p/original/jLgAgU7ZZvI5e7tZ3310xuF6f8k.jpg,"In the thick of a controversial war of ideas, two enlightening figures, Sam Harris, an atheist and a critic of religion, and Maajid Nawaz, an Islamist-turned-liberal activist, partake in an engaging dialogue on the state of Islam, its potential reform, the militant ideology of Islamism, and where all this lays in a secular world.",7.8,,4,TMDB,2026-05-18,7.8,0.092,Released,hidayah,https://www.youtube.com/watch?v=iKaPIFriYg8,https://www.youtube.com/embed/iKaPIFriYg8,iKaPIFriYg8,Islam And The Future Of Tolerance (2018) | Official Trailer (HD)
,Lee Chong Wei: Rise of the Legend,Lee Chong Wei: Rise of the Legend,,2018,Drama,,,,,,https://image.tmdb.org/t/p/w500/n0ZmCtP3CqcL9GQyPSh6zO7DZTD.jpg,https://image.tmdb.org/t/p/original/n0ZmCtP3CqcL9GQyPSh6zO7DZTD.jpg,"Lee Chong Wei is a 2018 Malaysian biopic film directed by Teng Bee, about the inspirational story of national icon Lee Chong Wei, who rose from sheer poverty to become the top badminton player in the world. The film is based on Lee's 2012 autobiography Dare to Be a Champion",6.1,,0,fallback,,,0,,hidayah,,,,
505205,Pope Francis: A Man of His Word,Pope Francis: A Man of His Word,,2018,Documentary,,,,,,https://image.tmdb.org/t/p/w500/4pGMnjyebbDY33AkWqaJbvC5eEo.jpg,https://image.tmdb.org/t/p/original/4pGMnjyebbDY33AkWqaJbvC5eEo.jpg,"Pope Francis responds to questions from around the world, discussing topics including ecology, immigration, consumerism and social justice.",7.2,,112,TMDB,2026-05-18,7.2,0.577,Released,marah,https://www.youtube.com/watch?v=MOmY8i-uBcY,https://www.youtube.com/embed/MOmY8i-uBcY,MOmY8i-uBcY,Official Trailer
400535,Sicario: Day of the Soldado,Sicario: Day of the Soldado,,2018,Action | Crime | Thriller,,,,,,https://image.tmdb.org/t/p/w500/qcLYofEhNh51Sk1jUWjmKHLzkqw.jpg,https://image.tmdb.org/t/p/original/qcLYofEhNh51Sk1jUWjmKHLzkqw.jpg,Agent Matt Graver teams up with operative Alejandro Gillick to prevent Mexican drug cartels from smuggling terrorists across the United States border.,6.9,,4026,TMDB,2026-05-18,6.9,10.418,Released,gelisah,https://www.youtube.com/watch?v=Pymm6cmE9uQ,https://www.youtube.com/embed/Pymm6cmE9uQ,Pymm6cmE9uQ,"SICARIO, Day of the Soldado - Official Teaser Trailer (HD)"
398173,The House That Jack Built,The House That Jack Built,,2018,Drama | Horror | Crime | Thriller,,,,,,https://image.tmdb.org/t/p/w500/bMUGNkPaHOurcBK9g3XpJx3fxuO.jpg,https://image.tmdb.org/t/p/original/bMUGNkPaHOurcBK9g3XpJx3fxuO.jpg,"Failed architect, engineer and vicious murderer Jack narrates the details of some of his most elaborately orchestrated crimes, each of them a towering piece of art that defines his life's work as a serial killer for twelve years.",7.1,,3040,TMDB,2026-05-18,7.1,3.879,Released,gelisah,https://www.youtube.com/watch?v=c6DuLPGZIoQ,https://www.youtube.com/embed/c6DuLPGZIoQ,c6DuLPGZIoQ,Official US Trailer
550600,The Mayo Clinic,The Mayo Clinic,,2018,Documentary | TV Movie,,,,,,https://image.tmdb.org/t/p/w500/r5Axef30grCmdyN3UR8eftSB4fo.jpg,https://image.tmdb.org/t/p/original/r5Axef30grCmdyN3UR8eftSB4fo.jpg,"The Mayo Clinic tells the story of a unique medical institution that has been called a ""Medical Mecca,"" the ""Supreme Court of Medicine,"" and the ""place for hope where there is no hope."" The Mayo Clinic began in 1883 as an unlikely partnership between the Sisters of Saint Francis and a country doctor named William Worrall Mayo after a devastating tornado in rural Minnesota. Since then, it has grown into an organization that treats more than a million patients a year from all 50 states and 150 countries. Dr. Mayo had a simple philosophy he imparted to his sons Will and Charlie: ""the needs of the patient come first."" They wouldn't treat diseases...they would treat people. In a world where healthcare delivery is typically fragmented among individual specialties, the Mayo Clinic practices a multi-specialty, team-based approach that has, from its beginnings, created a culture that thrives on collaboration.",7,,7,TMDB,2026-05-18,7,0.614,Released,gelisah,https://www.youtube.com/watch?v=qqRXy-okS5I,https://www.youtube.com/embed/qqRXy-okS5I,qqRXy-okS5I,Official Trailer | The Mayo Clinic: Faith - Hope - Science | PBS
429197,Vice,Vice,,2018,Drama | Comedy,,,,,,https://image.tmdb.org/t/p/w500/1gCab6rNv1r6V64cwsU4oEr649Y.jpg,https://image.tmdb.org/t/p/original/1gCab6rNv1r6V64cwsU4oEr649Y.jpg,"George W. Bush picks Dick Cheney, the CEO of Halliburton Co., to be his Republican running mate in the 2000 presidential election. No stranger to politics, Cheney's impressive résumé includes stints as White House chief of staff, House Minority Whip and Defense Secretary. When Bush wins by a narrow margin, Cheney begins to use his newfound power to help reshape the country and the world.",7,,3594,TMDB,2026-05-18,7,3.859,Released,bahagia,https://www.youtube.com/watch?v=g09a9laLh0k,https://www.youtube.com/embed/g09a9laLh0k,g09a9laLh0k,VICE | Official Trailer
504198,به وقت شام,به وقت شام,,2018,War | Action | Drama | Thriller,,,,,,https://image.tmdb.org/t/p/w500/dVVs1yZMqtSNNuKVWtiN6rhONOK.jpg,https://image.tmdb.org/t/p/original/dVVs1yZMqtSNNuKVWtiN6rhONOK.jpg,Two Iranian pilots are in a special mission to save the people of a Syrian city who are surrounded by the terrorists. But they have to face many challenges before manage to accomplish their mission.,5.8,,33,TMDB,2026-05-18,5.8,0.779,Released,hidayah,https://www.youtube.com/watch?v=b-kpw2-YDTo,https://www.youtube.com/embed/b-kpw2-YDTo,b-kpw2-YDTo,Damascus Time - Trailer
473470,شهيد,شهيد,,2018,Drama,,,,,,https://image.tmdb.org/t/p/w500/c3UNet3MUTrlxONc9M5dFMGWAkg.jpg,https://image.tmdb.org/t/p/original/c3UNet3MUTrlxONc9M5dFMGWAkg.jpg,"A young man's tragic death at Beirut's seaside causes his friends to grapple with loss and to partake in his community's rites and ceremonies, exposing the city's schisms and its society's fault lines",6.1,,17,TMDB,2026-05-18,6.1,0.248,Released,sedih,https://www.youtube.com/watch?v=v_2rjitmTI8,https://www.youtube.com/embed/v_2rjitmTI8,v_2rjitmTI8,Biennale College Cinema 2017 - Martyr (trailer)
467433,A Question of Faith,A Question of Faith,,2017,Drama,,,,,,https://image.tmdb.org/t/p/w500/4DwBNsU23aI3A83Mtpj2QDmmXAH.jpg,https://image.tmdb.org/t/p/original/4DwBNsU23aI3A83Mtpj2QDmmXAH.jpg,"When Tragedy Strikes three Families, their Destiny forces them on a coverging path and mercy as the challenges of their fate could also resurrect their beliefs",7.4,,97,TMDB,2026-05-18,7.4,1.2,Released,sedih,https://www.youtube.com/watch?v=QzNuMWxPo80,https://www.youtube.com/embed/QzNuMWxPo80,QzNuMWxPo80,A Question of Faith Official Trailer
,Acı Tatlı Ekşi,Acı Tatlı Ekşi,,2017,Drama | Romance | Comedy,,,,,,https://image.tmdb.org/t/p/w500/81kt2NES2LBx485Ftj63zEX6Aml.jpg,https://image.tmdb.org/t/p/original/81kt2NES2LBx485Ftj63zEX6Aml.jpg,"Murat and Duygu are deeply in love and when they graduate from College Murat takes the leap and asks Duygu for her hand in marriage but he doesn't get the answer he was looking for. They both agree that if they're both single in five years they will tie the knot, but life has other plans for them.",6.8,,0,fallback,,,0,,gelisah,,,,
457258,Ali's Wedding,Ali's Wedding,,2017,Comedy | Drama | Romance,,,,,,https://image.tmdb.org/t/p/w500/e27BoM25FfABoEpZ2NU4jlzrNlY.jpg,https://image.tmdb.org/t/p/original/e27BoM25FfABoEpZ2NU4jlzrNlY.jpg,"After a ""white lie"" which spirals out of control, a neurotic, naive and musically gifted Muslim cleric's eldest son must follow through with an arranged marriage, except he is madly in love with an Australian born-Lebanese girl.",6.9,,79,TMDB,2026-05-18,6.9,0.335,Released,hidayah,https://www.youtube.com/watch?v=JEMeZDmvYhs,https://www.youtube.com/embed/JEMeZDmvYhs,JEMeZDmvYhs,Ali's Wedding - Official Trailer
499325,Faith's Song,Faith's Song,,2017,Drama | Family,,,,,,https://image.tmdb.org/t/p/w500/eyDmrurepYwjySr8N6DTv4WQupy.jpg,https://image.tmdb.org/t/p/original/eyDmrurepYwjySr8N6DTv4WQupy.jpg,"A young girl's faith is tested, when her parents are suddenly killed in a car accident and she's forced to move in with relatives who don't share her belief in God.  A talented singer, who desires to worship God with her songs, she finds herself in a new city, a new school and no friends.  With her uncle and others at school challenging her faith, one boy emerges, who seems to see the greatness in her.  Now she must come to grips with either fitting in or following God - which could cost her more than just her faith.",6.8,,5,TMDB,2026-05-18,6.8,0.154,Released,sedih,https://www.youtube.com/watch?v=B9kkdts7-bw,https://www.youtube.com/embed/B9kkdts7-bw,B9kkdts7-bw,Faith's Song (2017) HD Movie Trailer (Christian Drama)
,Kartini,Kartini,,2017,Drama | History,,,,,,https://image.tmdb.org/t/p/w500/xJcwkUdF7O5LVTMCJab8abpRaUp.jpg,https://image.tmdb.org/t/p/original/xJcwkUdF7O5LVTMCJab8abpRaUp.jpg,A woman of nobility battles patriarchal norms in order to improve educational access for women in early 1900s Indonesian society.,6.1,,0,fallback,,,0,,hidayah,,,,
426338,La llamada,La llamada,,2017,Comedy | Romance,,,,,,https://image.tmdb.org/t/p/w500/4JTf3ze7IipC66a9cqJtZZt19fy.jpg,https://image.tmdb.org/t/p/original/4JTf3ze7IipC66a9cqJtZZt19fy.jpg,"María and Susana, two rebellious teenagers, spend the summer in a catholic camp. While they are grounded during a weekend, the most unexpected arrival in the most unexpected way will change their feelings about life, love and freedom.",6.8,,367,TMDB,2026-05-18,6.8,0.676,Released,bahagia,https://www.youtube.com/watch?v=WJooYRR2vCQ,https://www.youtube.com/embed/WJooYRR2vCQ,WJooYRR2vCQ,Holy Camp Trailer
418235,Lipstick Under My Burkha,Lipstick Under My Burkha,,2017,Comedy | Drama,,,,,,https://image.tmdb.org/t/p/w500/watd7f9icZYuXd7ODenxw0tMAhE.jpg,https://image.tmdb.org/t/p/original/watd7f9icZYuXd7ODenxw0tMAhE.jpg,"Four ordinary women, inflicted by silly societal norms, have to steal, lie, cheat and hide in order to lead the lives that they rightfully deserve.",6.8,,106,TMDB,2026-05-18,6.8,0.366,Released,hidayah,https://www.youtube.com/watch?v=EpHqeHF8NM0,https://www.youtube.com/embed/EpHqeHF8NM0,EpHqeHF8NM0,"LIPSTICK UNDER MY BURKHA | Official Trailer | Releasing 21 July | Konkona Sensharma, Ratna Pathak"
403106,Man in Red Bandana,Man in Red Bandana,,2017,Documentary | History,,,,,,https://image.tmdb.org/t/p/w500/aa7vrNOu71bY5oURcq4U5sW8VIF.jpg,https://image.tmdb.org/t/p/original/aa7vrNOu71bY5oURcq4U5sW8VIF.jpg,"""Man in Red Bandana"" is about Welles Remy Crowther, an extraordinary 9/11 hero. However, how his heroics became known is even more remarkable.  Eight months after the disaster, his parents learned about how their son spent his last hour due to an ordinary object ... a red bandana.  This revelation dramatically shifts their perspective on their loss. After hearing his remarkable story and how it unfolds, viewers will see how the actions of one man have touched 1,000s. This inspirational segment of the film depicts the unique, diverse and folklore ways that Welles is honored throughout the United States including in art, sports and song.  Even President Barack Obama pays homage to this young man in the film.  Our uplifting ending culminates in the revelation of a secret about Welles that can only be described as ""perfect"".",8.5,,4,TMDB,2026-05-18,8.5,0.438,Released,sedih,https://www.youtube.com/watch?v=qBYlWgBhBl8,https://www.youtube.com/embed/qBYlWgBhBl8,qBYlWgBhBl8,Man In Red Bandana Official Trailer HD
464832,Matar a Dios,Matar a Dios,,2017,Comedy | Horror,,,,,,https://image.tmdb.org/t/p/w500/fJHIW6xmKZJTsTCXsWKt3s1ZLt9.jpg,https://image.tmdb.org/t/p/original/fJHIW6xmKZJTsTCXsWKt3s1ZLt9.jpg,"When Carlos invites his father and his brother to spend a pleasant New Year in a strange house isolated in the forest with him and his wife Ana. But what promised to be a quiet family dinner, suddenly is interrupted by the presence of a peculiar vagabond, dwarf and very bad man, who claims to be God.",5.8,,78,TMDB,2026-05-18,5.8,0.561,Released,gelisah,https://www.youtube.com/watch?v=HFsIDvf2r-k,https://www.youtube.com/embed/HFsIDvf2r-k,HFsIDvf2r-k,Killing God   Trailer
428584,Menashe,Menashe,,2017,Drama,,,,,,https://image.tmdb.org/t/p/w500/11jQ1dsdefwAZIilbvgr0lMyhKN.jpg,https://image.tmdb.org/t/p/original/11jQ1dsdefwAZIilbvgr0lMyhKN.jpg,"Within Brooklyn’s ultra-orthodox Jewish community, a widower battles for custody of his son.",6.3,,58,TMDB,2026-05-18,6.3,0.576,Released,marah,https://www.youtube.com/watch?v=83UoZcdX__Y,https://www.youtube.com/embed/83UoZcdX__Y,83UoZcdX__Y,Menashe | Official Trailer HD | A24
411976,Novitiate,Novitiate,,2017,Drama,,,,,,https://image.tmdb.org/t/p/w500/ntsyazWKclgwObVftWVVAEBcvRq.jpg,https://image.tmdb.org/t/p/original/ntsyazWKclgwObVftWVVAEBcvRq.jpg,"In the early 1960s, during the Vatican II era, a young woman training to become a nun struggles with issues of faith, sexuality and the changing church.",6.4,,185,TMDB,2026-05-18,6.4,1.485,Released,marah,https://www.youtube.com/watch?v=8kKexutLfE0,https://www.youtube.com/embed/8kKexutLfE0,8kKexutLfE0,Official Trailer
489471,The Dawn Wall,The Dawn Wall,,2017,Documentary | Adventure,,,,,,https://image.tmdb.org/t/p/w500/bZQCNGb1II5eWASBhEgJBGxOPUM.jpg,https://image.tmdb.org/t/p/original/bZQCNGb1II5eWASBhEgJBGxOPUM.jpg,"The definitive film on the climb that captured headlines and ignited imaginations worldwide. Tommy Caldwell and Kevin Jorgeson ascend the hardest big wall of all time: a 19 day ascent of The Dawn Wall, on the 3,000 foot vertical face of El Capitan, in Yosemite National Park. The film travels deeper than the climb, digging into the history of the climbers and painting an intimate portrait of Caldwell's harrowing life experiences that culminated in a single-minded drive to complete this impossible climb. The Dawn Wall is a heart-warming and inspiring movie that celebrates perseverance, camaraderie, and the universal spirit of dreaming big, and never giving up.",8,,347,TMDB,2026-05-18,8,1.808,Released,marah,https://www.youtube.com/watch?v=5Hc8tB9uhho,https://www.youtube.com/embed/5Hc8tB9uhho,5Hc8tB9uhho,The Dawn Wall (2018) | Official Trailer HD
498744,The Faith Community,The Faith Community,,2017,Horror,,,,,,https://image.tmdb.org/t/p/w500/3E1YLXGfLnVlPRJAXzVMeEqaFhF.jpg,https://image.tmdb.org/t/p/original/3E1YLXGfLnVlPRJAXzVMeEqaFhF.jpg,"Trying to form a bond with God, three students find themselves in the belly of a twisted sect.",4.7,,3,TMDB,2026-05-18,4.7,0.089,Released,gelisah,https://www.youtube.com/watch?v=jnXX493wzCY,https://www.youtube.com/embed/jnXX493wzCY,jnXX493wzCY,The Faith Community | Screambox Horror Streaming
401898,Thelma,Thelma,,2017,Drama | Mystery | Thriller,,,,,,https://image.tmdb.org/t/p/w500/fN2Qq5riCrBiVLfKqgODHC0SwVx.jpg,https://image.tmdb.org/t/p/original/fN2Qq5riCrBiVLfKqgODHC0SwVx.jpg,A college student starts to experience extreme seizures. She soon learns that the violent episodes are a symptom of inexplicable abilities.,6.8,,1134,TMDB,2026-05-18,6.8,1.783,Released,gelisah,https://www.youtube.com/watch?v=Mi2N-DFfe7Q,https://www.youtube.com/embed/Mi2N-DFfe7Q,Mi2N-DFfe7Q,Official HD Trailer
429662,Viceroy's House,Viceroy's House,,2017,Drama | History,,,,,,https://image.tmdb.org/t/p/w500/qBLpcLCewPUJYp6Veemsp1MEEzF.jpg,https://image.tmdb.org/t/p/original/qBLpcLCewPUJYp6Veemsp1MEEzF.jpg,"In 1947, Lord Mountbatten assumes the post of last Viceroy, charged with handing India back to its people, living upstairs at the house which was the home of British rulers, whilst 500 Hindu, Muslim and Sikh servants lived downstairs.",6.6,,293,TMDB,2026-05-18,6.6,1.002,Released,hidayah,https://www.youtube.com/watch?v=id_ZyNdvXKQ,https://www.youtube.com/embed/id_ZyNdvXKQ,id_ZyNdvXKQ,"VICEROY'S HOUSE - Official Trailer - Hugh Bonneville, Gillian Anderson. IN CINEMAS NOW"
423899,Victoria & Abdul,Victoria & Abdul,,2017,Drama | History,,,,,,https://image.tmdb.org/t/p/w500/uIzQ8zZ0rqjqqJUIpeeovtTryAa.jpg,https://image.tmdb.org/t/p/original/uIzQ8zZ0rqjqqJUIpeeovtTryAa.jpg,Queen Victoria strikes up an unlikely friendship with a young Indian clerk named Abdul Karim.,6.9,,1197,TMDB,2026-05-18,6.9,1.509,Released,gelisah,https://www.youtube.com/watch?v=3xo-EP_O5pQ,https://www.youtube.com/embed/3xo-EP_O5pQ,3xo-EP_O5pQ,Official Trailer
,İstanbul Kırmızısı,İstanbul Kırmızısı,,2017,Romance | Drama,,,,,,https://image.tmdb.org/t/p/w500/nSzgyCPVJVVKtb7LhvRoEjnyaQP.jpg,https://image.tmdb.org/t/p/original/nSzgyCPVJVVKtb7LhvRoEjnyaQP.jpg,"Orhan who lived in London for years and did not come back to Turkey agrees to help Deniz -a famous director- edit his first book. Deniz has been living in a mansion with his family which started to lose its old brightness and power. Orhan finds himself in the middle of Deniz's complicated relationships, mysterious friends and stange family members. This is the first movie of Ferzan Ozpetek which is shot in Turkey after a long time. It is also based on his own book which has the same name with the movie.",5.7,,0,fallback,,,0,,gelisah,,,,
,أخضر يابس,أخضر يابس,,2017,Drama,,,,,,https://image.tmdb.org/t/p/w500/zYS3FuyEc4Osv9rNfNGb4DCtwHI.jpg,https://image.tmdb.org/t/p/original/zYS3FuyEc4Osv9rNfNGb4DCtwHI.jpg,"After the death of her parents, a traditional and conservative young woman, Iman, has to take care of her younger sister, Noha. When her sibling is faced with a marriage proposal, Iman has to ask her uncles to meet the groom and his family, as customs in Arab societies require the presence of a man from the bride’s side for the marriage agreement. But Iman decides to disregard the tradition.",6,,0,fallback,,,0,,sedih,,,,
,دوعا,دوعا,,2017,Drama,,,,,,https://image.tmdb.org/t/p/w500/7nd3bxmDzXT73BkAoLjzZNFHXtb.jpg,https://image.tmdb.org/t/p/original/7nd3bxmDzXT73BkAoLjzZNFHXtb.jpg,"An elderly man from a distant village in Iraqi Kurdistan is mightily vexed by his daughter’s dreams of becoming an artist, in contrast with his desire for her to graduate from the faculty of Islamic Studies.",4,,0,fallback,,,0,,gelisah,,,,
,زیر سقف دودی,زیر سقف دودی,,2017,Family,,,,,,https://image.tmdb.org/t/p/w500/fqtBJeBbSTcZPRibXgyuo7CMeau.jpg,https://image.tmdb.org/t/p/original/fqtBJeBbSTcZPRibXgyuo7CMeau.jpg,Shirin is a woman facing problems in her marriage and with her child. She's trying desperately for a way to connect with her son and her husband.,4,,0,fallback,,,0,,gelisah,,,,
,شيخ جاكسون,شيخ جاكسون,,2017,Drama | Music,,,,,,https://image.tmdb.org/t/p/w500/s4Wcik9Rdw9G0NhrefK6n3F9IG7.jpg,https://image.tmdb.org/t/p/original/s4Wcik9Rdw9G0NhrefK6n3F9IG7.jpg,"The sudden death of Michael Jackson sends a former King of Pop devotee — now a young imam — into a tailspin, in this tender and comedic film from Egyptian filmmaker Amr Salama.",7,,0,fallback,,,0,,sedih,,,,
,مولانا,مولانا,,2017,Drama,,,,,,https://image.tmdb.org/t/p/w500/v2yjXSiBvRRSfgbznbK69FSXt2H.jpg,https://image.tmdb.org/t/p/original/v2yjXSiBvRRSfgbznbK69FSXt2H.jpg,"A seemingly traditional journey of a young sheikh in a governmental mosque who moves from leading prayers to becoming a TV celebrity issuing ""fatwas"" that are accepted by millions who have become fans of his as a result of his courage and his attempts to deviate from the usual religious rhetoric in a society heavily influenced by fundamentalism. From Behind the scenes that exposes religion and authority struggle - Mawlana is a movie that defy boundaries.",6.6,,0,fallback,,,0,,gelisah,,,,
550059,三十儿立,三十儿立,,2017,Drama,,,,,,https://image.tmdb.org/t/p/w500/tB2yvuKrAZ3kMs09VkuAwvmsgDi.jpg,https://image.tmdb.org/t/p/original/tB2yvuKrAZ3kMs09VkuAwvmsgDi.jpg,"Yang Ke, a Beijing Opera actor, is fatefully driven into the underworld of masculine sex workers, and becomes a class of his own. He finds himself on a roller coaster between heavenly love with both men and women, and a living hell ensnared by devious villains and hypocrites. Despite his faith, endeavor and willingness to give, he remains a prisoner to his karma. Hell awaits when heaven seems near, and the ultimate truth is revealed only in a heartbreaking moment from which there is no return.",4.7,,15,TMDB,2026-05-18,4.7,1.688,Released,rindu,https://www.youtube.com/watch?v=sZRei8NTKTU,https://www.youtube.com/embed/sZRei8NTKTU,sZRei8NTKTU,[Official Trailer ซับไทย] (ภาพยนตร์ 20+) THIRTY YEARS OF ADONIS อะดอนีส แรงรักข้ามเวลา
342737,20th Century Women,20th Century Women,,2016,Drama,,,,,,https://image.tmdb.org/t/p/w500/mso2rEr9i0MilRIOao5HaWFipS9.jpg,https://image.tmdb.org/t/p/original/mso2rEr9i0MilRIOao5HaWFipS9.jpg,"In 1979 Santa Barbara, California, Dorothea Fields is a determined single mother in her mid-50s who is raising her adolescent son, Jamie, at a moment brimming with cultural change and rebellion. Dorothea enlists the help of two younger women – Abbie, a free-spirited punk artist living as a boarder in the Fields' home and Julie, a savvy and provocative teenage neighbour – to help with Jamie's upbringing.",7.3,,1231,TMDB,2026-05-18,7.3,2.536,Released,gelisah,https://www.youtube.com/watch?v=6JnFaltqnAY,https://www.youtube.com/embed/6JnFaltqnAY,6JnFaltqnAY,Official Trailer
270010,A Hologram for the King,A Hologram for the King,,2016,Comedy | Drama,,,,,,https://image.tmdb.org/t/p/w500/wmjWGb2tqtOA4XPnK1tpIfzRtSQ.jpg,https://image.tmdb.org/t/p/original/wmjWGb2tqtOA4XPnK1tpIfzRtSQ.jpg,"Alan Clay, a struggling American businessman, travels to Saudi Arabia to sell a new technology to the King, only to be challenged by endless Middle Eastern bureaucracy, a perpetually absent monarch, and a suspicious growth on his back.",5.9,,1222,TMDB,2026-05-18,5.9,1.52,Released,bahagia,https://www.youtube.com/watch?v=wZzSZ_8OCY4,https://www.youtube.com/embed/wZzSZ_8OCY4,wZzSZ_8OCY4,A Hologram For The King Official Movie Trailer
382951,A Sunday Horse,A Sunday Horse,,2016,Drama | Family,,,,,,https://image.tmdb.org/t/p/w500/gFQYIrS32BlSDdqDx0fps4eZllc.jpg,https://image.tmdb.org/t/p/original/gFQYIrS32BlSDdqDx0fps4eZllc.jpg,"After a near-fatal accident, on a horse the experts thought was nothing special, a determined rider from the wrong side of the tracks defies all the odds to pursue her dreams of winning a national jumping championship.",6.3,,74,TMDB,2026-05-18,6.3,0.98,Released,gelisah,https://www.youtube.com/watch?v=yARKXzSpPVg,https://www.youtube.com/embed/yARKXzSpPVg,yARKXzSpPVg,Official Trailer
,Bilal: A New Breed of Hero,Bilal: A New Breed of Hero,,2016,Animation | Action | Adventure | History,,,,,,https://image.tmdb.org/t/p/w500/ncWuEzxnXqssxRfHghZuUAIezCo.jpg,https://image.tmdb.org/t/p/original/ncWuEzxnXqssxRfHghZuUAIezCo.jpg,"A thousand years ago, one boy with a dream of becoming a great warrior is abducted with his sister and taken to a land far away from home. Thrown into a world where greed and injustice rule all, Bilal finds the courage to raise his voice and make a change. Inspired by true events, this is a story of a real hero who earned his remembrance in time and history.",6.9,,0,fallback,,,0,,hidayah,,,,
376534,Cameraperson,Cameraperson,,2016,Documentary,,,,,,https://image.tmdb.org/t/p/w500/p1Od99QxnzCB9vKu9uxkZQlPZQ5.jpg,https://image.tmdb.org/t/p/original/p1Od99QxnzCB9vKu9uxkZQlPZQ5.jpg,"As a visually radical memoir, CAMERAPERSON draws on the remarkable footage that filmmaker Kirsten Johnson has shot and reframes it in ways that illuminate moments and situations that have personally affected her. What emerges is an elegant meditation on the relationship between truth and the camera frame, as Johnson transforms scenes that have been presented on Festival screens as one kind of truth into another kind of story—one about personal journey, craft, and direct human connection.",6.7,,92,TMDB,2026-05-18,6.7,0.694,Released,gelisah,https://www.youtube.com/watch?v=jx52F4iLTL8,https://www.youtube.com/embed/jx52F4iLTL8,jx52F4iLTL8,Cameraperson Official Trailer 1 (2016) - Documentary
348668,Flaskepost fra P,Flaskepost fra P,,2016,Crime | Drama | Mystery | Thriller,,,,,,https://image.tmdb.org/t/p/w500/72T8HXXAHEkhM46t63PAtDUndof.jpg,https://image.tmdb.org/t/p/original/72T8HXXAHEkhM46t63PAtDUndof.jpg,"Denmark, 2016. A blurred note is found in a bottle that has traveled across the ocean for a long time. After deciphering the cryptic note, Department Q follow a sinister trail that leads them to investigate a case that occurred in 2008. At the same time, new tragic events take place that test their faith and deepest beliefs.",7,,609,TMDB,2026-05-18,7,2.058,Released,gelisah,,,,
205584,Gods of Egypt,Gods of Egypt,,2016,Action | Adventure | Fantasy,,,,,,https://image.tmdb.org/t/p/w500/hzH7fwaTyQNITLo40Hu3R7cVMqv.jpg,https://image.tmdb.org/t/p/original/hzH7fwaTyQNITLo40Hu3R7cVMqv.jpg,A common thief joins a mythical god on a quest through Egypt.,5.7,,4344,TMDB,2026-05-18,5.7,6.256,Released,marah,https://www.youtube.com/watch?v=tuVg_6UaQsU,https://www.youtube.com/embed/tuVg_6UaQsU,tuVg_6UaQsU,Official Trailer – “The Journey Begins”
324786,Hacksaw Ridge,Hacksaw Ridge,,2016,Drama | History | War,,,,,,https://image.tmdb.org/t/p/w500/fnOMP6mjmOmZwmlC1n0K7ivrzt1.jpg,https://image.tmdb.org/t/p/original/fnOMP6mjmOmZwmlC1n0K7ivrzt1.jpg,"WWII American Army Medic Desmond T. Doss, who served during the Battle of Okinawa, refuses to kill people and becomes the first Conscientious Objector in American history to receive the Congressional Medal of Honor.",8.2,,14816,TMDB,2026-05-18,8.2,16.728,Released,marah,https://www.youtube.com/watch?v=s2-1hz1juBI,https://www.youtube.com/embed/s2-1hz1juBI,s2-1hz1juBI,Hacksaw Ridge (2016) Official Trailer – “Believe” - Andrew Garfield
373472,Holy Hell,Holy Hell,,2016,Documentary,,,,,,https://image.tmdb.org/t/p/w500/qD85xZGbePSCJhlALzY1FR1xVm8.jpg,https://image.tmdb.org/t/p/original/qD85xZGbePSCJhlALzY1FR1xVm8.jpg,An inside look at a West Hollywood cult formed by a charismatic teacher in the 1980s that eventually imploded.,6.6,,130,TMDB,2026-05-18,6.6,0.324,Released,gelisah,https://www.youtube.com/watch?v=2f2BG43JW0o,https://www.youtube.com/embed/2f2BG43JW0o,2f2BG43JW0o,Holy Hell Official Trailer 1 (2016) - Documentary HD
380694,Homegrown: The Counter-Terror Dilemma,Homegrown: The Counter-Terror Dilemma,,2016,Documentary,,,,,,https://image.tmdb.org/t/p/w500/tmanGU0vHzKtoXff6PczYTSjEgx.jpg,https://image.tmdb.org/t/p/original/tmanGU0vHzKtoXff6PczYTSjEgx.jpg,An insider’s account from the perspectives of those who helped construct America’s counter-terrorism machine -- and of its targets.,7,,5,TMDB,2026-05-18,7,0.153,Released,gelisah,,,,
419546,HyperNormalisation,HyperNormalisation,,2016,Documentary,,,,,,https://image.tmdb.org/t/p/w500/tTqI2xoB7cGO7HASB22Sss6x44J.jpg,https://image.tmdb.org/t/p/original/tTqI2xoB7cGO7HASB22Sss6x44J.jpg,"We live in a world where the powerful deceive us. We know they lie. They know we know they lie. They do not care. We say we care, but we do nothing, and nothing ever changes. It is normal. Welcome to the post-truth world. How we got to where we are now…",7.5,,156,TMDB,2026-05-18,7.5,1.058,Released,gelisah,https://www.youtube.com/watch?v=AUiqaFIONPQ,https://www.youtube.com/embed/AUiqaFIONPQ,AUiqaFIONPQ,Trailer
409502,I'm Not Ashamed,I'm Not Ashamed,,2016,Drama | Crime,,,,,,https://image.tmdb.org/t/p/w500/P4bxuNq5XT0Wc3MYpoLP52e0P6.jpg,https://image.tmdb.org/t/p/original/P4bxuNq5XT0Wc3MYpoLP52e0P6.jpg,"Based on the journal entries of Rachel Joy Scott, the first student killed in the Columbine High School shooting in 1999.",7.1,,289,TMDB,2026-05-18,7.1,2.622,Released,marah,https://www.youtube.com/watch?v=GjgeFACV7oY,https://www.youtube.com/embed/GjgeFACV7oY,GjgeFACV7oY,Trailer
383064,La Route d'Istanbul,La Route d'Istanbul,,2016,Drama,,,,,,https://image.tmdb.org/t/p/w500/js8dDZrHOEIyUNvGNSOwF67dR0C.jpg,https://image.tmdb.org/t/p/original/js8dDZrHOEIyUNvGNSOwF67dR0C.jpg,"Elisabeth lives a quiet live in the Belgian countryside with her young adult daughter Elodie. After the divorce from her husband Elisabeth took care of her daughter on her own. When Elodie disappears over night and Elisabeth discovers that she travelled to Syria to join the Islamic State, she begins her journey to find her daughter.",6.3,,17,TMDB,2026-05-18,6.3,0.387,Released,hidayah,,,,
411038,Layla M.,Layla M.,,2016,Drama,,,,,,https://image.tmdb.org/t/p/w500/m77VS4efG6qUojoz4Tg34HMXtZa.jpg,https://image.tmdb.org/t/p/original/m77VS4efG6qUojoz4Tg34HMXtZa.jpg,"18-year-old Layla, a Dutch girl with Moroccan roots, joins a group of radical Muslims. She encounters a world that nurtures her ideas initally, but finally confronts her with an impossible choice.",6.6,,56,TMDB,2026-05-18,6.6,0.303,Released,hidayah,,,,
388399,Patriots Day,Patriots Day,,2016,Action | Crime | Drama | History | Thriller,,,,,,https://image.tmdb.org/t/p/w500/mIDxsJTrOC7NhgOo3GziiHyKfsQ.jpg,https://image.tmdb.org/t/p/original/mIDxsJTrOC7NhgOo3GziiHyKfsQ.jpg,"In the aftermath of an unspeakable act of terror, Police Sergeant Tommy Saunders joins courageous survivors, first responders and investigators in a race against the clock to hunt down the Boston Marathon bombers before they strike again.",7.1,,2841,TMDB,2026-05-18,7.1,2.967,Released,gelisah,https://www.youtube.com/watch?v=_c9IpI_pNGI,https://www.youtube.com/embed/_c9IpI_pNGI,_c9IpI_pNGI,PATRIOTS DAY - OFFICIAL TEASER TRAILER - HD
428168,Revelation: Dawn of Global Government,Revelation: Dawn of Global Government,,2016,Documentary,,,,,,,,"Looming world government, a world ""elite"", The United Nations...loss of American sovereignty! The light of our ""shining city on the hill"" dims. Dissecting America under judgment, Lieutenant General William Boykin and Alex Jones join Charlie Daniels in a primer for the uninitiated on The New World Order with Biblical perspective. The global feudal police state unfolds...We were born for such a time as this!",10,,2,TMDB,2026-05-18,10,0.205,Released,sedih,,,,
,Reşeba,Reşeba,,2016,War | Drama | Romance,,,,,,https://image.tmdb.org/t/p/w500/k1Vwtamuh1txwC92vvOrAiH4f3b.jpg,https://image.tmdb.org/t/p/original/k1Vwtamuh1txwC92vvOrAiH4f3b.jpg,Radical Islamist militants attack a village in Iraq where a young Yazidi love couple prepares for marriage. From that moment onwards their lives are turned into a nightmare.,9,,0,fallback,,,0,,hidayah,,,,
335778,Risen,Risen,,2016,Action | Adventure | Drama | History | Mystery,,,,,,https://image.tmdb.org/t/p/w500/6hGh4z503k8wA8mLlmvwhTSGja.jpg,https://image.tmdb.org/t/p/original/6hGh4z503k8wA8mLlmvwhTSGja.jpg,"Clavius, a powerful Roman military tribune, and his aide, Lucius, are tasked with solving the mystery of what happened to Jesus in the weeks following the crucifixion, in order to disprove the rumors of a risen Messiah and prevent an uprising in Jerusalem.",6.3,,943,TMDB,2026-05-18,6.3,2.639,Released,gelisah,https://www.youtube.com/watch?v=xxgm2TJr2m0,https://www.youtube.com/embed/xxgm2TJr2m0,xxgm2TJr2m0,RISEN - Official Trailer #2 - Now Playing!
,Rudy Habibie,Rudy Habibie,,2016,Romance | Drama | History,,,,,,https://image.tmdb.org/t/p/w500/g3cAfoobo5lazuMGRJp1HWaYQBe.jpg,https://image.tmdb.org/t/p/original/g3cAfoobo5lazuMGRJp1HWaYQBe.jpg,Rudy met Ilona. Their different visions made it hard to be together. Ilona wants Rudy to stay in Germany and is opposed to his love for Indonesia.,7.6,,0,fallback,,,0,,hidayah,,,,
430977,Seklusyon,Seklusyon,,2016,Horror,,,,,,https://image.tmdb.org/t/p/w500/lSCdRZ0C2zA9iemRfCXdJvNpzLK.jpg,https://image.tmdb.org/t/p/original/lSCdRZ0C2zA9iemRfCXdJvNpzLK.jpg,"In 1947, those aspiring to be priest are sent to a remote convent to live in seclusion on the last day of their training. The purpose is to shield them from evil of the world. The plot thickens when a mysterious young girl comes to the convent but the question is whether she is really sent by God or by the Evil.",5.3,,17,TMDB,2026-05-18,5.3,0.479,Released,gelisah,,,,
68730,Silence,Silence,,2016,Drama | History,,,,,,https://image.tmdb.org/t/p/w500/x5T0cQDYws0xRBVG4Q3wpcrcmax.jpg,https://image.tmdb.org/t/p/original/x5T0cQDYws0xRBVG4Q3wpcrcmax.jpg,"In the 17th century, two Portuguese Jesuit priests travel to Japan in an attempt to locate their mentor, who is rumored to have committed apostasy, and to propagate Catholicism.",7.1,,3295,TMDB,2026-05-18,7.1,3.87,Released,rindu,https://www.youtube.com/watch?v=IqrgxZLd_gE,https://www.youtube.com/embed/IqrgxZLd_gE,IqrgxZLd_gE,Official Trailer
341006,The Belko Experiment,The Belko Experiment,,2016,Horror | Thriller,,,,,,https://image.tmdb.org/t/p/w500/faJK0dP3S92kQoKtO4LZMjy41kf.jpg,https://image.tmdb.org/t/p/original/faJK0dP3S92kQoKtO4LZMjy41kf.jpg,A group of eighty American workers are locked in their office and ordered by an unknown voice to participate in a twisted game.,6.2,,1663,TMDB,2026-05-18,6.2,3.138,Released,gelisah,https://www.youtube.com/watch?v=gpLvBkMfqUE,https://www.youtube.com/embed/gpLvBkMfqUE,gpLvBkMfqUE,Official UK Trailer
460644,The Jihadis Next Door,The Jihadis Next Door,,2016,Documentary,,,,,,https://image.tmdb.org/t/p/w500/6iosTZ9Rf466vjZr0yqSfFt8NZY.jpg,https://image.tmdb.org/t/p/original/6iosTZ9Rf466vjZr0yqSfFt8NZY.jpg,"Over the course of two years, filmmaker Jamie Roberts meets those spreading extremist Islamic fundamentalism in Britain, including a bouncy castle salesman who is now one of the world's most wanted men.",7,,11,TMDB,2026-05-18,7,0.159,Released,hidayah,https://www.youtube.com/watch?v=RTX1IvBMhW8,https://www.youtube.com/embed/RTX1IvBMhW8,RTX1IvBMhW8,Jihadis Next Door
391626,The Offering,The Offering,,2016,Mystery | Thriller | Horror,,,,,,https://image.tmdb.org/t/p/w500/h4uMM1wOhzGpP5GNphloNEHT0jz.jpg,https://image.tmdb.org/t/p/original/h4uMM1wOhzGpP5GNphloNEHT0jz.jpg,"When young and successful reporter Jamie finds out that her sister has died in mysterious circumstances, she travels to Singapore to uncover the truth. There, she discovers multiple deaths linked to her sister's and must join forces with her sister's husband in order to defeat a demonic entity that is using new technology to complete an ancient mission.",5.2,,127,TMDB,2026-05-18,5.2,0.625,Released,gelisah,https://www.youtube.com/watch?v=2XgGMWuh1zM,https://www.youtube.com/embed/2XgGMWuh1zM,2XgGMWuh1zM,The Offering Official Trailer 1 (2016) - Horror Movie HD
347872,The Rendezvous,The Rendezvous,,2016,Action | Adventure | Drama,,,,,,https://image.tmdb.org/t/p/w500/auxcNHDhLq6OIT3aSP9bxMNyxtQ.jpg,https://image.tmdb.org/t/p/original/auxcNHDhLq6OIT3aSP9bxMNyxtQ.jpg,A miss-matched couple embark on a frantic search for the Dead Sea Scroll hidden in the ancient city of Petra.,5.5,,41,TMDB,2026-05-18,5.5,0.422,Released,sedih,https://www.youtube.com/watch?v=jsrIAj-ZiyI,https://www.youtube.com/embed/jsrIAj-ZiyI,jsrIAj-ZiyI,"""The Rendezvous"" Movie Trailer"
318850,The Young Messiah,The Young Messiah,,2016,Drama,,,,,,https://image.tmdb.org/t/p/w500/ubehK1ZnM0NQphchuaMeE4A1BZk.jpg,https://image.tmdb.org/t/p/original/ubehK1ZnM0NQphchuaMeE4A1BZk.jpg,"Tells the story of Jesus Christ at age seven as he and his family depart Egypt to return home to Nazareth. Told from his childhood perspective, it follows young Jesus as he grows into his religious identity.",6.4,,146,TMDB,2026-05-18,6.4,1.157,Released,gelisah,https://www.youtube.com/watch?v=5EynFdirgmY,https://www.youtube.com/embed/5EynFdirgmY,5EynFdirgmY,THE YOUNG MESSIAH - Trailer - In Theaters March 2016
393003,Wildflower,Wildflower,,2016,Thriller | Drama,,,,,,https://image.tmdb.org/t/p/w500/ifBPgjywTfyLPxCsEUeW7RHihAm.jpg,https://image.tmdb.org/t/p/original/ifBPgjywTfyLPxCsEUeW7RHihAm.jpg,"When a college student starts having a reoccurring nightmare, she begins to believe that it's a suppressed memory. Her search to find the answers forces her to confront her past traumas, while at the same time, helps her unlock a mystery that may bring a killer to justice.",5.8,,33,TMDB,2026-05-18,5.8,0.547,Released,gelisah,https://www.youtube.com/watch?v=eJk8M655NaM,https://www.youtube.com/embed/eJk8M655NaM,eJk8M655NaM,"Wildflower Movie Official Theatrical Trailer #1 (2015) - Nathalia Ramos, Cody Longo Movie HD"
411014,טהורה לעד,טהורה לעד,,2016,Documentary,,,,,,https://image.tmdb.org/t/p/w500/wjqT9P2GNm26ogGV85AzWRho8WG.jpg,https://image.tmdb.org/t/p/original/wjqT9P2GNm26ogGV85AzWRho8WG.jpg,"Beitar Jerusalem FC is the most popular team in Israel and the only club in the Premier League never to sign an Arab player. Midway through a season the club's owner, Russian-Israeli oligarch Arcadi Gaydamak, brought in two Muslim players from Chechnya in a secretive transfer deal that triggered the most racist campaign in Israeli sport and sent the club spiralling out of control.",6.1,,16,TMDB,2026-05-18,6.1,0.055,Released,hidayah,,,,
393184,إشتباك,إشتباك,,2016,Thriller | Drama,,,,,,https://image.tmdb.org/t/p/w500/6L1bbZcB7HbpxnlzGOKdhufrYNB.jpg,https://image.tmdb.org/t/p/original/6L1bbZcB7HbpxnlzGOKdhufrYNB.jpg,"In 2013, in Cairo, a tragic fate brings together several detainees from different political and social backgrounds inside a police truck, during the turmoil that followed the ousting of president Morsi.",7.5,,99,TMDB,2026-05-18,7.5,0.636,Released,gelisah,https://www.youtube.com/watch?v=SmcXa2MaKw4,https://www.youtube.com/embed/SmcXa2MaKw4,SmcXa2MaKw4,Official Trailer [Subtitled]
412203,بر بحر,بر بحر,,2016,Drama,,,,,,https://image.tmdb.org/t/p/w500/52VRPSc4OqvdovABpH4Su32P3Ly.jpg,https://image.tmdb.org/t/p/original/52VRPSc4OqvdovABpH4Su32P3Ly.jpg,"The film captures the daily duality of three young Palestinian women in Tel Aviv, caught between hometown tradition and big city abandon, and the price they must pay for a lifestyle that seems obvious to many: the freedom to work, party, have sex, and choose.",7,,127,TMDB,2026-05-18,7,0.937,Released,hidayah,https://www.youtube.com/watch?v=-pgGL7F6Wu0,https://www.youtube.com/embed/-pgGL7F6Wu0,-pgGL7F6Wu0,Official Trailer
,كدبة كل يوم,كدبة كل يوم,,2016,Romance | Drama,,,,,,https://image.tmdb.org/t/p/w500/vePxsmZCAYSK14GgtaRH9f3AXxg.jpg,https://image.tmdb.org/t/p/original/vePxsmZCAYSK14GgtaRH9f3AXxg.jpg,"Hisham and Hadia, who work at the same advertising agency, an invitation to spend a vacation in Marsa Alam, in a resort owned by Sherihan. Hisham takes his wife, Aida, and Hadia takes her husband, Adel, and the four of them go on a vacation that will put their marriages to the test.",6.3,,0,fallback,,,0,,gelisah,,,,
,يوم للستات,يوم للستات,,2016,Drama,,,,,,https://image.tmdb.org/t/p/w500/9h6Y4VlMSy6YQuIs9Dej2b6kUmT.jpg,https://image.tmdb.org/t/p/original/9h6Y4VlMSy6YQuIs9Dej2b6kUmT.jpg,The opening of a new swimming pool is the talk of the town – particularly because Sunday has been announced as a day for women.,6.6,,0,fallback,,,0,,gelisah,,,,
409398,കിസ്മത്ത്,കിസ്മത്ത്,,2016,Romance | Drama,,,,,,https://image.tmdb.org/t/p/w500/47qFy6upNIvVNtmC7IZjHS8Jiy0.jpg,https://image.tmdb.org/t/p/original/47qFy6upNIvVNtmC7IZjHS8Jiy0.jpg,"Irfan, a young Muslim boy, falls in love with a Hindu girl, Anita who is much older than him. However, when their families oppose their relationship, the duo seeks help from the police.",7.5,,8,TMDB,2026-05-18,7.5,0.344,Released,hidayah,https://www.youtube.com/watch?v=HxH8JrUQ9JY,https://www.youtube.com/embed/HxH8JrUQ9JY,HxH8JrUQ9JY,"Kismath | Official Trailer | Vinay Forrt, Shruthi Menon, Shane Nigam | Manorama Online"
323384,A Gift of Miracles,A Gift of Miracles,,2015,Drama | Romance | TV Movie,,,,,,https://image.tmdb.org/t/p/w500/2QlqhaWoW5z1WbNZLpCdrkeV0QA.jpg,https://image.tmdb.org/t/p/original/2QlqhaWoW5z1WbNZLpCdrkeV0QA.jpg,"A pragmatic PhD candidate must let go of her logic when she finds a list of items to give away written by the late mother she never knew. With the encouragement of her enthusiastic new mentor, she attempts to return everything on the list and begins to encounter unexplainable coincidences that lead her to understand the world’s smallest marvels have the greatest meaning.",5.8,,46,TMDB,2026-05-18,5.8,0.449,Released,rindu,https://www.youtube.com/watch?v=qx9SaVD99u8,https://www.youtube.com/embed/qx9SaVD99u8,qx9SaVD99u8,A Gift Of Miracles Trailer
336972,A Sinner in Mecca,A Sinner in Mecca,,2015,Documentary,,,,,,https://image.tmdb.org/t/p/w500/yj7W7ogSFiDDUr6kpHYEiXVLWZ4.jpg,https://image.tmdb.org/t/p/original/yj7W7ogSFiDDUr6kpHYEiXVLWZ4.jpg,"For a gay filmmaker, filming in Saudi Arabia presents two serious challenges: filming is forbidden in the country and homosexuality is punishable by death. For filmmaker Parvez Sharma, however, these were risks he had to assume as he embarked on his Hajj pilgrimage, a journey considered the greatest accomplishment and aspiration within Islam, his religion. On his journey Parvez aims to look beyond 21st-century Islam’s crises of religious extremism, commercialism and sectarian battles. He brings back the story of the religion like it has never been told before, having endured the biggest jihad there is: the struggle with the self.",5.8,,10,TMDB,2026-05-18,5.8,0.19,Released,hidayah,,,,
343018,American Sharia,American Sharia,,2015,Drama | Comedy,,,,,,https://image.tmdb.org/t/p/w500/nrQcRJ24y2gV9xz1fuzvXXLJWTP.jpg,https://image.tmdb.org/t/p/original/nrQcRJ24y2gV9xz1fuzvXXLJWTP.jpg,"Fast paced, action packed comedy. Tension flares in The Motor City as Officer Richardson profiles every Muslim he sees as a terrorist. He goes on an arrest frenzy, which makes the community activists, Jihad and Osama take to the streets and rally the people to stand up for their rights. The Chief of Police wants to gain the trust of the Muslim community in order to get re-elected, but Attorney Leila Rodriguez is standing in the way with a discrimination law suit against Officer Richardson and the Motor City Police Department. The Chief calls on his most unreliable detective, Mohammed and partners him with a Middle Eastern, Sharia Law fanatic, Detective Abdul. The Chief wants them to ""Speak Muslim To The Muslims"" which he thinks will guarantee his re-election.  - Written by Omar Regan",4.2,,6,TMDB,2026-05-18,4.2,0.266,Released,hidayah,https://www.youtube.com/watch?v=xGYA8b7ppcY,https://www.youtube.com/embed/xGYA8b7ppcY,xGYA8b7ppcY,American Sharia Official Movie Trailer
334681,Among the Believers,Among the Believers,,2015,Documentary,,,,,,https://image.tmdb.org/t/p/w500/9oHPl14aMalTvgPbx9RdxvnrU4z.jpg,https://image.tmdb.org/t/p/original/9oHPl14aMalTvgPbx9RdxvnrU4z.jpg,"An unsettling and eye opening exploration into the spread of the radical Islamic school Red Mosque, which trains legions of children to devote their lives to jihad, or holy war, from a very young age. With incredible access and chilling footage, Among the Believers is a timely and relevant look into the causes that have led to the growth of radical Islam in Pakistan and around the world.",7,,21,TMDB,2026-05-18,7,0.183,Released,hidayah,,,,
543515,Badge of Faith,Badge of Faith,,2015,Drama,,,,,,https://image.tmdb.org/t/p/w500/6QeCHXBlLk0kdi50gisN5iwvZ4A.jpg,https://image.tmdb.org/t/p/original/6QeCHXBlLk0kdi50gisN5iwvZ4A.jpg,Sinopsis belum tersedia.,8.3,,5,TMDB,2026-05-18,8.3,0.174,Released,gelisah,,,,
608019,Blossoms of Faith,Blossoms of Faith,,2015,Drama | Family,,,,,,https://image.tmdb.org/t/p/w500/i9XHMPlaJSXCTXjQRYpHn8VwAtH.jpg,https://image.tmdb.org/t/p/original/i9XHMPlaJSXCTXjQRYpHn8VwAtH.jpg,A soon-to-be bride's faith is tested when a family tragedy strikes.,4.3,,3,TMDB,2026-05-18,4.3,0.045,Released,sedih,https://www.youtube.com/watch?v=aGSjh8DDcXU,https://www.youtube.com/embed/aGSjh8DDcXU,aGSjh8DDcXU,Blossoms of Faith - Official Teaser Trailer (2016)
335392,Dharam Sankat Mein,Dharam Sankat Mein,,2015,Comedy | Drama | Family | Fantasy | Mystery,,,,,,https://image.tmdb.org/t/p/w500/bjsXitRDmeQWIoUyQ3ZeUTonbkU.jpg,https://image.tmdb.org/t/p/original/bjsXitRDmeQWIoUyQ3ZeUTonbkU.jpg,The film revolves around a Hindu man (Paresh Rawal) who goes through an identity crisis when he discovers he was adopted as a son in a Hindu family but was born in a Muslim family. The journey starts with finding his real father.,6.7,,18,TMDB,2026-05-18,6.7,0.346,Released,hidayah,https://www.youtube.com/watch?v=qNripK67rH0,https://www.youtube.com/embed/qNripK67rH0,qNripK67rH0,Dharam Sankat Mein | Official Trailer | In Cinemas 10th April 2015
309425,Do You Believe?,Do You Believe?,,2015,Drama,,,,,,https://image.tmdb.org/t/p/w500/89fJ4hV9fCB01EvhhLOgjMJI4A6.jpg,https://image.tmdb.org/t/p/original/89fJ4hV9fCB01EvhhLOgjMJI4A6.jpg,"When a pastor is shaken by the visible faith of a street-corner preacher, he is reminded that true belief always requires action. His response ignites a journey that impacts everyone it touches in ways that only God could orchestrate.",6.6,,150,TMDB,2026-05-18,6.6,1.216,Released,gelisah,https://www.youtube.com/watch?v=ogIX2Q7tEdc,https://www.youtube.com/embed/ogIX2Q7tEdc,ogIX2Q7tEdc,Do You Believe? Official Trailer 1 (2015) - Drama Movie HD
335805,Faith of Our Fathers,Faith of Our Fathers,,2015,War | Drama,,,,,,https://image.tmdb.org/t/p/w500/6D3IkDzujeKiRcFGP6o5Bcb6gET.jpg,https://image.tmdb.org/t/p/original/6D3IkDzujeKiRcFGP6o5Bcb6gET.jpg,"With the Vietnam War raging in 1969, two young fathers report for duty. A man of great faith and a doubtful cynic. A quarter-century later, their sons, Wayne and John Paul (David A.R. White and Kevin Downes), meet as strangers. Guided by handwritten letters from their fathers from the battlefield, they embark on an unforgettable journey to The Wall-the Vietnam Veterans Memorial in Washington, D.C. Along the way, they discover the devastation of war cannot break the love of a father for his son.",5.6,,25,TMDB,2026-05-18,5.6,0.155,Released,marah,https://www.youtube.com/watch?v=eKcmxJw-u7s,https://www.youtube.com/embed/eKcmxJw-u7s,eKcmxJw-u7s,Faith of Our Fathers Official Trailer 1 (2015) - Stephen Baldwin War Drama HD
,Filosofi Kopi,Filosofi Kopi,,2015,Drama | Adventure,,,,,,https://image.tmdb.org/t/p/w500/hjhdIQOGmUvuwTPRxfklVf40bE8.jpg,https://image.tmdb.org/t/p/original/hjhdIQOGmUvuwTPRxfklVf40bE8.jpg,The level-headed owner of a struggling coffee shop finds his future at risk when his partner -- a talented but cocky barista -- makes a major bet.,6.7,,0,fallback,,,0,,gelisah,,,,
339739,Henry Gamble's Birthday Party,Henry Gamble's Birthday Party,,2015,Drama,,,,,,https://image.tmdb.org/t/p/w500/kW48UEn1Mbx62QNFzLnpDhX6fG1.jpg,https://image.tmdb.org/t/p/original/kW48UEn1Mbx62QNFzLnpDhX6fG1.jpg,"Unfolding over the course of one very eventful day in his life, at 17-year-old preacher’s kid Henry's afternoon birthday pool party, the guests include an assortment of grown-ups from the family church, as well as Henry’s secular and religious teen friends — including the closeted young Logan, who clearly has eyes for Henry.",5.9,,105,TMDB,2026-05-18,5.9,1.212,Released,gelisah,,,,
287903,Krampus,Krampus,,2015,Horror | Comedy | Fantasy,,,,,,https://image.tmdb.org/t/p/w500/mzPCU6xQ2XQmD76cDVZPm5PZAaS.jpg,https://image.tmdb.org/t/p/original/mzPCU6xQ2XQmD76cDVZPm5PZAaS.jpg,"When his dysfunctional family clashes over the holidays, young Max is disillusioned and turns his back on Christmas.  Little does he know, this lack of festive spirit has unleashed the wrath of Krampus: a demonic force of ancient evil intent on punishing non-believers.",6.2,,2387,TMDB,2026-05-18,6.2,3.299,Released,bahagia,https://www.youtube.com/watch?v=h6cVyoMH4QE,https://www.youtube.com/embed/h6cVyoMH4QE,h6cVyoMH4QE,Official Trailer
256962,Little Boy,Little Boy,,2015,Comedy | Drama | War,,,,,,https://image.tmdb.org/t/p/w500/lAU9pgq3niI6sFemcKm4FGGmrnW.jpg,https://image.tmdb.org/t/p/original/lAU9pgq3niI6sFemcKm4FGGmrnW.jpg,An eight-year-old boy is willing to do whatever it takes to end World War II so he can bring his father home. The story reveals the indescribable love a father has for his little boy and the love a son has for his father.,7.2,,563,TMDB,2026-05-18,7.2,1.777,Released,bahagia,https://www.youtube.com/watch?v=b_BdzqsIX6A,https://www.youtube.com/embed/b_BdzqsIX6A,b_BdzqsIX6A,"Little Boy Official Trailer (2015) - Emily Watson, Tom Wilkinson Movie HD"
426635,Muslim Drag Queens,Muslim Drag Queens,,2015,Documentary,,,,,,,,"""I'm gay, I'm Muslim, I'm a drag queen, I'm British and Pakistani,"" said Asif Quraishi, Britain's first out and proud Muslim drag queen who performs under the glamorous alter ego, Asifa Lahore. ""People say these things shouldn't fit together but hey, here I am."" Now Quaraishi and his fellow artistes have been promised police protection amid fears that a Channel 4 documentary shining a spotlight on the ""hidden"" community of gay British Asians could provoke a violent response. Quraishi, 33, from Southall, West London, performs a provocative act in which he strips off a Burka and has received death threats from fellow Muslims.",5,,3,TMDB,2026-05-18,5,0.05,Released,hidayah,,,,
336804,Mustang,Mustang,,2015,Drama,,,,,,https://image.tmdb.org/t/p/w500/8lrsjdydRxhKlKiGuMbbzuFKrdN.jpg,https://image.tmdb.org/t/p/original/8lrsjdydRxhKlKiGuMbbzuFKrdN.jpg,"In a Turkish village, five orphaned sisters live under strict rule while members of their family prepare their arranged marriages.",7.7,,1461,TMDB,2026-05-18,7.7,2.465,Released,marah,https://www.youtube.com/watch?v=r_JXyi1EGJk,https://www.youtube.com/embed/r_JXyi1EGJk,r_JXyi1EGJk,Mustang - Trailer
,Ngenest,Ngenest,,2015,Comedy | Drama,,,,,,https://image.tmdb.org/t/p/w500/hTkhMsFIsHbwKTpcyWgb7u6TTG0.jpg,https://image.tmdb.org/t/p/original/hTkhMsFIsHbwKTpcyWgb7u6TTG0.jpg,"From elementary school to adulthood, Ernest has struggled all his life to fit in but finds solace in his best friend and the woman of his dreams.",7.2,,0,fallback,,,0,,gelisah,,,,
314365,Spotlight,Spotlight,,2015,Drama | History,,,,,,https://image.tmdb.org/t/p/w500/8DPGG400FgaFWaqcv11n8mRd2NG.jpg,https://image.tmdb.org/t/p/original/8DPGG400FgaFWaqcv11n8mRd2NG.jpg,"The true story of how the Boston Globe uncovered the massive scandal of child molestation and cover-up within the local Catholic Archdiocese, shaking the entire Catholic Church to its core.",7.8,,8782,TMDB,2026-05-18,7.8,5.755,Released,gelisah,https://www.youtube.com/watch?v=yXymzwz0V2g,https://www.youtube.com/embed/yXymzwz0V2g,yXymzwz0V2g,Spotlight | Official Trailer [HD] | Global Road Entertainment
293646,The 33,The 33,,2015,Drama | History,,,,,,https://image.tmdb.org/t/p/w500/hpXkIuAlIlcNYACRE2MssxnHvZQ.jpg,https://image.tmdb.org/t/p/original/hpXkIuAlIlcNYACRE2MssxnHvZQ.jpg,"Based on the true story of the collapse of a mine in San Jose, Chile—that left 33 miners isolated underground for 69 days.",6.4,,988,TMDB,2026-05-18,6.4,3.344,Released,gelisah,https://www.youtube.com/watch?v=hOoIBOYqHyw,https://www.youtube.com/embed/hOoIBOYqHyw,hOoIBOYqHyw,The 33 - Official Trailer [HD]
,The Letters of Mikael Muhammad,The Letters of Mikael Muhammad,,2015,Drama,,,,,,https://image.tmdb.org/t/p/w500/5eznOmxrQvs17JuT8SxdZfcTkw0.jpg,https://image.tmdb.org/t/p/original/5eznOmxrQvs17JuT8SxdZfcTkw0.jpg,Mikael has been sending letters to Zoya. Zoya has been sending him books. Today is the first time they meet.,,,0,,,,0,,gelisah,,,,
324322,They Will Have to Kill Us First,They Will Have to Kill Us First,,2015,Music | Documentary,,,,,,https://image.tmdb.org/t/p/w500/7xOKJs1Q1M0KsrHgpfiFu9QcIbe.jpg,https://image.tmdb.org/t/p/original/7xOKJs1Q1M0KsrHgpfiFu9QcIbe.jpg,"In 2012, jihadists took control of northern Mali. They imposed one of the strictest interpretations of sharia law in history. On August 12th they banned music - radio stations destroyed, instruments burned and musicians facing torture, even death. Overnight, Mali’s most revered members of society – the musicians – were forced into hiding or exile. This film follows Mali’s musicians as they fight to keep music alive in their country. We witness fierce battles between the army and the jihadists, capture life over borders at refugee camps where money and hope are scarce, follow perilous journeys home to war ravaged cities, and for one band, Songhoy Blues, their path to international stardom.",6.2,,4,TMDB,2026-05-18,6.2,0.019,Released,marah,https://www.youtube.com/watch?v=714i4207GL4,https://www.youtube.com/embed/714i4207GL4,714i4207GL4,They Will Have to Kill Us First: Malian Music in Exile
158852,Tomorrowland,Tomorrowland,,2015,Adventure | Family | Mystery | Science Fiction,,,,,,https://image.tmdb.org/t/p/w500/kziYpr5Nfw60P0My8aj1sgCEqed.jpg,https://image.tmdb.org/t/p/original/kziYpr5Nfw60P0My8aj1sgCEqed.jpg,"Bound by a shared destiny, a bright, optimistic teen bursting with scientific curiosity and a former boy-genius inventor jaded by disillusionment embark on a danger-filled mission to unearth the secrets of an enigmatic place somewhere in time and space that exists in their collective memory as ""Tomorrowland.""",6.3,,7344,TMDB,2026-05-18,6.3,6.368,Released,rindu,https://www.youtube.com/watch?v=lNzukD8pS_s,https://www.youtube.com/embed/lNzukD8pS_s,lNzukD8pS_s,Official Trailer 3
333596,Woodlawn,Woodlawn,,2015,Drama,,,,,,https://image.tmdb.org/t/p/w500/BJ1XNBBEiqaCM4SQhHYTrWqCfn.jpg,https://image.tmdb.org/t/p/original/BJ1XNBBEiqaCM4SQhHYTrWqCfn.jpg,Love and unity in a school torn by racism and hate in the 1970s. A gifted high school football player must learn to embrace his talent and his faith as he battles racial tensions on and off the field.,6.9,,206,TMDB,2026-05-18,6.9,1.687,Released,gelisah,https://www.youtube.com/watch?v=BRQaEJv9qIk,https://www.youtube.com/embed/BRQaEJv9qIk,BRQaEJv9qIk,"Woodlawn Official Trailer 1 (2015) - Sean Astin, Jon Voight Movie HD"
193687,Z for Zachariah,Z for Zachariah,,2015,Drama | Romance | Science Fiction | Thriller,,,,,,https://image.tmdb.org/t/p/w500/c7rdpZlviWAcOOx5bnzfqPPPNvq.jpg,https://image.tmdb.org/t/p/original/c7rdpZlviWAcOOx5bnzfqPPPNvq.jpg,"In the wake of a nuclear war, a young woman survives on her own, fearing she may actually be the proverbial last woman on earth, until she discovers the most astonishing sight of her life: another human being. A distraught scientist, he’s nearly been driven mad by radiation exposure and his desperate search for others. A fragile, imperative strand of trust connects them. But when a stranger enters the valley, their precarious bond begins to unravel.",5.7,,992,TMDB,2026-05-18,5.7,1.358,Released,gelisah,https://www.youtube.com/watch?v=48vXebFUjsw,https://www.youtube.com/embed/48vXebFUjsw,48vXebFUjsw,Trailer
355930,תיקון,תיקון,,2015,Drama,,,,,,https://image.tmdb.org/t/p/w500/dhAcVYLsIFPcMUhRQs7HKPhaSU.jpg,https://image.tmdb.org/t/p/original/dhAcVYLsIFPcMUhRQs7HKPhaSU.jpg,"Haim-Aaron is a bright, ultra-orthodox religious scholar living in Jerusalem. His talents and devotion are envied by all. One evening, following a self-imposed fast, Haim-Aaron collapses and loses consciousness. The paramedics announce his death, but his father takes over resuscitation efforts and, beyond all expectations, Haim-Aaron comes back to life. After the accident, try as he might, Haim-Aaron remains apathetic to his studies. He feels overwhelmed by a sudden awakening of his body and suspects this is God testing him. He wonders if he should stray from the prescribed path and find a way to rekindle his faith...  The title means ""Rectify"" in Hebrew; nevertheless the movie is called Tikkun in the English-speaking world.",5.9,,21,TMDB,2026-05-18,5.9,0.408,Released,sedih,https://www.youtube.com/watch?v=PQmqv28cYpY,https://www.youtube.com/embed/PQmqv28cYpY,PQmqv28cYpY,Tikkun | Trailer | New Release
,الليلة الكبيرة,الليلة الكبيرة,,2015,Drama,,,,,,https://image.tmdb.org/t/p/w500/dcG8N9AFE0H397HcQtF0Ev3Fhnf.jpg,https://image.tmdb.org/t/p/original/dcG8N9AFE0H397HcQtF0Ev3Fhnf.jpg,"Spanning one day, the film takes place in a “Muled” (An Islamic saint's day celebration), following the curious and intertwined stories of a variety of different characters living nearby, working invisiting the Muled.",6.5,,0,fallback,,,0,,gelisah,,,,
315859,محمد رسول‌الله,محمد رسول‌الله,,2015,History | Drama,,,,,,https://image.tmdb.org/t/p/w500/dSlPUIM2ONpxtsFBtY3O6hRF0pi.jpg,https://image.tmdb.org/t/p/original/dSlPUIM2ONpxtsFBtY3O6hRF0pi.jpg,"Abousofyan tells Aboutaleb, Muhammad's uncle, that in the upcoming morning he wants to kill the holy prophet of Islam and Muslims, who are in boycott. Aboutaleb remembers the past years when Abraha charges ahead Mecca to ruin the house of God. but by God's will his army loses out against millions of small birds sent by GOD. A month later, Muhammad is born.",6.7,,75,TMDB,2026-05-18,6.7,1.157,Released,hidayah,https://www.youtube.com/watch?v=AedBPzbgcZE,https://www.youtube.com/embed/AedBPzbgcZE,AedBPzbgcZE,Muhammad: The Messenger of God (Trailer @ CPH:DOX 2015)
,ناهید,ناهید,,2015,Drama,,,,,,https://image.tmdb.org/t/p/w500/u9D9KTf9ps5h7H3NHitleMJB0ng.jpg,https://image.tmdb.org/t/p/original/u9D9KTf9ps5h7H3NHitleMJB0ng.jpg,"A young divorcee living with her son in a small northern city of Iran, wants to marry the man she has fallen in love with. According to the current rules, the father has the custody of children; however, her ex-husband has granted her that right on the condition that she doesn’t remarry. Struggling to keep both of her beloved ones, she has to think about the third option: Temporary Marriage (Sighe). However, this will get her into a predicament, as despite its being legal, Sighe is not well-received by the society at all. Would temporary marriage be a good solution for her?",6.4,,0,fallback,,,0,,gelisah,,,,
,আন্ডার কন্সট্রাকশন,আন্ডার কন্সট্রাকশন,,2015,Drama,,,,,,https://image.tmdb.org/t/p/w500/8EI5yFAYPCrJIuljUWHiqGPOHcD.jpg,https://image.tmdb.org/t/p/original/8EI5yFAYPCrJIuljUWHiqGPOHcD.jpg,"Roya is a middle-class Muslim woman that struggles to find herself in the sprawl of urban Bangladesh. When she discovers that she will be replaced by a younger actor for the role of Nandini —a central character of Rabindranath Tagore’s political play Red Oleanders —she battles to reconstruct the part, reclaiming her identity and sexuality in the process. As she sets the play in a modern day ready-made garment factory in Dhaka, her journey to establish her individuality is juxtaposed with the journey of her housemaid Moyna, who later joins the industrial workforce.",6.1,,0,fallback,,,0,,hidayah,,,,
,নির্বাসিত,নির্বাসিত,,2015,Drama,,,,,,https://image.tmdb.org/t/p/w500/6H1ezyhwfnbx3OAgDEtRTfjoPgU.jpg,https://image.tmdb.org/t/p/original/6H1ezyhwfnbx3OAgDEtRTfjoPgU.jpg,"This is a story of isolation and hope, of a writer in exile. The writer is banished for her attack on religious fundamentalism and patriarchy and her cat is suddenly left alone.",8,,0,fallback,,,0,,gelisah,,,,
360648,എന്ന് നിന്‍റെ മൊയ്തീൻ,എന്ന് നിന്‍റെ മൊയ്തീൻ,,2015,Drama | Romance,,,,,,https://image.tmdb.org/t/p/w500/9COT6zivEblc23Rajf2q4SvyhSk.jpg,https://image.tmdb.org/t/p/original/9COT6zivEblc23Rajf2q4SvyhSk.jpg,"Children of two renowned families fall in love amidst orthodox surroundings. When their inter-religious relationship is opposed, the two lovers' situation is fraught with familial pressure, societal culture and blind arrogance.",7.2,,34,TMDB,2026-05-18,7.2,0.389,Released,hidayah,https://www.youtube.com/watch?v=graP-a1MxN4,https://www.youtube.com/embed/graP-a1MxN4,graP-a1MxN4,Mukkathe Penne | Official Video Song HD | Ennu Ninte Moideen | Prithviraj | Parvathi
291348,A Matter of Faith,A Matter of Faith,,2014,Drama,,,,,,https://image.tmdb.org/t/p/w500/j4JwHpOjV6ZU1StNmpqtLMiRsND.jpg,https://image.tmdb.org/t/p/original/j4JwHpOjV6ZU1StNmpqtLMiRsND.jpg,"Christian girl Rachel Whitaker goes off to college for her freshman year and begins to be influenced by her popular biology professor Marcus Kaman, who teaches that evolution is the answer to the origins of life. When Rachel’s father senses something amiss with his daughter, he begins to examine the situation and what he discovers catches him completely off-guard. Now very concerned about Rachel drifting away from her Christian faith, he sets out to do something about it.",4.8,,34,TMDB,2026-05-18,4.8,0.398,Released,rindu,https://www.youtube.com/watch?v=QYmREjN0s1U,https://www.youtube.com/embed/QYmREjN0s1U,QYmREjN0s1U,A Matter of Faith - Christian Movie Trailer
157849,A Most Wanted Man,A Most Wanted Man,,2014,Thriller,,,,,,https://image.tmdb.org/t/p/w500/6B76Z5Ct758RfKFoFg37skVRiMp.jpg,https://image.tmdb.org/t/p/original/6B76Z5Ct758RfKFoFg37skVRiMp.jpg,A Chechen Muslim illegally immigrates to Hamburg and becomes a person of interest for a covert government team tracking the movements of potential terrorists.,6.5,,1476,TMDB,2026-05-18,6.5,1.974,Released,hidayah,https://www.youtube.com/watch?v=x_brlcjskE0,https://www.youtube.com/embed/x_brlcjskE0,x_brlcjskE0,Official Trailer
251321,Aloft,Aloft,,2014,Drama,,,,,,https://image.tmdb.org/t/p/w500/fxwJywCV6XLAFi0FcqVyduw0Fu.jpg,https://image.tmdb.org/t/p/original/fxwJywCV6XLAFi0FcqVyduw0Fu.jpg,"As we follow a mother and her son, we delve into a past marred by an accident that tears them apart. She will become a renowned artist and healer, and he will grow into his own and a peculiar falconer who bears the marks of a double absence. In the present, a young journalist will bring about an encounter between the two that puts the very meaning of life and art into question, so that we may contemplate the possibility of living life to its fullest, despite the uncertainties littering our paths.",5.3,,137,TMDB,2026-05-18,5.3,0.694,Released,sedih,https://www.youtube.com/watch?v=bQ2LIDwQ49U,https://www.youtube.com/embed/bQ2LIDwQ49U,bQ2LIDwQ49U,"Aloft Official Trailer 1 (2015) - Jennifer Connelly, Cillian Murphy Movie HD Movie HD"
287322,Blackbird,Blackbird,,2014,Drama,,,,,,https://image.tmdb.org/t/p/w500/30ZQdfpt8097DwD3USxJDymHW8Q.jpg,https://image.tmdb.org/t/p/original/30ZQdfpt8097DwD3USxJDymHW8Q.jpg,"Seventeen-year-old Randy tries very hard to be a good person. Since his father left, Randy takes care of his emotionally disturbed mother, and he's the kind of friend all of his classmates can depend on. As strong as he seems on the outside, Randy is hiding a secret inner struggle and denial of his true self. It's not until he opens himself up to love that he discovers that becoming a man means accepting who you really are.",5.6,,35,TMDB,2026-05-18,5.6,0.429,Released,rindu,https://www.youtube.com/watch?v=U3KEVWeHPg8,https://www.youtube.com/embed/U3KEVWeHPg8,U3KEVWeHPg8,"Blackbird Official Trailer 1 (2015) - Mo'Nique, Isaiah Washington Movie HD"
,Brev til kongen,Brev til kongen,,2014,Drama,,,,,,https://image.tmdb.org/t/p/w500/oFtGsmOVL8107fB5LE1aoZ9BEZ.jpg,https://image.tmdb.org/t/p/original/oFtGsmOVL8107fB5LE1aoZ9BEZ.jpg,"In Letter to the King we meet a group of refugees, all with their own agendas, on an excursion to Oslo. A young man about to be deported visits his former employers to collect his off-the-books salary, a martial arts expert is looking for work, a young woman is haunted by the past and out for vengeance and an old man named Mirza is busy writing a letter to the king to get his final wish granted. An altogether urgent and nuanced portrait of a motley group of individuals, too often regarded as a homogeneous group.",6.2,,0,fallback,,,0,,gelisah,,,,
157832,Calvary,Calvary,,2014,Drama,,,,,,https://image.tmdb.org/t/p/w500/jzgiam18I0gR20LB8BAE5u4dIdm.jpg,https://image.tmdb.org/t/p/original/jzgiam18I0gR20LB8BAE5u4dIdm.jpg,"After being threatened during a confession, a good-natured priest must battle the dark forces closing in around him.",7.1,,1057,TMDB,2026-05-18,7.1,1.706,Released,sedih,https://www.youtube.com/watch?v=3iBJbcHq-oU,https://www.youtube.com/embed/3iBJbcHq-oU,3iBJbcHq-oU,Official US Trailer
,Desert Dancer,Desert Dancer,,2014,Drama | Music,,,,,,https://image.tmdb.org/t/p/w500/uV1GYM2gdit0SnNWAweG321evbg.jpg,https://image.tmdb.org/t/p/original/uV1GYM2gdit0SnNWAweG321evbg.jpg,"Inspirational true story of Iranian dancer Afshin Ghaffarian, who risked his life for his dream to become a dancer despite a nationwide dancing ban.",6.9,,0,fallback,,,0,,hidayah,,,,
265672,Fight Church,Fight Church,,2014,Documentary,,,,,,https://image.tmdb.org/t/p/w500/bNaoJMpU5LG2gixe4pUe9q7NWHq.jpg,https://image.tmdb.org/t/p/original/bNaoJMpU5LG2gixe4pUe9q7NWHq.jpg,"A documentary about the confluence of Christianity and mixed martial arts, including ministries which train fighters. The film follows several pastors and popular fighters in their quest to reconcile their faith with a sport that many consider violent and barbaric. Faith is tried and questions are raised. Can you really love your neighbor as yourself and then punch him in the face?",5.5,,6,TMDB,2026-05-18,5.5,0.266,Released,marah,,,,
,Hazeezat,Hazeezat,,2014,Drama,,,,,,https://image.tmdb.org/t/p/w500/briJ0Ql0uReOVBkxrEfepvc8Yxa.jpg,https://image.tmdb.org/t/p/original/briJ0Ql0uReOVBkxrEfepvc8Yxa.jpg,"A naive Muslim girl is devastated when she falls pregnant and her married lover callously instructs her to abort the child. Her mission is to get back into his good graces, but she is unexpectedly distracted along the way.",,,0,,,,0,,gelisah,,,,
236751,Heaven Is for Real,Heaven Is for Real,,2014,Drama,,,,,,https://image.tmdb.org/t/p/w500/tsFovEJuZHVgpvFTHXb37l7ma4F.jpg,https://image.tmdb.org/t/p/original/tsFovEJuZHVgpvFTHXb37l7ma4F.jpg,"After their young son, Colton, undergoes emergency surgery, small-town parents Todd and Sonja Burpo are overjoyed at the child's miraculous recovery. However, the Burpos are unprepared for what happens next... Colton says that during his surgery he went to heaven and back, and tells his parents things that he couldn't possibly know. Can Todd find the courage and conviction to share his son's extraordinary, life-changing experience with the world?",6.8,,883,TMDB,2026-05-18,6.8,2.557,Released,sedih,https://www.youtube.com/watch?v=N-ewaCVARtM,https://www.youtube.com/embed/N-ewaCVARtM,N-ewaCVARtM,Heaven Is For Real - Official Trailer - In Theaters Easter 2014
244267,I Origins,I Origins,,2014,Science Fiction | Drama,,,,,,https://image.tmdb.org/t/p/w500/2P31jhd1dWUAPD8dmnSrwkQ8CNN.jpg,https://image.tmdb.org/t/p/original/2P31jhd1dWUAPD8dmnSrwkQ8CNN.jpg,A molecular biologist's study of the human eye has far-reaching implications about humanity's scientific and spiritual beliefs.,7.6,,3457,TMDB,2026-05-18,7.6,5.091,Released,gelisah,https://www.youtube.com/watch?v=sEGppIgwKf0,https://www.youtube.com/embed/sEGppIgwKf0,sEGppIgwKf0,I ORIGINS: Official HD Trailer
,Invasion 1897,Invasion 1897,,2014,History,,,,,,https://image.tmdb.org/t/p/w500/75hrZaiApFZpBQmm82U5znD3S9C.jpg,https://image.tmdb.org/t/p/original/75hrZaiApFZpBQmm82U5znD3S9C.jpg,"Igie Ehanire a research student on African Art history gets touched, he gets more perturbed about the injustice of the British invasion of Benin.",3,,0,fallback,,,0,,hidayah,,,,
,Knocking On Heaven's Door,Knocking On Heaven's Door,,2014,Drama | Music,,,,,,,,The seemingly perfect marriage between Moses and gospel singer Debbie starts showing visible cracks as a dark secret from Moses' past surfaces.,,,0,,,,0,,gelisah,,,,
303483,Les Héritiers,Les Héritiers,,2014,Drama,,,,,,https://image.tmdb.org/t/p/w500/dHGRwKIDyrMjudTp1BlBKxe4Gvq.jpg,https://image.tmdb.org/t/p/original/dHGRwKIDyrMjudTp1BlBKxe4Gvq.jpg,"At Léon Blum High School in Créteil, France, a history teacher decides to have her weakest 10th grade class participate in a national history competition.",7.4,,329,TMDB,2026-05-18,7.4,0.397,Released,gelisah,https://www.youtube.com/watch?v=UozgwCTAi8I,https://www.youtube.com/embed/UozgwCTAi8I,UozgwCTAi8I,Once In A Lifetime - Official U.S. Trailer
,Mastram,Mastram,,2014,Drama,,,,,,https://image.tmdb.org/t/p/w500/yANwS5NwTd0bsqZfyaKVQrCbch0.jpg,https://image.tmdb.org/t/p/original/yANwS5NwTd0bsqZfyaKVQrCbch0.jpg,Rajaram is a small town bank clerk who dreams of travelling to Delhi and becoming a reputed writer. His litterateur aspirations are supported by none except his wife Renu.,3.1,,0,fallback,,,0,,gelisah,,,,
291854,Meet the Mormons,Meet the Mormons,,2014,Family | Documentary,,,,,,https://image.tmdb.org/t/p/w500/ylSpCMd2qGrr3FXsdd1f0HNdPMd.jpg,https://image.tmdb.org/t/p/original/ylSpCMd2qGrr3FXsdd1f0HNdPMd.jpg,"Meet the Mormons examines the very diverse lives of six devout Mormons. Filmed on location and across the globe, Meet the Mormons takes viewers on a journey into the day-to-day realities of individuals living in the U.S., Costa Rica, Nepal and beyond. From their individual passions to their daily struggles, each story paints a picture as rich and unique as the next while challenging the stereotypes that surround the Mormon faith.",6,,12,TMDB,2026-05-18,6,0.256,Released,gelisah,https://www.youtube.com/watch?v=n2Y8Jalsf54,https://www.youtube.com/embed/n2Y8Jalsf54,n2Y8Jalsf54,Meet the Mormons official theatrical trailer
248231,Miraculum,Miraculum,,2014,Drama,,,,,,https://image.tmdb.org/t/p/w500/z7bBVDvrCXrwzcUMsyx7R2MrexU.jpg,https://image.tmdb.org/t/p/original/z7bBVDvrCXrwzcUMsyx7R2MrexU.jpg,"Sometimes, we're just waiting for a miracle. A nurse who is a Jehovah's Witness, grows fond of the miracle survivor of a plane crash. Two sexagenarians, a bartender and a parking lot attendant want to explore their forbidden passions. A conservative, well-off couple drown their disappointments in booze and gambling. And a man does his utmost to make amends for an irredeemable action, bringing us to a plane bound for Cuba. An ensemble film where every character affects the lives of others.",5,,26,TMDB,2026-05-18,5,0.39,Released,gelisah,,,,
,The Cut,The Cut,,2014,History | Drama,,,,,,https://image.tmdb.org/t/p/w500/QGmH2wYtZWyrFZ2T9VFOJntsfR.jpg,https://image.tmdb.org/t/p/original/QGmH2wYtZWyrFZ2T9VFOJntsfR.jpg,"In 1915 a man survives the Armenian genocide in the Ottoman Empire, but loses his family, speech and faith. One night he learns that his twin daughters may be alive, and goes on a quest to find them.",5.9,,0,fallback,,,0,,gelisah,,,,
,The Hundred-Foot Journey,The Hundred-Foot Journey,,2014,Drama | Comedy,,,,,,https://image.tmdb.org/t/p/w500/1vFhSr7INoulu18smHqicft05i8.jpg,https://image.tmdb.org/t/p/original/1vFhSr7INoulu18smHqicft05i8.jpg,A story centered around an Indian family who moves to France and opens a restaurant across the street from a Michelin-starred French restaurant.,7.3,,0,fallback,,,0,,gelisah,,,,
267480,The Look of Silence,The Look of Silence,,2014,History | Documentary,,,,,,https://image.tmdb.org/t/p/w500/7TakQLT8gyzIMG8hX8RLTd5qROQ.jpg,https://image.tmdb.org/t/p/original/7TakQLT8gyzIMG8hX8RLTd5qROQ.jpg,"An optician grapples with the Indonesian mass killings of 1965-1966, during which his older brother was exterminated.",7.8,,310,TMDB,2026-05-18,7.8,1.132,Released,sedih,https://www.youtube.com/watch?v=iUnMbG0FzdQ,https://www.youtube.com/embed/iUnMbG0FzdQ,iUnMbG0FzdQ,The Look of Silence  - Official Trailer
,The Savior,The Savior,,2014,Family | History | Drama,,,,,,https://image.tmdb.org/t/p/w500/qOHtls5NV4VD5rojA0pCLhhfhH4.jpg,https://image.tmdb.org/t/p/original/qOHtls5NV4VD5rojA0pCLhhfhH4.jpg,"It is a time when Rome rules the world with the power of life and death in their hands. The province of Roman Palestine is a bubbling cauldron of rebellion and control. And on this greater canvas Luke, narrates a story of wonder, amazement and impact... The world is anticipating this moment in history but no one can imagine God touching His creation in the form of a little baby named Jesus. Much is recorded in the Gospels about Jesus' miraculous birth, to a young virgin named Mary, in Bethlehem, but little is known about his quiet growing up in Nazareth. Joseph, his adopted father, seems to have died well before Jesus turns 30 and begins his ministry.",7.7,,0,fallback,,,0,,sedih,,,,
239678,This Is Where I Leave You,This Is Where I Leave You,,2014,Drama | Comedy,,,,,,https://image.tmdb.org/t/p/w500/rVUI2267FdetVWz9UBQbqTmRVhQ.jpg,https://image.tmdb.org/t/p/original/rVUI2267FdetVWz9UBQbqTmRVhQ.jpg,"When their father passes away, four grown, world-weary siblings return to their childhood home and are requested -- with an admonition -- to stay there together for a week, along with their free-speaking mother and a collection of spouses, exes and might-have-beens. As the brothers and sisters re-examine their shared history and the status of each tattered relationship among those who know and love them best, they reconnect in hysterically funny and emotionally significant ways.",6.6,,1473,TMDB,2026-05-18,6.6,3.161,Released,bahagia,https://www.youtube.com/watch?v=fH0cEP0mvlU,https://www.youtube.com/embed/fH0cEP0mvlU,fH0cEP0mvlU,This Is Where I Leave You - Official Trailer [HD]
265228,Timbuktu,Timbuktu,,2014,Drama | War,,,,,,https://image.tmdb.org/t/p/w500/tCpHpn8msgonS9HVDMkrcSZh4an.jpg,https://image.tmdb.org/t/p/original/tCpHpn8msgonS9HVDMkrcSZh4an.jpg,"Just outside of the Malian city of Timbuktu, now occupied by militant Islamic rebels who impose the Sharia on civilians and inconvenience their daily life, a cattleman kills a fisherman.",7,,511,TMDB,2026-05-18,7,1.057,Released,hidayah,https://www.youtube.com/watch?v=k0yFA5qQ5cM,https://www.youtube.com/embed/k0yFA5qQ5cM,k0yFA5qQ5cM,Official UK Trailer
265351,İtirazım Var,İtirazım Var,,2014,Drama | Action | Crime,,,,,,https://image.tmdb.org/t/p/w500/sIoARCZEJA69wAkyOZWvZW4hRUs.jpg,https://image.tmdb.org/t/p/original/sIoARCZEJA69wAkyOZWvZW4hRUs.jpg,"Selman is a former boxer who once was interested in anthropology, an extraordinary imam who now works in a mosque. One day, while praying in the mosque, gunshots are echoed. One of the people inside collapses and dies. The police come to the scene and collect the first evidence and start the investigation process. He takes action after this event and decides to resolve the case through some people and circumstances he suspects. Every clue leads to an unexpected point and the events become increasingly mysterious.",7,,80,TMDB,2026-05-18,7,0.266,Released,hidayah,https://www.youtube.com/watch?v=HvXQszltsrA,https://www.youtube.com/embed/HvXQszltsrA,HvXQszltsrA,İtirazım Var // Official Trailer
,آتش بس 2,آتش بس 2,,2014,Comedy | Drama | Family,,,,,,https://image.tmdb.org/t/p/w500/8G79AwNQt6rrw8WxhYThbA9FCah.jpg,https://image.tmdb.org/t/p/original/8G79AwNQt6rrw8WxhYThbA9FCah.jpg,A young couple try to fix their marriage troubles with the help of a psychiatrist.,1,,0,fallback,,,0,,gelisah,,,,
,رستاخیز,رستاخیز,,2014,Drama | History | War,,,,,,https://image.tmdb.org/t/p/w500/dWHwZC77oxJxluYmuGo4yzDr1WN.jpg,https://image.tmdb.org/t/p/original/dWHwZC77oxJxluYmuGo4yzDr1WN.jpg,"The story of Imam Hossein's battle in Karbala, an unfair war which made one the most important effects in Islam history.",7.6,,0,fallback,,,0,,hidayah,,,,
,ونبوون لە غوبار,ونبوون لە غوبار,,2014,Drama | Romance | War,,,,,,https://image.tmdb.org/t/p/w500/A62neRuTPpLxrotllz3ovHd3a2Z.jpg,https://image.tmdb.org/t/p/original/A62neRuTPpLxrotllz3ovHd3a2Z.jpg,"Two Friends both are in love with a Kurdish Muslim girl. The girl's parents don't want their girl to marry any of the boys, the first one is from another religion and the second one is the Baath's agent.",4,,0,fallback,,,0,,hidayah,,,,
,چ,چ,,2014,War,,,,,,https://image.tmdb.org/t/p/w500/7aORIgYCgMf5FmwrEq6cbzeKPxB.jpg,https://image.tmdb.org/t/p/original/7aORIgYCgMf5FmwrEq6cbzeKPxB.jpg,"Two days in the life of Mostafa Chamran, Iran's first post-revolutionary defense minister, as he attempts to prevent the city of Paveh from falling to Kurdish separatists in 1979.",5.6,,0,fallback,,,0,,hidayah,,,,
,বিয়ে নট আউট,বিয়ে নট আউট,,2014,Drama | Family | Romance,,,,,,https://image.tmdb.org/t/p/w500/skSUktx0B3StYlutEFkR2jQZa1h.jpg,https://image.tmdb.org/t/p/original/skSUktx0B3StYlutEFkR2jQZa1h.jpg,Rina and Nikhil have been married for eight years and feel that their marriage has become lifeless. Their situation worsens after their former lovers enter their lives.,,,0,,,,0,,gelisah,,,,
,一路有你,一路有你,,2014,Comedy | Drama | Family,,,,,,https://image.tmdb.org/t/p/w500/5KV4Bnup8HRLAEG0b0701B5OxXr.jpg,https://image.tmdb.org/t/p/original/5KV4Bnup8HRLAEG0b0701B5OxXr.jpg,"The Journey is a cross-continental story that explores the idea of culture, not just as tradition but as an expression of love. When Bee (Yew) returns to Malaysia for the first time in a decade - she introduces her conservative father Uncle Chuan (Lee) to her happy-go-lucky British fiancé, Benji (Pfeiffer). With Benji's lack of cultural understanding and comprehension of Chinese traditions, Chuan opposes their marriage. Unexpected circumstances ensue, and Chuan reluctantly submits to their union, on the condition that their wedding adheres to Chinese tradition. Part of that tradition is that Chuan must invite all of his childhood friends personally. So the quintessential odd couple, Benji and Chuan, embark on a cross country adventure to deliver the invitations. Despite language barriers and initial hesitation from both parties, the two men come to realize that their priorities are essentially one and the same.",6.2,,0,fallback,,,0,,gelisah,,,,
,釋迦牟尼佛傳,釋迦牟尼佛傳,,2014,Drama | History,,,,,,https://image.tmdb.org/t/p/w500/A5PPx8rVp9fUMxobiio2faGoCeI.jpg,https://image.tmdb.org/t/p/original/A5PPx8rVp9fUMxobiio2faGoCeI.jpg,"""The Biography of Sakyamuni Buddha"" reproduces the journey of Sakyamuni from the birth of a prince, his renunciation, ascetic practice, seeking the Tao, until he became enlightened under the bodhi tree and became a Buddha more than 2,000 years ago.",,,0,,,,0,,hidayah,,,,
,Accident,Accident,,2013,Drama,,,,,,,,A man seeks counsel from a lawyer hoping to end his marriage but things take a turn for the worst when his wife is murdered and all clues point to him.,,,0,,,,0,,gelisah,,,,
,B for Boy,B for Boy,,2013,Drama,,,,,,https://image.tmdb.org/t/p/w500/4MZ7yZrgCzTjyVlTmlqmPOe5Zmt.jpg,https://image.tmdb.org/t/p/original/4MZ7yZrgCzTjyVlTmlqmPOe5Zmt.jpg,"B for Boy is a contemporary drama set in Nigeria, about one woman's desperate need for a male child, which reveals the discrimination of women in the names of culture and religion.",10,,0,fallback,,,0,,gelisah,,,,
,BenCinta,BenCinta,,2013,Drama | Romance | Action,,,,,,https://image.tmdb.org/t/p/w500/jy6qkFJRz8udDZGPHJsZgRRVIEJ.jpg,https://image.tmdb.org/t/p/original/jy6qkFJRz8udDZGPHJsZgRRVIEJ.jpg,"Nora Danish headlines the film as the lead actress in ""Bencinta"", which is actually derived from the words ""benci"" and ""cinta"" in Malay, translated to hate and love, respectively. The film tells the story of a newly wedded couple whose relationship sours when Faizal, the rich husband, begins having affairs and turns abusive. Trapped in the destructive marriage due to conservative societal values, Fathia runs away to Langkawi and takes refuge with her best friend. Before they realise it, the two fall in love, but Fathia first has to deal with her husband.",,,0,,,,0,,gelisah,,,,
,Cinta Brontosaurus,Cinta Brontosaurus,,2013,Comedy | Drama | Romance,,,,,,https://image.tmdb.org/t/p/w500/pxqFjaGiKqh6vNwwPJzf82V1T9D.jpg,https://image.tmdb.org/t/p/original/pxqFjaGiKqh6vNwwPJzf82V1T9D.jpg,A writer who believes all relationships have expiration dates finally meets someone who could potentially reverse his negative logic.,6.2,,0,fallback,,,0,,gelisah,,,,
,Dance of the Steel Bars,Dance of the Steel Bars,,2013,Drama,,,,,,https://image.tmdb.org/t/p/w500/neVwNt1SNSJaAxPHUNBYC7SB8o9.jpg,https://image.tmdb.org/t/p/original/neVwNt1SNSJaAxPHUNBYC7SB8o9.jpg,"This riveting feature film about redemption follows Frank Parish, a retired US fireman and philanthropist who finds himself wrongly accused of murder and jailed in the Philippines. Stuck in prison, Frank was beginning to lose faith in everything he believed in until he becomes friends with Mando, a convicted murderer who denies his passion for dancing just to prove his masculinity and Allona, a transsexual who tries to contribute to prison reforms by teaching his fellow inmates dance exercises. They get involved in a tricky struggle between the positive changes initiated by the new warden and the corrupt system that weighs down the inmates' chance to become better individuals. Frank finds himself caught in an intricate web of lies and must choose between concealing what he knows to keep himself out of danger or to help his fellow inmates by revealing the truth. Will he remain on the sidelines as an observer, or will he dance the dance of the steel bars?",,,0,,,,0,,hidayah,,,,
211086,Faith Connections,Faith Connections,,2013,Documentary | Drama,,,,,,https://image.tmdb.org/t/p/w500/cPdgSTu7SV9HCxuBujWSbm3RUbZ.jpg,https://image.tmdb.org/t/p/original/cPdgSTu7SV9HCxuBujWSbm3RUbZ.jpg,A filmmaker's insight into the biggest gathering on earth -the Kumbh Mela.,4.8,,11,TMDB,2026-05-18,4.8,0.142,Released,gelisah,,,,
,Kara King,Kara King,,2013,Comedy | Family,,,,,,https://image.tmdb.org/t/p/w500/mnq2tK8P4Vf89XXasTYDuuVCd25.jpg,https://image.tmdb.org/t/p/original/mnq2tK8P4Vf89XXasTYDuuVCd25.jpg,"Wu wins the Regional Karaoke Championship in Hong Kong at the cost of his Taiwanese friend Gao`s loss. When Gao`s love interest Ah Hu accepts Wu`s marriage proposal, the rivalry between these two Karaoke champions turns into a lifelong competition. But during the peak of his singing career, Wu suddenly decides to give up all the fame and fortune and disappear from Hong Kong with his two children. Just when Wu thinks he could take all his secrets with him to his grave, Gao finds him and comes to wreak havoc at Kara Village. With the news about his long-lost wife at stake, Wu is forced to come out of retirement for one last duel between the two Karaoke champions.",8,,0,fallback,,,0,,gelisah,,,,
180856,King's Faith,King's Faith,,2013,Drama,,,,,,https://image.tmdb.org/t/p/w500/bYXZEWBVbh0rs1ZOUFqNMsrbzhl.jpg,https://image.tmdb.org/t/p/original/bYXZEWBVbh0rs1ZOUFqNMsrbzhl.jpg,"After Brendan King's life spiraled to rock bottom, the teen found hope in a new relationship with Christ while serving time in a juvenile penitentiary. Recently released from prison, Brendan finds solace in the foster home of a couple struggling with suppressed grief.",7,,20,TMDB,2026-05-18,7,0.291,Released,sedih,https://www.youtube.com/watch?v=CQJJtaYcaXk,https://www.youtube.com/embed/CQJJtaYcaXk,CQJJtaYcaXk,King's Faith | Movie | Official Trailer
179144,La grande bellezza,La grande bellezza,,2013,Drama,,,,,,https://image.tmdb.org/t/p/w500/7suf0vaQfv5E7X1GVh4HJwK90yo.jpg,https://image.tmdb.org/t/p/original/7suf0vaQfv5E7X1GVh4HJwK90yo.jpg,"Jep Gambardella has seduced his way through the lavish nightlife of Rome for decades, but after his 65th birthday and a shock from the past, Jep looks past the nightclubs and parties to find a timeless landscape of absurd, exquisite beauty.",7.5,,3316,TMDB,2026-05-18,7.5,2.981,Released,rindu,https://www.youtube.com/watch?v=koxRDhAQOpw,https://www.youtube.com/embed/koxRDhAQOpw,koxRDhAQOpw,THE GREAT BEAUTY - Official HD Trailer
231263,Little Hope Was Arson,Little Hope Was Arson,,2013,Documentary,,,,,,https://image.tmdb.org/t/p/w500/ziows3VpQCSzhEdmdgQSpj4w8nT.jpg,https://image.tmdb.org/t/p/original/ziows3VpQCSzhEdmdgQSpj4w8nT.jpg,"January 2010: In the buckle of the Bible Belt, 10 churches burn to the ground in just over a month igniting the largest criminal investigation in East Texas history. No stone is left unturned and even Satan himself is considered a suspect in this gripping investigation of a community terrorized from the inside-out. Families are torn apart and communities of faith struggle with forgiveness and justice in this incredible true story.",5.8,,12,TMDB,2026-05-18,5.8,0.184,Released,gelisah,https://www.youtube.com/watch?v=GwrOdbanxyg,https://www.youtube.com/embed/GwrOdbanxyg,GwrOdbanxyg,Little Hope Was Arson - Official Trailer
129734,Paradies: Glaube,Paradies: Glaube,,2013,Drama,,,,,,https://image.tmdb.org/t/p/w500/5BczhbPMZDOBr8NxXCQHx3j0MQp.jpg,https://image.tmdb.org/t/p/original/5BczhbPMZDOBr8NxXCQHx3j0MQp.jpg,"For Anna Maria, paradise lies with Jesus, and she devotes her time to door-to-door missionary work. One day after years of absence, her husband, an Egyptian Muslim confined to a wheelchair, comes home—and soon prayers are replaced by fighting.",6.5,,125,TMDB,2026-05-18,6.5,0.578,Released,hidayah,https://www.youtube.com/watch?v=ZLkavqzwZF8,https://www.youtube.com/embed/ZLkavqzwZF8,ZLkavqzwZF8,Official Trailer
205220,Philomena,Philomena,,2013,Drama,,,,,,https://image.tmdb.org/t/p/w500/eBUv2GmGdXmCk1AaSOmyiu70hN8.jpg,https://image.tmdb.org/t/p/original/eBUv2GmGdXmCk1AaSOmyiu70hN8.jpg,"A woman searches for her adult son, who was taken away from her decades ago when she was forced to live in a convent.",7.3,,1716,TMDB,2026-05-18,7.3,2.182,Released,sedih,https://www.youtube.com/watch?v=a8WyFLsdtNw,https://www.youtube.com/embed/a8WyFLsdtNw,a8WyFLsdtNw,Official Trailer
,Sang Kiai,Sang Kiai,,2013,History | Drama,,,,,,https://image.tmdb.org/t/p/w500/tKozb51KSpKZhRlMYSzliQFj2Kh.jpg,https://image.tmdb.org/t/p/original/tKozb51KSpKZhRlMYSzliQFj2Kh.jpg,It follows the struggle of clerics to keep Islam alive during the Japanese invasion of Indonesia in 1942.,8.8,,0,fallback,,,0,,hidayah,,,,
,Sotto Voce,Sotto Voce,,2013,Drama,,,,,,https://image.tmdb.org/t/p/w500/vHmzh22MmatEUbyNKjoU01mYVE2.jpg,https://image.tmdb.org/t/p/original/vHmzh22MmatEUbyNKjoU01mYVE2.jpg,"During the Algerian war, the road to Beni Boussaid on the Morocco-Algeria border is obstructed by the Morice line, a 430-mile long belt that is electrified and heavily mined. Moussa, a Moroccan friend of the revolution, helps refugees across the mountains. However, he must go through Beni Boussaid when he finds out that the path he usually takes is no longer safe. Hans, a Communist militant of the GDR, loses a leg on the way, while trying to remove a mine from a passageway. Normally, the wounded and sick are put to rest, but Hans is not a Muslim and cannot be a martyr.",7,,0,fallback,,,0,,hidayah,,,,
,Su ve Ateş,Su ve Ateş,,2013,Drama | Romance,,,,,,https://image.tmdb.org/t/p/w500/7Q91NanJYGIUljUM7STDLECllyq.jpg,https://image.tmdb.org/t/p/original/7Q91NanJYGIUljUM7STDLECllyq.jpg,"A pretty young girl falls for an enigmatic, shy man who sweeps her off her feet. She becomes pregnant but is not allowed to tell him. His advisers are adamant. Back home, they have set up a wedding with the daughter of an antagonistic family and marriage will put an end to the blood feud between them.",7.9,,0,fallback,,,0,,gelisah,,,,
159037,The Square,The Square,,2013,Documentary | Drama | History,,,,,,https://image.tmdb.org/t/p/w500/kc3cLOxhTQ2aMNdPGZxAzm0aaTK.jpg,https://image.tmdb.org/t/p/original/kc3cLOxhTQ2aMNdPGZxAzm0aaTK.jpg,"The Square looks at the hard realities faced day-to-day by people working to build Egypt’s new democracy. Cairo’s Tahrir Square is the heart and soul of the film, which follows several young activists. Armed with values, determination, music, humor, an abundance of social media, and sheer obstinacy, they know that the thorny path to democracy only began with Hosni Mubarak’s fall. The life-and-death struggle between the people and the power of the state is still playing out.",7.6,,162,TMDB,2026-05-18,7.6,0.708,Released,hidayah,https://www.youtube.com/watch?v=twB2zAOzsKE,https://www.youtube.com/embed/twB2zAOzsKE,twB2zAOzsKE,THE SQUARE Movie Trailer (Official Documentary Release 2013)
157834,The Zero Theorem,The Zero Theorem,,2013,Drama | Fantasy | Science Fiction,,,,,,https://image.tmdb.org/t/p/w500/j2sEI9FOaJszidVatzIaaMPdLsm.jpg,https://image.tmdb.org/t/p/original/j2sEI9FOaJszidVatzIaaMPdLsm.jpg,"A computer hacker's goal to discover the reason for human existence continually finds his work interrupted thanks to the Management; this time, they send a teenager and lusty love interest to distract him.",6.1,,1329,TMDB,2026-05-18,6.1,2.34,Released,rindu,https://www.youtube.com/watch?v=RyMSRRNHRos,https://www.youtube.com/embed/RyMSRRNHRos,RyMSRRNHRos,The Zero Theorem - Official Trailer (2014) HD
181135,Twist of Faith,Twist of Faith,,2013,Drama | TV Movie,,,,,,https://image.tmdb.org/t/p/w500/wYVajkmpUfESrjraCw982oIq2ME.jpg,https://image.tmdb.org/t/p/original/wYVajkmpUfESrjraCw982oIq2ME.jpg,A single mother and her gospel community help an Orthodox Jewish cantor whose wife and three children were murdered.,6.5,,19,TMDB,2026-05-18,6.5,0.393,Released,gelisah,,,,
,عشق خدا,عشق خدا,,2013,Drama | Music | Romance,,,,,,https://image.tmdb.org/t/p/w500/46pV9PfkQUHRIdMEmpepwZBpWU4.jpg,https://image.tmdb.org/t/p/original/46pV9PfkQUHRIdMEmpepwZBpWU4.jpg,"Rulia, a local hood who finds Ishq-e-Khuda , after he is ‘privileged’ by the prayer of a Sufi Dervish. In a parallel unconnected arc Ashan Khan – playing Ahsan, an engineer from Karachi – falls for Iqra, while Kulsoom, Iqra’s best childhood-bud, falls for Ahsan.",8.5,,0,fallback,,,0,,gelisah,,,,
117923,Assassin's Bullet,Assassin's Bullet,,2012,Action | Adventure | Thriller,,,,,,https://image.tmdb.org/t/p/w500/x8MsZDOsM3SFw7ihvZPYQBMPle.jpg,https://image.tmdb.org/t/p/original/x8MsZDOsM3SFw7ihvZPYQBMPle.jpg,"In Assassin's Bullet, Slater plays Robert Diggs, a black ops agent who comes to work for Ambassador Ashdown (Hunger Games star Donald Sutherland), tracking down a vigilante assassin in Eastern Europe. The maverick hit(wo)man has been taking out high-profile targets on the U.S. hit list, and Diggs must uncover the killer's identity before there's an international incident. The usual game of cat and mouse ensues.",3.9,,74,TMDB,2026-05-18,3.9,0.755,Released,hidayah,https://www.youtube.com/watch?v=G0m6kazVfTg,https://www.youtube.com/embed/G0m6kazVfTg,G0m6kazVfTg,'Assassin's Bullet' Trailer
129112,Das Mädchen Wadjda,Das Mädchen Wadjda,,2012,Drama,,,,,,https://image.tmdb.org/t/p/w500/w4iCIZ1kWSOCt0yELjfUMNAToUF.jpg,https://image.tmdb.org/t/p/original/w4iCIZ1kWSOCt0yELjfUMNAToUF.jpg,An enterprising Saudi girl signs on for her school's Quran recitation competition as a way to raise the remaining funds she needs in order to buy the green bicycle that has captured her interest.,7.2,,510,TMDB,2026-05-18,7.2,1.165,Released,gelisah,https://www.youtube.com/watch?v=neU-ycIOCWY,https://www.youtube.com/embed/neU-ycIOCWY,neU-ycIOCWY,Official Trailer
,Fetih 1453,Fetih 1453,,2012,Adventure | Drama | Action | War,,,,,,https://image.tmdb.org/t/p/w500/xzTAM0yaOKkdD4C2tVbdHilcNAc.jpg,https://image.tmdb.org/t/p/original/xzTAM0yaOKkdD4C2tVbdHilcNAc.jpg,"After the death of his father Murat II, young Mehmet II ascends to the Ottoman throne. After braving internal and external enemies, he decides to complete what he was destined to do: Conquer Constantinople.",6,,0,fallback,,,0,,hidayah,,,,
96399,For Greater Glory: The True Story of Cristiada,For Greater Glory: The True Story of Cristiada,,2012,History | Drama | Action | War,,,,,,https://image.tmdb.org/t/p/w500/7jgh0ej04j98q2NFpSZLlpDazUo.jpg,https://image.tmdb.org/t/p/original/7jgh0ej04j98q2NFpSZLlpDazUo.jpg,"A chronicle of the Cristeros War (1926-1929), which was touched off by a rebellion against the Mexican government's attempt to secularize the country.",6.8,,167,TMDB,2026-05-18,6.8,1.344,Released,marah,https://www.youtube.com/watch?v=3KiagxENUv4,https://www.youtube.com/embed/3KiagxENUv4,3KiagxENUv4,For Greater Glory | Available on DVD/Blu-ray/On Demand 9.11
,Habibie & Ainun,Habibie & Ainun,,2012,Drama | Romance | History,,,,,,https://image.tmdb.org/t/p/w500/eOdYhBFF7vE5v83KVVQfDEyLgEu.jpg,https://image.tmdb.org/t/p/original/9z8F39PTFieqazVzkplrKpl5YI4.jpg,Habibie wanted to unite Indonesia by designing airplanes. He met his soulmate and underwent his struggle to become the 3rd president of Indonesia.,7.6,,0,fallback,,,0,,hidayah,,,,
87827,Life of Pi,Life of Pi,,2012,Adventure | Drama,,,,,,https://image.tmdb.org/t/p/w500/iLgRu4hhSr6V1uManX6ukDriiSc.jpg,https://image.tmdb.org/t/p/original/iLgRu4hhSr6V1uManX6ukDriiSc.jpg,"The story of an Indian boy named Pi, a zookeeper's son who finds himself in the company of a hyena, zebra, orangutan, and a Bengal tiger after a shipwreck sets them adrift in the Pacific Ocean.",7.4,,13753,TMDB,2026-05-18,7.4,8.565,Released,sedih,https://www.youtube.com/watch?v=j9Hjrs6WQ8M,https://www.youtube.com/embed/j9Hjrs6WQ8M,j9Hjrs6WQ8M,Life Of Pi - Official Trailer
132561,Mixed Kebab,Mixed Kebab,,2012,Drama | Romance,,,,,,https://image.tmdb.org/t/p/w500/z5h1d1fEOvKAMSMNv2FJOny2G8e.jpg,https://image.tmdb.org/t/p/original/z5h1d1fEOvKAMSMNv2FJOny2G8e.jpg,Ibrahim chooses to fall for young and handsome Kevin over marrying his cute but expensive cousin Elif while kid brother Furkan converts to Islamic fundamentalism.,5.8,,31,TMDB,2026-05-18,5.8,0.455,Released,hidayah,https://www.youtube.com/watch?v=RWooRL_4mEM,https://www.youtube.com/embed/RWooRL_4mEM,RWooRL_4mEM,MIXED KEBAB/ TRAILER
84316,My Brother the Devil,My Brother the Devil,,2012,Drama,,,,,,https://image.tmdb.org/t/p/w500/mORnvwo3L9LNSo33VhJKIl7VFWP.jpg,https://image.tmdb.org/t/p/original/mORnvwo3L9LNSo33VhJKIl7VFWP.jpg,"Fourteen-year-old Mo is a lonely, sensitive boy whose hunger for the rant and banter of buddies makes him prone to tread dangerous territories. He idolizes his handsome older brother, Rashid, a charismatic, well-respected member of a local gang, whose drug dealing enables “Rash” to provide for his family. Aching to be seen as a tough guy himself, Mo takes a job that unlocks a fateful turn of events and forces the brothers to confront their inner demons. It turns out that hate is easy. It is love and understanding that take real courage.",6.4,,56,TMDB,2026-05-18,6.4,0.695,Released,marah,https://www.youtube.com/watch?v=hZjXLaDbU8A,https://www.youtube.com/embed/hZjXLaDbU8A,hZjXLaDbU8A,My Brother the Devil (2012) - Official Trailer
128154,עלטה,עלטה,,2012,Drama | Romance | Thriller,,,,,,https://image.tmdb.org/t/p/w500/1e4rasagdrAmqlRKOBZ52zy2rt6.jpg,https://image.tmdb.org/t/p/original/1e4rasagdrAmqlRKOBZ52zy2rt6.jpg,Two young men — a Palestinian grad student and an Israeli lawyer — meet and fall in love amidst personal and political intrigue.,6.8,,137,TMDB,2026-05-18,6.8,0.67,Released,gelisah,https://www.youtube.com/watch?v=A0p-Jj7Djc0,https://www.youtube.com/embed/A0p-Jj7Djc0,A0p-Jj7Djc0,OUT IN THE DARK Trailer | Festival 2012
,العاشق,العاشق,,2012,Drama | Romance,,,,,,https://image.tmdb.org/t/p/w500/7zz7A3jfx6FIcXqfhV97SS73D55.jpg,https://image.tmdb.org/t/p/original/7zz7A3jfx6FIcXqfhV97SS73D55.jpg,"The autobiography of a film director who grows up in a small town then leaves for the city to finish his studies. When he became famous, he decided to make a film about his upbringing in the village based on his childhood memories.",10,,0,fallback,,,0,,hidayah,,,,
,رژیم طلایی,رژیم طلایی,,2012,Comedy | Drama,,,,,,https://image.tmdb.org/t/p/w500/mHLBgvVkunYQUhINZuDbcEyKXID.jpg,https://image.tmdb.org/t/p/original/mHLBgvVkunYQUhINZuDbcEyKXID.jpg,"When Pari and Mehdi are not able to have children, Mehdi's mother suggests he has a second marriage. This pushes Pari to seek revenge by requesting her promised dowry, which is supposed to be equal to the combined weight of her and her husband. This triggers a constant wave of strange, funny and twisted events, such as the hilariously unappealing sight of Pari gobbling everything in sight in order to increase her weight. A quirky, unforgettable comedic drama.",4,,0,fallback,,,0,,gelisah,,,,
,نارنجی پوش,نارنجی پوش,,2012,Drama | Comedy,,,,,,https://image.tmdb.org/t/p/w500/ptvVwVqJzNTi7hLRFxdnv4llVYr.jpg,https://image.tmdb.org/t/p/original/ptvVwVqJzNTi7hLRFxdnv4llVYr.jpg,"The story of a professional photographer Hamed Aban and the radical change in his life. The teacher of his son gives him a book about nature and the cleaning of it. This changes him radically. He goes and hires himself in the municipality, wearing the orange suit like them and cleaning the streets, collecting garbage. Meanwhile his wife who is in Europe back home and is very angry with him. She insists on him to get back to his former work but he refusing. Then she wants a divorce and to take the son with herself to Europe.",6.1,,0,fallback,,,0,,gelisah,,,,
,Bol,Bol,,2011,Drama,,,,,,https://image.tmdb.org/t/p/w500/6hx1ogX91dxe4SGJ1MRHX9dLjp7.jpg,https://image.tmdb.org/t/p/original/6hx1ogX91dxe4SGJ1MRHX9dLjp7.jpg,"The patriarch of a religious Muslim family refuses to accept his intersex child, tearing his family apart.",7.3,,0,fallback,,,0,,gelisah,,,,
106541,Cargo,Cargo,,2011,Drama | Thriller,,,,,,https://image.tmdb.org/t/p/w500/vdvuiVvk9NXDgsFtwPwxJtmK3LX.jpg,https://image.tmdb.org/t/p/original/vdvuiVvk9NXDgsFtwPwxJtmK3LX.jpg,"A young Russian woman, smuggled into America by human traffickers, and a notorious Egyptian transporter hired to drive her from the Mexican border to New York City, form an unlikely bond that transforms them and threatens to derail the traffickers' plans.",5.3,,14,TMDB,2026-05-18,5.3,0.503,Released,hidayah,https://www.youtube.com/watch?v=sXN36lTldAo,https://www.youtube.com/embed/sXN36lTldAo,sXN36lTldAo,CARGO — Official Trailer
72213,Courageous,Courageous,,2011,Drama,,,,,,https://image.tmdb.org/t/p/w500/hVRkbZRCoHtnfi0V9GFZ3uXjCNp.jpg,https://image.tmdb.org/t/p/original/hVRkbZRCoHtnfi0V9GFZ3uXjCNp.jpg,"Law enforcement officers Adam Mitchell, Nathan Hayes, and their partners stand up to the worst the streets have to offer with confidence and focus. Yet at the end of the day, they face a challenge that none of them are truly prepared to tackle: fatherhood. They know that God desires to turn the hearts of fathers to their children, but their children are beginning to drift further and further away from them. When tragedy hits home, these men are left wrestling with their hopes, their fears, their faith, and their fathering. Can a newfound urgency help these dads draw closer to God... and to their children?",7.6,,406,TMDB,2026-05-18,7.6,2.824,Released,sedih,https://www.youtube.com/watch?v=i9VT_NBIVfs,https://www.youtube.com/embed/i9VT_NBIVfs,i9VT_NBIVfs,COURAGEOUS Movie Trailer
151421,"Faith, Fraud, & Minimum Wage","Faith, Fraud, & Minimum Wage",,2011,Comedy | Drama,,,,,,https://image.tmdb.org/t/p/w500/6bxiKSMfYqKrFYOhyvykAZ9UYXu.jpg,https://image.tmdb.org/t/p/original/6bxiKSMfYqKrFYOhyvykAZ9UYXu.jpg,A rebellious teenage girl wrestles with the true nature of miracles when her father begins to believe in a religious hoax which she has secretly created.,5.1,,5,TMDB,2026-05-18,5.1,0.332,Released,bahagia,,,,
50456,Hanna,Hanna,,2011,Action | Thriller | Adventure,,,,,,https://image.tmdb.org/t/p/w500/6QDeHwBXDHbCbuzStgUpuUAqnap.jpg,https://image.tmdb.org/t/p/original/6QDeHwBXDHbCbuzStgUpuUAqnap.jpg,"Raised by her father, an ex-CIA agent, in the wilds of Finland, Hanna's upbringing has been geared to making her the perfect assassin. Sent into the world by her father on a mission, Hanna journeys across Europe, eluding agents dispatched after her by a ruthless intelligence operative. As she nears her ultimate target, Hanna faces startling revelations about her existence.",6.6,,3660,TMDB,2026-05-18,6.6,5.039,Released,gelisah,https://www.youtube.com/watch?v=7ImxHJtLEDs,https://www.youtube.com/embed/7ImxHJtLEDs,7ImxHJtLEDs,Official Trailer
50875,Higher Ground,Higher Ground,,2011,Drama | Thriller,,,,,,https://image.tmdb.org/t/p/w500/xFvN6OVYGwPokUnkZlKxd1coxbS.jpg,https://image.tmdb.org/t/p/original/xFvN6OVYGwPokUnkZlKxd1coxbS.jpg,"Vera Farmiga's directorial debut, HIGHER GROUND, depicts the landscape of a tight-knit spiritual community thrown off-kilter when one of their own begins to question her faith. Inspired by screenwriter Carolyn S. Briggs' memoir This Dark World, the film tells the story of a thoughtful woman's struggles with belief, love, and trust - in human relationships as well as in God.",5.9,,65,TMDB,2026-05-18,5.9,0.792,Released,gelisah,https://www.youtube.com/watch?v=vh93pheDAns,https://www.youtube.com/embed/vh93pheDAns,vh93pheDAns,"LA Film Fest: ""Higher Ground"" Trailer"
79777,In the Land of Blood and Honey,In the Land of Blood and Honey,,2011,Drama | Romance | War,,,,,,https://image.tmdb.org/t/p/w500/h1r4qey0K8PG9OgQdDqQcXtMq6c.jpg,https://image.tmdb.org/t/p/original/h1r4qey0K8PG9OgQdDqQcXtMq6c.jpg,"During the Bosnian War, Danijel, a soldier fighting for the Serbs, re-encounters Ajla, a Bosnian who's now a captive in his camp he oversees. Their once promising connection has become ambiguous as their motives have changed.",5.8,,155,TMDB,2026-05-18,5.8,1.016,Released,hidayah,https://www.youtube.com/watch?v=NFV77aklWgg,https://www.youtube.com/embed/NFV77aklWgg,NFV77aklWgg,In the Land of Blood and Honey (2011) Trailer
82326,Koran by Heart,Koran by Heart,,2011,Documentary,,,,,,https://image.tmdb.org/t/p/w500/n81MMUHdxYy8nNzlJZgCNNXUprH.jpg,https://image.tmdb.org/t/p/original/n81MMUHdxYy8nNzlJZgCNNXUprH.jpg,"In this 80-minute documentary, three 10-year-old children leave their native countries to participate in one of the Islamic world’s most famous competitions, a test of memory and recitation known as The International Holy Koran Competition. Up against much older students, these youngsters have committed the 600 pages of the Koran to memory, and will put their skills to the test before the elite of the world’s Muslim community in Cairo, Egypt. In the midst of this intense international competition, the three young competitors –two boys from Senegal and Tajikistan, and one girl from the Maldives – face uncertain futures at home, as they are caught between fundamentalist and moderate visions of Islam.  The children discuss their recitation techniques – with accompanying, completely improvised melodies – and talk about their nerves and excitement as they finally compete before a panel of judges.",5.8,,6,TMDB,2026-05-18,5.8,0.252,Released,hidayah,https://www.youtube.com/watch?v=kMAxnCEukns,https://www.youtube.com/embed/kMAxnCEukns,kMAxnCEukns,Koran by Heart - BIFF 2011 Official Selection (Trailer)
,Lovely Man,Lovely Man,,2011,Drama,,,,,,https://image.tmdb.org/t/p/w500/2DpL6GyMRJEf6bgGvyWoyQeYlzu.jpg,https://image.tmdb.org/t/p/original/2DpL6GyMRJEf6bgGvyWoyQeYlzu.jpg,"A deeply religious young woman spends one powerful evening reconnecting with a long-lost parent, who now makes a living as a sex worker in Jakarta.",5.2,,0,fallback,,,0,,hidayah,,,,
76013,No habrá paz para los malvados,No habrá paz para los malvados,,2011,Thriller,,,,,,https://image.tmdb.org/t/p/w500/d3DI1iu6IYuw3fpOQ83ijKG9e3A.jpg,https://image.tmdb.org/t/p/original/d3DI1iu6IYuw3fpOQ83ijKG9e3A.jpg,"Madrid, the beginning of the century. One day, the police inspector Santos Trinidad coming home very drunk, is involved in a triple murder. But there is a witness who managed to escape and that could incriminate him. Santos undertakes an investigation to locate and eliminate the witness. Meanwhile, Chacón a judge in charge of investigating the triple murder, meticulously advances in the search for the murderer. Santos and Chacon soon discover that what seemed a simple case of drug trafficking is actually something far more dangerous.",5.9,,146,TMDB,2026-05-18,5.9,0.418,Released,gelisah,https://www.youtube.com/watch?v=EB7uBJfHyIs,https://www.youtube.com/embed/EB7uBJfHyIs,EB7uBJfHyIs,No Rest For The Wicked TRAILER 1 (2011) - Thriller Movie HD
,Rødt hjerte,Rødt hjerte,,2011,Drama | Romance,,,,,,https://image.tmdb.org/t/p/w500/i41UhY1dJ3x0TqmiJgzGs6xr0m7.jpg,https://image.tmdb.org/t/p/original/i41UhY1dJ3x0TqmiJgzGs6xr0m7.jpg,"The teenagers Shirin and Soran are in love and want to marry, but Shirin's father has arranged her marriage and forbids them. On her wedding night, Soran kidnaps her for them to be together.",5.9,,0,fallback,,,0,,gelisah,,,,
43959,Soul Surfer,Soul Surfer,,2011,Family | Drama,,,,,,https://image.tmdb.org/t/p/w500/cvgRxrEupUFeJ0xzUExJo4dMXbL.jpg,https://image.tmdb.org/t/p/original/cvgRxrEupUFeJ0xzUExJo4dMXbL.jpg,"The true story of teen surfer Bethany Hamilton, who lost her arm in a shark attack and courageously overcame all odds to become a champion again, through her sheer determination and unwavering faith.",7,,1236,TMDB,2026-05-18,7,3.197,Released,marah,https://www.youtube.com/watch?v=MWeOjBCi3c4,https://www.youtube.com/embed/MWeOjBCi3c4,MWeOjBCi3c4,Soul Surfer Official Trailer
48171,The Rite,The Rite,,2011,Drama | Thriller | Horror,,,,,,https://image.tmdb.org/t/p/w500/gRTxM95huMwIDfZBJWjuifMTfpx.jpg,https://image.tmdb.org/t/p/original/gRTxM95huMwIDfZBJWjuifMTfpx.jpg,"Seminary student Michael Kovak reluctantly attends exorcism school at the Vatican. While he’s in Rome, Michael meets an unorthodox priest who introduces him to the darker side of his faith, uncovering the devil’s reach even to one of the holiest places on Earth.",6.1,,2229,TMDB,2026-05-18,6.1,2.479,Released,gelisah,https://www.youtube.com/watch?v=nPtuzw1PXgU,https://www.youtube.com/embed/nPtuzw1PXgU,nPtuzw1PXgU,Main Trailer
81707,The Wise Kids,The Wise Kids,,2011,Drama,,,,,,https://image.tmdb.org/t/p/w500/5EiP1mW0yA5kovHOYDoJEWLzbRl.jpg,https://image.tmdb.org/t/p/original/5EiP1mW0yA5kovHOYDoJEWLzbRl.jpg,"A vivid, dynamic Southern coming-of-age drama, takes place in the transitional space between high school and college, when life seems to be all questions and no answers, and the future is scarily wide open. Set in and around a Charleston, SC Baptist church, weaving through this ensemble piece are three main characters - Brea, an introspective pastor's daughter experiencing debilitating doubt, the hyperactive Laura, Brea's best friend and a devout believer, and Tim, the open-hearted son of a single father, confronting his homosexuality for the first time. Tensions and buried feelings abound, as colleges are chosen and adults behave badly, as Brea, Laura and Tim attempt to hang onto what they have, all the while yearning to break free.",5.9,,43,TMDB,2026-05-18,5.9,0.32,Released,sedih,https://www.youtube.com/watch?v=ZUM3HpGHFgk,https://www.youtube.com/embed/ZUM3HpGHFgk,ZUM3HpGHFgk,THE WISE KIDS Trailer
,إكس لارج,إكس لارج,,2011,Romance | Drama | Comedy,,,,,,https://image.tmdb.org/t/p/w500/dBK3YVsY27F7VYWXdSrXqot947K.jpg,https://image.tmdb.org/t/p/original/dBK3YVsY27F7VYWXdSrXqot947K.jpg,"Magdy is searching for true love, so when he finds his childhood friend Dina on Facebook he tries to get closer to her. He is afraid that she would refuse him as he is very obese. So on their first meeting he told her that he is Magdy's cousin",7,,0,fallback,,,0,,gelisah,,,,
,تورا بورا,تورا بورا,,2011,War | Drama,,,,,,https://image.tmdb.org/t/p/w500/cebXnbNNuvyEE5VWTDol5wvXhC4.jpg,https://image.tmdb.org/t/p/original/cebXnbNNuvyEE5VWTDol5wvXhC4.jpg,"Tora Bora is a story of the journey of Abou Tareq and Om Tareq in their search for their youngest son Ahmed, who after being brainwashed by extremists, decides to leave Kuwait to join the the terrorist forces in Afghanistan. The elderly couple are not prepared for the suffering and darkness they encounter on their journey through the war-torn country. Their elder son, Tareq, with the aid of Pakistani intelligence, attempts to find his parents and his brainwashed brother. Tora Bora is a film about how the mistakes of one son can lead to hardships for an entire family in Arab/Muslim society.",7.5,,0,fallback,,,0,,hidayah,,,,
60243,جدایی نادر از سیمین,جدایی نادر از سیمین,,2011,Drama,,,,,,https://image.tmdb.org/t/p/w500/xQadpnoLokxzN3hRpCPbBGpxsiz.jpg,https://image.tmdb.org/t/p/original/xQadpnoLokxzN3hRpCPbBGpxsiz.jpg,A married couple are faced with a difficult decision - to improve the life of their child by moving to another country or to stay in Iran and look after a deteriorating parent who has Alzheimer's disease.,7.9,,1954,TMDB,2026-05-18,7.9,2.957,Released,gelisah,https://www.youtube.com/watch?v=58Onuy5USTc,https://www.youtube.com/embed/58Onuy5USTc,58Onuy5USTc,A Separation | Official Trailer HD (2011)
77461,وهلأ لوين؟‎,وهلأ لوين؟‎,,2011,Drama | Comedy,,,,,,https://image.tmdb.org/t/p/w500/crYsh9vt7ujWoI4o91bfclYp7WM.jpg,https://image.tmdb.org/t/p/original/crYsh9vt7ujWoI4o91bfclYp7WM.jpg,"In a remote, isolated Lebanese village surrounded by land mines, Muslims and Christians live together in peace. As civil strife starts to engulf the country around them, the women in the village try, by various means and to varying success, to keep their men in the dark by sabotaging the village radio, and then destroying the village TV.",7.4,,216,TMDB,2026-05-18,7.4,0.877,Released,hidayah,https://www.youtube.com/watch?v=QBGuk2lfZdc,https://www.youtube.com/embed/QBGuk2lfZdc,QBGuk2lfZdc,WHERE DO WE GO NOW trailer | Festival 2011
41505,6 Souls,6 Souls,,2010,Horror | Mystery | Thriller,,,,,,https://image.tmdb.org/t/p/w500/zuzVIFmKCV63whFsH4MACzovyYU.jpg,https://image.tmdb.org/t/p/original/zuzVIFmKCV63whFsH4MACzovyYU.jpg,A female forensic psychiatrist discovers that all of one of her patient's multiple personalities are murder victims. She will have to find out what's happening before her time is finished.,6,,766,TMDB,2026-05-18,6,2.616,Released,gelisah,https://www.youtube.com/watch?v=fcQ5LG9ZS4k,https://www.youtube.com/embed/fcQ5LG9ZS4k,fcQ5LG9ZS4k,SHELTER | Official Australian Trailer
,Amin,Amin,,2010,Documentary | Drama | Music,,,,,,https://image.tmdb.org/t/p/w500/35Oj2GVrtEY0mLOA09DsUIYuN8Y.jpg,https://image.tmdb.org/t/p/original/35Oj2GVrtEY0mLOA09DsUIYuN8Y.jpg,"AMIN portrays Qashqai musician Amin Aghaie, a young modern nomad and his family who despite facing steep financial, cultural and political obstacles are dedicated to their art and culture. Amin travels to remote towns and villages to record the music of the surviving masters whose numbers decline each year. His nomadic family are selling their meager belongings to help support their son's education in performance and ethnomusicology at Tchaikovsky's Conservatory in Kyiv, Ukraine, but it is not enough. Amin, desperate to finish his academic education, sells his violins one at a time just to pay for his tuition.",,,0,,,,0,,hidayah,,,,
62325,Bhutto,Bhutto,,2010,Documentary,,,,,,https://image.tmdb.org/t/p/w500/7UNi1pgylTLN2MLqqhTJ12b9Yt5.jpg,https://image.tmdb.org/t/p/original/7UNi1pgylTLN2MLqqhTJ12b9Yt5.jpg,"BHUTTO is the definitive documentary that chronicles the life of one of the most complex and fascinating characters of our time. Hers is an epic tale of Shakespearean dimension. It’s the story of the first woman in history to lead a Muslim nation: Pakistan. Newsweek called it the most dangerous place in the world, and the home of nuclear war heads and the Taliban.",5.6,,12,TMDB,2026-05-18,5.6,0.159,Released,hidayah,,,,
41215,Black Death,Black Death,,2010,Drama | History | Horror,,,,,,https://image.tmdb.org/t/p/w500/gXRERDpyT9s3m2yk6wNmrTWbZfG.jpg,https://image.tmdb.org/t/p/original/gXRERDpyT9s3m2yk6wNmrTWbZfG.jpg,"As the plague decimates medieval Europe, rumours circulate of a village immune from the plague. There is talk of a necromancer who leads the village and is able to raise the dead. A fearsome knight joined by a cohort of soldiers and a young monk are charged by the church to investigate. Their journey is filled with danger, but it's upon entering the village that their true horror begins.",6.1,,962,TMDB,2026-05-18,6.1,2.727,Released,gelisah,https://www.youtube.com/watch?v=JkOwLCib1Tk,https://www.youtube.com/embed/JkOwLCib1Tk,JkOwLCib1Tk,Official Trailer
,Büşra,Büşra,,2010,Drama,,,,,,https://image.tmdb.org/t/p/w500/vf572WMXCLXy16nyc5Hx7vJNWjy.jpg,https://image.tmdb.org/t/p/original/vf572WMXCLXy16nyc5Hx7vJNWjy.jpg,A conservative Muslim girl falls in love with an agnostic journalist.,4.7,,0,fallback,,,0,,gelisah,,,,
46332,Des hommes et des dieux,Des hommes et des dieux,,2010,Drama | History,,,,,,https://image.tmdb.org/t/p/w500/fgrC0w62MCc7Fn77l5RVY0WKv0t.jpg,https://image.tmdb.org/t/p/original/fgrC0w62MCc7Fn77l5RVY0WKv0t.jpg,"A group of Trappist monks reside in the monastery of Tibhirine in Algeria, where they live in harmony with the largely muslim population. When a bloody conflict between Algeria's army and Muslim Jihadi insurgents disrupts the peace, they are forced to consider fleeing the monastery and deserting the villagers they have ministered to. In the face of deadly violence the monks wrestle with their faith and their convictions, eventually deciding to stay and help their neighbours keep the army and the insurgents at bay.",6.7,,413,TMDB,2026-05-18,6.7,1.208,Released,hidayah,https://www.youtube.com/watch?v=nhQzn2gVGjQ,https://www.youtube.com/embed/nhQzn2gVGjQ,nhQzn2gVGjQ,Of Gods and Men | Official Trailer HD (2010)
51794,Five Minarets in New York,Five Minarets in New York,,2010,Drama,,,,,,https://image.tmdb.org/t/p/w500/hqcRs578GT1kwqjOEcqbDQDf8Z4.jpg,https://image.tmdb.org/t/p/original/hqcRs578GT1kwqjOEcqbDQDf8Z4.jpg,"Two Turkish anti-terrorist agents are sent to New York City on a mission to find and bring back the dangerous Islamic leader codenamed ""Dajjal"", believed to be hiding in there. Working with the FBI and NYPD, the agents orchestrate the arrest of Hadji Gumus, a well-respected Muslim scholar and family man who years before fled to the United States after being released from a Turkish prison, where he served time for murder. This tale love, friendship, peace and prejudices, takes us on a journey seeking to answer the question of whether innocence or guilt even matters to one who lusts for vengeance.",5.5,,144,TMDB,2026-05-18,5.5,1.081,Released,hidayah,https://www.youtube.com/watch?v=fQTUcCIU_yw,https://www.youtube.com/embed/fQTUcCIU_yw,fQTUcCIU_yw,Five Minarets in New York - New York'ta Beş Minare | trailer (2010)
37495,Four Lions,Four Lions,,2010,Comedy | Crime | Drama,,,,,,https://image.tmdb.org/t/p/w500/x4JzaRPXBs9wiHCe3e3ymXWuwfd.jpg,https://image.tmdb.org/t/p/original/x4JzaRPXBs9wiHCe3e3ymXWuwfd.jpg,"Four Lions tells the story of a group of British jihadists who push their abstract dreams of glory to the breaking point. As the wheels fly off, and their competing ideologies clash, what emerges is an emotionally engaging (and entirely plausible) farce.",7,,1271,TMDB,2026-05-18,7,1.73,Released,hidayah,https://www.youtube.com/watch?v=o_yOtVBR0CM,https://www.youtube.com/embed/o_yOtVBR0CM,o_yOtVBR0CM,Official Trailer
156937,Holy Wars,Holy Wars,,2010,,,,,,,https://image.tmdb.org/t/p/w500/3hGyEABWsLAVaRQdcCtlPflYXDq.jpg,https://image.tmdb.org/t/p/original/3hGyEABWsLAVaRQdcCtlPflYXDq.jpg,"Take one Muslim advocate for global jihad and put him in a room with one conservative Christian on a mission to evangelize the world's Muslims. Which man will be left standing? Touching down in four hotbeds of religious fundamentalism - Pakistan, Lebanon, UK, and heartland America - HolyWars goes behind the scenes of the 1400 year old conflict between Islam and Christianity. The film follows a danger-seeking Christian missionary and a radical Muslim Irish convert, both of whom believe in an apocalyptic battle, after which their religion will ultimately rule the world. Tracking their lives from the onset of the ""War on Terror"" to the election of Barack Obama, HolyWars shows that even the most radical of believers can be transformed by our changing world",7.5,,2,TMDB,2026-05-18,7.5,0.099,Released,hidayah,https://www.youtube.com/watch?v=WpzNf1ISZpE,https://www.youtube.com/embed/WpzNf1ISZpE,WpzNf1ISZpE,Holy Wars (Documentary) trailer
46738,Incendies,Incendies,,2010,Drama | War | Mystery,,,,,,https://image.tmdb.org/t/p/w500/yH6DAQVgbyj72S66gN4WWVoTjuf.jpg,https://image.tmdb.org/t/p/original/yH6DAQVgbyj72S66gN4WWVoTjuf.jpg,"A mother's last wishes send twins Jeanne and Simon on a journey to Middle East in search of their tangled roots. Adapted from Wajdi Mouawad's acclaimed play, Incendies tells the powerful and moving tale of two young adults' voyage to the core of deep-rooted hatred, never-ending wars and enduring love.",8.1,,3261,TMDB,2026-05-18,8.1,8.528,Released,marah,https://www.youtube.com/watch?v=XJ69WnwvZhE,https://www.youtube.com/embed/XJ69WnwvZhE,XJ69WnwvZhE,Official Trailer
44155,L'Italien,L'Italien,,2010,Comedy,,,,,,https://image.tmdb.org/t/p/w500/g3pUrmCzx0cNG79c5Ocmm2YiebT.jpg,https://image.tmdb.org/t/p/original/g3pUrmCzx0cNG79c5Ocmm2YiebT.jpg,"Dino Fabrizzi is the number one seller of the Maserati dealership in Nice. At 42, he arrives at a turning point in his life, the position of director is openly proposed and his companion for a year, Helen, has the firm intention to marry her. For Dino, life is great, except that this perfect life was built on a lie. Dino is actually called Mourad Ben Saoud. Neither his boss nor Helen and even less his parents are aware of this false identity. In ten days begins Ramadan and Mourad who passes every year will this time assume the promise made to his sick father. Taking part in Ramadan, For Dino - the Italian - it will not be easy.",5.2,,184,TMDB,2026-05-18,5.2,0.429,Released,hidayah,https://www.youtube.com/watch?v=c04NDJyECXs,https://www.youtube.com/embed/c04NDJyECXs,c04NDJyECXs,The Italian / L'Italien (2010) - Trailer
57389,Le quattro volte,Le quattro volte,,2010,Drama,,,,,,https://image.tmdb.org/t/p/w500/hCgtAYG53uRdvET4O482paUGMuK.jpg,https://image.tmdb.org/t/p/original/hCgtAYG53uRdvET4O482paUGMuK.jpg,"An old shepherd lives his last days in a quiet medieval village perched high on the hills of Calabria, at the southernmost tip of Italy. He herds goats under skies that most villagers have deserted long ago. He is sick, and believes to find his medicine in the dust he collects on the church floor, which he drinks in his water every day.",7.5,,118,TMDB,2026-05-18,7.5,0.428,Released,gelisah,https://www.youtube.com/watch?v=9UoYNZzC2ec,https://www.youtube.com/embed/9UoYNZzC2ec,9UoYNZzC2ec,Trailer Le quattro volte
56741,Ond tro,Ond tro,,2010,Thriller | Crime,,,,,,https://image.tmdb.org/t/p/w500/zUdCmOQhq0MocwdDblcnUKXsCFb.jpg,https://image.tmdb.org/t/p/original/zUdCmOQhq0MocwdDblcnUKXsCFb.jpg,"A disturbed woman and a violent lunatic walk the same path in this thriller from Swedish director Kristian Petri. Monia is a businesswoman who has been hired to work for a large corporation based in Gothenburg. One evening, while having drinks with her colleagues, Monia steps outside for some air and she happens upon a man who has been brutally stabbed by a serial killer on the loose. Monia, who feels a curious emotional distance from the world around her, isn't sure what to make of this incident at first, but she can't get the violent image out of her mind, and over the next several days she keeps stumbling upon victims of the killer's handiwork. No one finds any of this remarkable besides her friend Frank, but in time she begins crossing paths with a curious man who seems to appear at the same crimes scenes she observes.",5.3,,6,TMDB,2026-05-18,5.3,0.197,Released,gelisah,,,,
55530,Shahada,Shahada,,2010,Drama,,,,,,https://image.tmdb.org/t/p/w500/cm3EmACxLGAlyLa8ZTNCT5OQhUB.jpg,https://image.tmdb.org/t/p/original/cm3EmACxLGAlyLa8ZTNCT5OQhUB.jpg,"The fates of three German-born Muslims in Berlin collide as they struggle to find their place between faith and modern life in contemporary western society, caught at a crossroads where alluring liberated lifestyles conflict with deeply-rooted traditions.",5.4,,14,TMDB,2026-05-18,5.4,0.29,Released,hidayah,https://www.youtube.com/watch?v=e_8O5RWiJfQ,https://www.youtube.com/embed/e_8O5RWiJfQ,e_8O5RWiJfQ,Shahada Trailer
,Slackistan,Slackistan,,2010,Drama,,,,,,,,"Islamabad, Pakistan. A group of privileged and westernised twenty-something friends while away their days and nights driving around town, partying, surfing the internet and smoking shisha pipes. As the country outside their world starts to crack, Hasan and his friends must face up to their relationships, angst and life choices before it is too late.",6.5,,0,fallback,,,0,,gelisah,,,,
44113,Stone,Stone,,2010,Drama | Thriller | Action | Mystery,,,,,,https://image.tmdb.org/t/p/w500/mcdN6DntOAOtKNQKcRKnfFayFis.jpg,https://image.tmdb.org/t/p/original/mcdN6DntOAOtKNQKcRKnfFayFis.jpg,"Parole officer Jack Mabry has only a few weeks left before retirement and wishes to finish out the cases he's been assigned. One such case is that of Gerald 'Stone' Creeson, a convicted arsonist who is up for parole. Jack is initially reluctant to indulge Stone in the coarse banter he wishes to pursue and feels little sympathy for the prisoner's pleads for an early release. Seeing little hope in convincing Jack himself, Stone arranges for his wife to seduce the officer, but motives and intentions steadily blur amidst the passions and buried secrets of the corrupted players in this deadly game of deception.",5.3,,729,TMDB,2026-05-18,5.3,1.504,Released,gelisah,https://www.youtube.com/watch?v=evhh3NE3fyw,https://www.youtube.com/embed/evhh3NE3fyw,evhh3NE3fyw,Stone Movie Trailer (HD)
58884,Sympathy for Delicious,Sympathy for Delicious,,2010,Drama,,,,,,https://image.tmdb.org/t/p/w500/26kKZWAm6FaDXKFi30qUdv8oxpv.jpg,https://image.tmdb.org/t/p/original/26kKZWAm6FaDXKFi30qUdv8oxpv.jpg,A newly paralyzed DJ gets more than he bargained for when he seeks out the world of faith healing.,5.7,,36,TMDB,2026-05-18,5.7,0.692,Released,gelisah,https://www.youtube.com/watch?v=VwYY-tkrJHk,https://www.youtube.com/embed/VwYY-tkrJHk,VwYY-tkrJHk,Sympathy for Delicious (2011) Official HD Movie Trailer
20504,The Book of Eli,The Book of Eli,,2010,Action | Thriller | Science Fiction,,,,,,https://image.tmdb.org/t/p/w500/1H1y9ZiqNFaLgQiRDDZLA55PviW.jpg,https://image.tmdb.org/t/p/original/1H1y9ZiqNFaLgQiRDDZLA55PviW.jpg,"A post-apocalyptic tale, in which a lone man fights his way across America in order to protect a sacred book that holds the secrets to saving humankind.",6.8,,6663,TMDB,2026-05-18,6.8,7.993,Released,gelisah,https://www.youtube.com/watch?v=yAQcwKY0Dik,https://www.youtube.com/embed/yAQcwKY0Dik,yAQcwKY0Dik,The Book of Eli -Official Trailer # 2 [HD]
63348,The Encounter,The Encounter,,2010,Drama | Family,,,,,,https://image.tmdb.org/t/p/w500/o40841LWnE4xhldkjqUaznZFIYx.jpg,https://image.tmdb.org/t/p/original/o40841LWnE4xhldkjqUaznZFIYx.jpg,"When five strangers with nothing in common come together at a remote roadside eatery, they place their orders with the diner's omniscient owner, who seems to know everything about them ... and is eerily reminiscent of Jesus Christ.",6.5,,66,TMDB,2026-05-18,6.5,0.468,Released,marah,,,,
42171,The Infidel,The Infidel,,2010,Comedy | Drama,,,,,,https://image.tmdb.org/t/p/w500/LxwGYJQUFcxzIFOVT4pmxCVjia.jpg,https://image.tmdb.org/t/p/original/LxwGYJQUFcxzIFOVT4pmxCVjia.jpg,"Based in a London suburb Mahmud Nasir lives with his wife, Saamiya, and two children, Rashid and Nabi. His son plans to marry Uzma, the step-daughter of Egyptian-born Arshad Al-Masri, a so-called 'Hate Cleric' from Waziristan, Pakistan. Mahmud, who is not exactly a devout Muslim, he drinks alcohol, and does not pray five times, but does agree that he will appease Arshad, without whose approval the marriage cannot take place. Shortly thereafter Mahmud, while going over his recently deceased mother's documents, will find out that he was adopted, his birth parents were Jewish, and his name is actually Solly Shimshillewitz.",6.2,,129,TMDB,2026-05-18,6.2,0.677,Released,hidayah,https://www.youtube.com/watch?v=9D9OKhg_kDI,https://www.youtube.com/embed/9D9OKhg_kDI,9D9OKhg_kDI,Infidel HD Trailer.mp4
71559,Un poison violent,Un poison violent,,2010,Drama,,,,,,https://image.tmdb.org/t/p/w500/rXXogVzqDpDppgH8p1pWTG3uMpi.jpg,https://image.tmdb.org/t/p/original/rXXogVzqDpDppgH8p1pWTG3uMpi.jpg,"Anna, a young teenager, comes home from her Catholic boarding school for the holidays and discovers her father has left. Her mother is devastated and confined in the company of the local priest, who is also a childhood friend. Anna clings to her beloved grandfather. She also grows close to Pierre, a free-spirited teenager who cares little about God. Anna is preparing for her confirmation, but her budding desire for Pierre shakes her faith. She longs to give herself over, body and soul... but doesn't know if it is to God, or something else?",5.6,,22,TMDB,2026-05-18,5.6,0.219,Released,rindu,https://www.youtube.com/watch?v=aFaTbFDf15A,https://www.youtube.com/embed/aFaTbFDf15A,aFaTbFDf15A,Love Like Poison trailer - in cinemas from 13 May 2011
,تلك الأيام,تلك الأيام,,2010,Drama,,,,,,https://image.tmdb.org/t/p/w500/qfShxyRUXRjnw90jU6uV71jZPEv.jpg,https://image.tmdb.org/t/p/original/qfShxyRUXRjnw90jU6uV71jZPEv.jpg,"A well-known intellectual is married to a woman who is obsessed with his wealth and power. He brings in a retired police officer to help him write his latest book. In the ensuing events, an affairir develops between the police officer and the professor’s wife.",6.2,,0,fallback,,,0,,gelisah,,,,
,ملک سلیمان,ملک سلیمان,,2010,Action | Drama | History | War,,,,,,https://image.tmdb.org/t/p/w500/9lbem03BBF1upBnIXyen9qMLOBS.jpg,https://image.tmdb.org/t/p/original/9lbem03BBF1upBnIXyen9qMLOBS.jpg,"Solomon, Prophet and the King, has asked God to give him an ideal kingdom which has never been given to anybody before. He is told to prepare himself and his subjects with evil and unearthly creatures that haunt the men.",6.3,,0,fallback,,,0,,hidayah,,,,
,মনের মানুষ,মনের মানুষ,,2010,Drama | History | Music,,,,,,https://image.tmdb.org/t/p/w500/wvILsBmyRxJAGb8y5HK85O3pbHM.jpg,https://image.tmdb.org/t/p/original/wvILsBmyRxJAGb8y5HK85O3pbHM.jpg,The movie is about a poet and singer Lalon Fakir who belongs to a cult called baul and who believes and inculcates that the value of a human being is above the narrow belief of religions.,7.5,,0,fallback,,,0,,gelisah,,,,
12573,A Serious Man,A Serious Man,,2009,Comedy | Drama,,,,,,https://image.tmdb.org/t/p/w500/5gGxDS8WmrebPlMHexVS8EVehiP.jpg,https://image.tmdb.org/t/p/original/5gGxDS8WmrebPlMHexVS8EVehiP.jpg,"It is 1967, and Larry Gopnik, a physics professor at a quiet Midwestern university, has just been informed by his wife Judith that she is leaving him. She has fallen in love with one of his more pompous acquaintances Sy Ableman.",6.7,,2357,TMDB,2026-05-18,6.7,3.432,Released,bahagia,https://www.youtube.com/watch?v=mDKHWRbK2_Q,https://www.youtube.com/embed/mDKHWRbK2_Q,mDKHWRbK2_Q,Official Trailer
,Cairo Time,Cairo Time,,2009,Drama | Romance,,,,,,https://image.tmdb.org/t/p/w500/10zKAyONGXQbtojOWeiZ176o8IQ.jpg,https://image.tmdb.org/t/p/original/10zKAyONGXQbtojOWeiZ176o8IQ.jpg,"In Cairo on her own as she waits for her husband, Juliette finds herself caught in a whirlwind romance with his friend Tareq, a retired cop. As Tareq escorts Juliette around the city, they find themselves in the middle of a brief affair that catches them both unawares.",5.9,,0,fallback,,,0,,hidayah,,,,
30431,Creation,Creation,,2009,Drama | History,,,,,,https://image.tmdb.org/t/p/w500/vS6ne76vjRH7Z88rAqYLCcQatB4.jpg,https://image.tmdb.org/t/p/original/vS6ne76vjRH7Z88rAqYLCcQatB4.jpg,"A psychological, heart-wrenching love story that provides a unique and inside look at Charles Darwin. Torn between faith and science, he struggles to finish his legendary book ""On the Origin of the Species,"" which goes on to become the foundation for evolutionary biology.",6.4,,246,TMDB,2026-05-18,6.4,1.518,Released,rindu,https://www.youtube.com/watch?v=knH9vK4zgGw,https://www.youtube.com/embed/knH9vK4zgGw,knH9vK4zgGw,Creation (2009) - Official Trailer [HD]
70664,Journey to Mecca: In the Footsteps of Ibn Battuta,Journey to Mecca: In the Footsteps of Ibn Battuta,,2009,Drama | History,,,,,,https://image.tmdb.org/t/p/w500/odMkDSaqctDqvguVmhBj8As2j22.jpg,https://image.tmdb.org/t/p/original/odMkDSaqctDqvguVmhBj8As2j22.jpg,"The 20 year old Muslim religious law student Ibn Battuta (1304–1368), whose full name was Abu Abdullah Muhammed Ibn Abdullah Al Lawati Al Tanji Ibn Battuta, set out from Tangier, a city in northern Morocco, in 1325, on a pilgrimage to Mecca, some 3,000 miles (over 4,800 km) to the East. The journey took him 18 months to complete and along the way he met with misfortune and adversity, including attack by bandits, rescue by Bedouins, fierce sand storms and dehydration.",6.4,,9,TMDB,2026-05-18,6.4,0.597,Released,hidayah,https://www.youtube.com/watch?v=C9zee0ka-2Q,https://www.youtube.com/embed/C9zee0ka-2Q,C9zee0ka-2Q,Journey To Mecca Trailer (English)
13811,Knowing,Knowing,,2009,Action | Mystery | Science Fiction | Thriller,,,,,,https://image.tmdb.org/t/p/w500/OG0mxQt4YaNIWiz8EKJSHe9lPh.jpg,https://image.tmdb.org/t/p/original/OG0mxQt4YaNIWiz8EKJSHe9lPh.jpg,A teacher opens a time capsule that has been dug up at his son's elementary school; in it are some chilling predictions -- some that have already occurred and others that are about to -- that lead him to believe his family plays a role in the events that are about to unfold.,6.2,,5788,TMDB,2026-05-18,6.2,8.137,Released,gelisah,https://www.youtube.com/watch?v=A2oDiEVXuDo,https://www.youtube.com/embed/A2oDiEVXuDo,A2oDiEVXuDo,Knowing - Trailer
,L'aube du monde,L'aube du monde,,2009,War | Drama | Romance,,,,,,https://image.tmdb.org/t/p/w500/kM1s4lrVo1mg3623HlE8v3wVYUA.jpg,https://image.tmdb.org/t/p/original/kM1s4lrVo1mg3623HlE8v3wVYUA.jpg,"The Mesopotamian Marshes, at the delta of the Euphrates and Tigris rivers, in the south of Iraq. This is where Mastour and Zahra grow up. Shortly after their marriage, Mastour and Zahra are forced to separate when the Gulf War breaks out. On the battlefield, Mastour befriends Riad, a young soldier from Baghdad. Mortally wounded, Mastour makes Riad promise to protect Zahra when the war is over. When Riad arrives in the village, he falls deeply in love with Zahra. But unable to bear the loss of her husband, Zahra shuts herself off. In this completely foreign environment that is hostile to this newcomer, and as a new conflict is on the verge of inflaming the whole area, Riad will do the impossible to find his place.",5,,0,fallback,,,0,,hidayah,,,,
69746,Le fil,Le fil,,2009,Romance | Drama,,,,,,https://image.tmdb.org/t/p/w500/rp4eB4dLlScp1lRoR3BA2IBmzky.jpg,https://image.tmdb.org/t/p/original/rp4eB4dLlScp1lRoR3BA2IBmzky.jpg,"Malik has a lot on his plate when he returns home to Tunisia after living in France. He's processing his father's death, he can't come out to his mother, and his childhood anxieties have resurfaced. But all of Malik's problems seem to fade away when he falls for Bilal, the dreamy houseboy at his mother's bourgeois estate.",6.7,,50,TMDB,2026-05-18,6.7,0.509,Released,rindu,https://www.youtube.com/watch?v=HY8N9NY-uXQ,https://www.youtube.com/embed/HY8N9NY-uXQ,HY8N9NY-uXQ,The string / Le Fil (2010) - Trailer English Subs
39358,London River,London River,,2009,Drama | Mystery,,,,,,https://image.tmdb.org/t/p/w500/x5csgIwwoMzZYsFkV9c5A18DGIA.jpg,https://image.tmdb.org/t/p/original/x5csgIwwoMzZYsFkV9c5A18DGIA.jpg,"After traveling to London to check on their missing children in the wake of the 2005 terror attacks on the city, two strangers come to discover their respective children had been living together at the time of the attacks",6.7,,53,TMDB,2026-05-18,6.7,0.991,Released,hidayah,https://www.youtube.com/watch?v=sRsZ23K2rUA,https://www.youtube.com/embed/sRsZ23K2rUA,sRsZ23K2rUA,London River Trailer
87851,New Muslim Cool,New Muslim Cool,,2009,Documentary,,,,,,https://image.tmdb.org/t/p/w500/hcRiV3WuHWeaWOuhF4jzbFIIX9K.jpg,https://image.tmdb.org/t/p/original/hcRiV3WuHWeaWOuhF4jzbFIIX9K.jpg,"Puerto Rican American rapper Hamza Pérez ended his life as a drug dealer 12 years ago, and started down a new path as a young Muslim. Now he's moved to Pittsburgh's tough North Side to start a new religious community, rebuild his shattered family, and take his message of faith to other young people through his uncompromising music as part of the hip-hop duo M-Team.",,,0,,2026-05-18,,0.102,Released,hidayah,https://www.youtube.com/watch?v=msMflaTrSxA,https://www.youtube.com/embed/msMflaTrSxA,msMflaTrSxA,NEW MUSLIM COOL
,Perempuan Berkalung Sorban,Perempuan Berkalung Sorban,,2009,Drama,,,,,,https://image.tmdb.org/t/p/w500/tg583X8VYwJa30eJHGgqwKwRuvl.jpg,https://image.tmdb.org/t/p/original/6tRkL9aWM3B4cQvxRFe9jLah2kM.jpg,"Anissa struggles as a child, a mother and a wife in the environment of a conservative Islamic tradition. The hope of becoming an independent Muslim woman for Anissa collapsed amidst the obstacles of her conservative family.",7,,0,fallback,,,0,,gelisah,,,,
21634,Prayers for Bobby,Prayers for Bobby,,2009,Drama | History | TV Movie,,,,,,https://image.tmdb.org/t/p/w500/1viFwXluAettogGDsTrSUUg29lZ.jpg,https://image.tmdb.org/t/p/original/1viFwXluAettogGDsTrSUUg29lZ.jpg,"Bobby Griffith was his mother's favorite son, the perfect all-American boy growing up under deeply religious influences in Walnut Creek, California. Bobby was also gay. Struggling with a conflict no one knew of, much less understood, Bobby finally came out to his family.",8.1,,627,TMDB,2026-05-18,8.1,2.021,Released,sedih,https://www.youtube.com/watch?v=fNv7vHbi1Kw,https://www.youtube.com/embed/fNv7vHbi1Kw,fNv7vHbi1Kw,PRAYERS FOR BOBBY TRAILER
32985,Solomon Kane,Solomon Kane,,2009,Adventure | Fantasy | Action,,,,,,https://image.tmdb.org/t/p/w500/jwwVNuGRUBXcudG6wOKP9U60BzU.jpg,https://image.tmdb.org/t/p/original/jwwVNuGRUBXcudG6wOKP9U60BzU.jpg,"A nomadic 16th century warrior, condemned to hell for his brutal past, seeks redemption by renouncing violence, but finds some things are worth burning for as he fights to free a young Puritan woman from the grip of evil.",6,,1520,TMDB,2026-05-18,6,4.673,Released,marah,,,,
166375,Taqwacore: The Birth of Punk Islam,Taqwacore: The Birth of Punk Islam,,2009,Documentary | Music,,,,,,https://image.tmdb.org/t/p/w500/9kaTd2Z8L4dcr4hj0pUbk3YRcF4.jpg,https://image.tmdb.org/t/p/original/9kaTd2Z8L4dcr4hj0pUbk3YRcF4.jpg,"Three years in the making, this feature documentary follows the progression of the Muslim Punk scene: from its imaginary inception in a novel written by a white-convert named Michael Muhammad Knight to a full-blown, real-life scene of Muslim punk bands and their fans.",5.6,,5,TMDB,2026-05-18,5.6,0.094,Released,hidayah,https://www.youtube.com/watch?v=JMZ8DO9F4Mo,https://www.youtube.com/embed/JMZ8DO9F4Mo,JMZ8DO9F4Mo,Taqwacore:  The Birth of Punk Islam - Trailer
33409,The Stoning of Soraya M.,The Stoning of Soraya M.,,2009,Crime | Drama,,,,,,https://image.tmdb.org/t/p/w500/m4CfYBh1ZnYqZbt7ziYjHf53P4.jpg,https://image.tmdb.org/t/p/original/m4CfYBh1ZnYqZbt7ziYjHf53P4.jpg,"In 1986 Iran, Sahebjam, whose car breaks down in a remote village, enters into a conversation with Zahra, who relays to him the story about her niece, Soraya, whose arranged marriage to an abusive tyrant ended in tragedy.",7.7,,257,TMDB,2026-05-18,7.7,2.197,Released,sedih,https://www.youtube.com/watch?v=IWQ9phw1C9w,https://www.youtube.com/embed/IWQ9phw1C9w,IWQ9phw1C9w,The Stoning of Soraya M. Trailer
46641,Today's Special,Today's Special,,2009,Comedy | Romance,,,,,,https://image.tmdb.org/t/p/w500/lil1zu2THmFE0p6vHiqvod1kgIn.jpg,https://image.tmdb.org/t/p/original/lil1zu2THmFE0p6vHiqvod1kgIn.jpg,Young Manhattan chef Samir rediscovers his heritage and passion for life through the enchanting art of cooking Indian food.,6.2,,108,TMDB,2026-05-18,6.2,0.695,Released,hidayah,https://www.youtube.com/watch?v=YEDIj1ZUB3k,https://www.youtube.com/embed/YEDIj1ZUB3k,YEDIj1ZUB3k,Today's Special Official Theatrical Trailer 480p  Opens NOV 19th!
21575,Un prophète,Un prophète,,2009,Crime | Drama,,,,,,https://image.tmdb.org/t/p/w500/x9Jb8kewBHPzjTtgCQvoQoDsy4d.jpg,https://image.tmdb.org/t/p/original/x9Jb8kewBHPzjTtgCQvoQoDsy4d.jpg,"Sentenced to six years in prison, Malik El Djebena is alone in the world and can neither read nor write. On his arrival at the prison, he seems younger and more brittle than the others detained there. At once he falls under the sway of a group of Corsicans who enforce their rule in the prison. As the 'missions' go by, he toughens himself and wins the confidence of the Corsican group.",7.6,,1728,TMDB,2026-05-18,7.6,2.555,Released,hidayah,https://www.youtube.com/watch?v=l69ARbQt-Ko,https://www.youtube.com/embed/l69ARbQt-Ko,l69ARbQt-Ko,'A Prophet' Trailer
34420,Uzak İhtimal,Uzak İhtimal,,2009,Drama | Romance,,,,,,https://image.tmdb.org/t/p/w500/nG2rQYfUpZj4VJdB4I6Bb6SzBHB.jpg,https://image.tmdb.org/t/p/original/nG2rQYfUpZj4VJdB4I6Bb6SzBHB.jpg,"Muezzin Musa falls for his neighbor, the Catholic nurse Clara. The story gets even more exceptional when Musa meets Yakup, who turns out to be connected with Clara.",7,,26,TMDB,2026-05-18,7,0.096,Released,rindu,,,,
,Zindeeq,Zindeeq,,2009,Drama,,,,,,https://image.tmdb.org/t/p/w500/mnzYKLYVo85YzVFuzI4AYEsLPDS.jpg,https://image.tmdb.org/t/p/original/mnzYKLYVo85YzVFuzI4AYEsLPDS.jpg,"Acclaimed director Michel Khleifi's story of a Palestinian film-maker 'M' living in Europe, who returns home to Ramallah to film witness accounts of the 1948 Nakba - not only explores the events of that tumultuous era, but places them in context with the uncertainty and tension of present-day Palestine. Over the course of a single day and night, M's solipsistic existence is shaken when his nephew kills a man in Nazareth, placing the entire family at risk of reprisals. This masterful feature - a quietly witty, complex and occasionally surreal depiction of an exile's relationship with Palestine - marks a new direction in Khleifi's work.",,,0,,,,0,,gelisah,,,,
,احكي يا شهرزاد,احكي يا شهرزاد,,2009,Drama,,,,,,https://image.tmdb.org/t/p/w500/8ZvdtedtXy3JxfNIuPUJnHU9LMt.jpg,https://image.tmdb.org/t/p/original/8ZvdtedtXy3JxfNIuPUJnHU9LMt.jpg,Heba is a TV presenter interested in broadcasting stories that touch on the everyday secret lives of women and the social injustices they face. Her frank style in broadcasting puts her husband's job and consequently her marriage in jeopardy.,6.4,,0,fallback,,,0,,gelisah,,,,
,حراس الصمت,حراس الصمت,,2009,Drama,,,,,,https://image.tmdb.org/t/p/w500/2RCtX1Yhei7AJWBkhq25MPOeACB.jpg,https://image.tmdb.org/t/p/original/2RCtX1Yhei7AJWBkhq25MPOeACB.jpg,Based on novel by Ghada al-Samman.,6,,0,fallback,,,0,,gelisah,,,,
37181,درباره الی‎‎,درباره الی‎‎,,2009,Drama,,,,,,https://image.tmdb.org/t/p/w500/ctLrMQrg3kss2JO7OIr7RVdN5an.jpg,https://image.tmdb.org/t/p/original/ctLrMQrg3kss2JO7OIr7RVdN5an.jpg,The mysterious disappearance of a kindergarten teacher during a picnic in the north of Iran is followed by a series of misadventures for her fellow travelers.,7.5,,543,TMDB,2026-05-18,7.5,1.57,Released,sedih,https://www.youtube.com/watch?v=S-CAKV2CUU0,https://www.youtube.com/embed/S-CAKV2CUU0,S-CAKV2CUU0,"Trailer ""About Elly"" V.O.Subt. Inglés"
22241,फ़िराक,फ़िराक,,2009,Drama,,,,,,https://image.tmdb.org/t/p/w500/6p7eoDgHughtjhr2O3Akkbt1165.jpg,https://image.tmdb.org/t/p/original/6p7eoDgHughtjhr2O3Akkbt1165.jpg,"Firaaq is an Urdu word that means both separation and quest. The film is a work of fiction, based on a thousand stories. The story is set over a 24-hour period, one month after a campaign that took place in Gujarat, India, in 2002. It traces the emotional journey of ordinary people- some who were victims, some perpetrators and some who choose to watch silently.",6.1,,17,TMDB,2026-05-18,6.1,0.435,Released,gelisah,,,,
,থার্ড পারসন সিঙ্গুলার নাম্বার,থার্ড পারসন সিঙ্গুলার নাম্বার,,2009,Drama,,,,,,https://image.tmdb.org/t/p/w500/6COGHlFCf8YwADcS8DYFwtev4Bh.jpg,https://image.tmdb.org/t/p/original/6COGHlFCf8YwADcS8DYFwtev4Bh.jpg,"A woman breaks with traditional Muslim culture by living with her boyfriend before getting married, but when the relationship ends, she must face the harsh consequences of being an outcast in her community.",5.9,,0,fallback,,,0,,gelisah,,,,
,大囍事,大囍事,,2009,Comedy | Drama,,,,,,https://image.tmdb.org/t/p/w500/igeZ2mn1IjlbhKPbaxHU5cNw4rX.jpg,https://image.tmdb.org/t/p/original/igeZ2mn1IjlbhKPbaxHU5cNw4rX.jpg,A black comedy centered on a recently engaged celebrity couple and the fans who have been following every stage of their romance.,3.8,,0,fallback,,,0,,gelisah,,,,
16266,2012 Doomsday,2012 Doomsday,,2008,Action | Adventure | Fantasy | Horror | Science Fiction | Thriller,,,,,,https://image.tmdb.org/t/p/w500/rNHdpeyBUki4n5tzEdEri5elJBq.jpg,https://image.tmdb.org/t/p/original/rNHdpeyBUki4n5tzEdEri5elJBq.jpg,"On December 21, 2012 four strangers on a journey of faith are drawn to an ancient temple in the heart of Mexico. For the Mayans it is the last recorded day. For NASA scientists it is a cataclysmic polar shift. For the rest of us, it is Doomsday.",3.3,,128,TMDB,2026-05-18,3.3,1.28,Released,gelisah,https://www.youtube.com/watch?v=6gcVZlnC0tQ,https://www.youtube.com/embed/6gcVZlnC0tQ,6gcVZlnC0tQ,2012: Doomsday (2008) - Trailer
13522,Arn: Riket vid vägens slut,Arn: Riket vid vägens slut,,2008,Action | Adventure | Drama | History,,,,,,https://image.tmdb.org/t/p/w500/6yu0RmSffk4sVeEGIRO1LSvtYvq.jpg,https://image.tmdb.org/t/p/original/6yu0RmSffk4sVeEGIRO1LSvtYvq.jpg,"Arn has served his term in the Holy land and returns home to be reunited with his beloved Cecilia. When he returns home, he discovers that political forces tries to separate him and Cecilia - but thanks to queen Blanka they can finally get married. Arn knows that war is looming and with his martial knowledge he starts to build an army at his new home at Forsvik.",6.3,,122,TMDB,2026-05-18,6.3,1.172,Released,marah,,,,
,Ayat-Ayat Cinta,Ayat-Ayat Cinta,,2008,Drama | Romance,,,,,,https://image.tmdb.org/t/p/w500/pWFTabzMwSbso1DsRwE8My4IL1h.jpg,https://image.tmdb.org/t/p/original/4KpKQZ4N2fTm8z2m2fUOErOG5yq.jpg,"Fahri attracted many women, including Maria, Nurul, and Naora. They hide their feelings until Fahri's marriage with Aisha which broke their hearts.",5.9,,0,fallback,,,0,,gelisah,,,,
294480,Der Weg nach Mekka - Die Reise des Muhammad Asad,Der Weg nach Mekka - Die Reise des Muhammad Asad,,2008,Documentary,,,,,,https://image.tmdb.org/t/p/w500/nOyVOW82TVOZVxwPcjRRKxuTtta.jpg,https://image.tmdb.org/t/p/original/nOyVOW82TVOZVxwPcjRRKxuTtta.jpg,"A documentary that traces the path of Muslim scholar and political theorist Muhammad Asad, which led to his conversion to Islam.",10,,1,TMDB,2026-05-18,10,0.021,Released,hidayah,,,,
14359,Doubt,Doubt,,2008,Drama,,,,,,https://image.tmdb.org/t/p/w500/9lypT2ghNuUPYVJf66oe4fKvUqI.jpg,https://image.tmdb.org/t/p/original/9lypT2ghNuUPYVJf66oe4fKvUqI.jpg,"In 1964 Bronx, two Catholic school nuns question the new priest's ambiguous relationship with a troubled African-American student.",7.2,,1908,TMDB,2026-05-18,7.2,3.086,Released,gelisah,https://www.youtube.com/watch?v=f8S0ANEp4vc,https://www.youtube.com/embed/f8S0ANEp4vc,f8S0ANEp4vc,"Doubt | Official Trailer (HD) - Amy Adams, Meryl Streep, Phllip Seymour Hoffman | MIRAMAX"
14438,Fireproof,Fireproof,,2008,Drama | Romance,,,,,,https://image.tmdb.org/t/p/w500/hfoCG75j1YaNyfZGPg0rWy3nFmU.jpg,https://image.tmdb.org/t/p/original/hfoCG75j1YaNyfZGPg0rWy3nFmU.jpg,"A heroic fire captain values dedication and service to others above all else, but the most important partnership in his life, his marriage, is about to go up in smoke.",7.7,,853,TMDB,2026-05-18,7.7,3.426,Released,rindu,https://www.youtube.com/watch?v=pOafIB3KqkM,https://www.youtube.com/embed/pOafIB3KqkM,pOafIB3KqkM,Official Fireproof Trailer
123819,Girdap,Girdap,,2008,Drama,,,,,,https://image.tmdb.org/t/p/w500/8ZXzJFoeufzQaxwyPWyYRvaVI2Q.jpg,https://image.tmdb.org/t/p/original/8ZXzJFoeufzQaxwyPWyYRvaVI2Q.jpg,"A naive apolitical young man, who is interrupted by a fundamental religious environment, turns bitter.",6.7,,3,TMDB,2026-05-18,6.7,0.191,Released,bahagia,,,,
13107,Henry Poole Is Here,Henry Poole Is Here,,2008,Comedy | Drama,,,,,,https://image.tmdb.org/t/p/w500/jUDrRxSuA7ZSHsIVd1MnFRtwLOf.jpg,https://image.tmdb.org/t/p/original/jUDrRxSuA7ZSHsIVd1MnFRtwLOf.jpg,Henry Poole abandons his fiancée and family business to spend what he believes are his remaining days alone. The discovery of a 'miracle' by a nosy neighbor ruptures his solitude and restores his faith in life.,5.9,,187,TMDB,2026-05-18,5.9,0.851,Released,bahagia,https://www.youtube.com/watch?v=Mf97fnD3ed0,https://www.youtube.com/embed/Mf97fnD3ed0,Mf97fnD3ed0,HENRY POOLE IS HERE -- Official Movie Trailer
12222,Horton Hears a Who!,Horton Hears a Who!,,2008,Animation | Comedy | Family | Adventure | Fantasy,,,,,,https://image.tmdb.org/t/p/w500/6k47Z3A5zI2rxubTMwiLyIqQLLr.jpg,https://image.tmdb.org/t/p/original/6k47Z3A5zI2rxubTMwiLyIqQLLr.jpg,"An imaginative elephant named Horton hears a faint cry for help coming from a tiny speck of dust floating through the air. Horton suspects there may be life on that speck and despite a surrounding community, who thinks he has lost his mind, he is determined to save the tiny particle.",6.5,,3529,TMDB,2026-05-18,6.5,7.607,Released,bahagia,,,,
40594,Julia Sweeney - Letting Go of God,Julia Sweeney - Letting Go of God,,2008,Comedy | Documentary,,,,,,https://image.tmdb.org/t/p/w500/3rbdTFuLYiDWGpO2JwT9U66Kez3.jpg,https://image.tmdb.org/t/p/original/3rbdTFuLYiDWGpO2JwT9U66Kez3.jpg,"Julia Sweeney's third autobiographical monologue, Letting Go of God takes the audience through her Catholic upbringing and how personal events in her life and that of her family led her to a disbelief in a personal universal deity.",8.3,,15,TMDB,2026-05-18,8.3,0.164,Released,bahagia,https://www.youtube.com/watch?v=geRUTfgTQlo,https://www.youtube.com/embed/geRUTfgTQlo,geRUTfgTQlo,Letting go of God - Trailer
50338,Le Chant des mariées,Le Chant des mariées,,2008,Drama,,,,,,https://image.tmdb.org/t/p/w500/bmPOAXK3JNkkvRd537s505Nt9yn.jpg,https://image.tmdb.org/t/p/original/bmPOAXK3JNkkvRd537s505Nt9yn.jpg,The Nazi occupation of Tunisia strains the bonds of friendship between a Muslim woman and a Sephardic Jewess who are both preparing for their marriages.,5,,16,TMDB,2026-05-18,5,0.304,Released,hidayah,,,,
13256,Mutant Chronicles,Mutant Chronicles,,2008,Action | Adventure | Science Fiction,,,,,,https://image.tmdb.org/t/p/w500/vHH9VnQZYdhWE9PMMKUpYrG1Z0Z.jpg,https://image.tmdb.org/t/p/original/vHH9VnQZYdhWE9PMMKUpYrG1Z0Z.jpg,It's the year 2707. Earth's natural resources have all but been exhausted by mankind. Battles rage for the remainder between the competing Corporations. During one such battle the seal is broken and awakens an ancient and deadly machine that was once defeated thousands of years ago. The order that awaited its return must now lead a small group of soldiers to destroy it once and for all.,5.3,,498,TMDB,2026-05-18,5.3,1.853,Released,marah,https://www.youtube.com/watch?v=0R-GoZ5RG_0,https://www.youtube.com/embed/0R-GoZ5RG_0,0R-GoZ5RG_0,Mutant Chronicles Official Trailer
13007,Religulous,Religulous,,2008,Documentary | Comedy,,,,,,https://image.tmdb.org/t/p/w500/hBv5LCbWxPB8iU77dwurSGMVZ3N.jpg,https://image.tmdb.org/t/p/original/hBv5LCbWxPB8iU77dwurSGMVZ3N.jpg,"Commentator-comic Bill Maher plays devil's advocate with religion as he talks to believers about their faith. Traveling around the world, Maher examines the tenets of Christianity, Judaism and Islam and raises questions about homosexuality, proof of Christ's existence, Jewish Sabbath laws, violent Muslim extremists.",7,,646,TMDB,2026-05-18,7,0.935,Released,hidayah,https://www.youtube.com/watch?v=XdkyLrDpaUg,https://www.youtube.com/embed/XdkyLrDpaUg,XdkyLrDpaUg,Religulous (Trailer)
12405,Slumdog Millionaire,Slumdog Millionaire,,2008,Drama | Romance,,,,,,https://image.tmdb.org/t/p/w500/5leCCi7ZF0CawAfM5Qo2ECKPprc.jpg,https://image.tmdb.org/t/p/original/5leCCi7ZF0CawAfM5Qo2ECKPprc.jpg,"A teenager reflects on his life after being accused of cheating on the Indian version of ""Who Wants to be a Millionaire?"".",7.7,,11308,TMDB,2026-05-18,7.7,7.368,Released,rindu,https://www.youtube.com/watch?v=AIzbwV7on6Q,https://www.youtube.com/embed/AIzbwV7on6Q,AIzbwV7on6Q,Trailer
2454,The Chronicles of Narnia: Prince Caspian,The Chronicles of Narnia: Prince Caspian,,2008,Adventure | Family | Fantasy,,,,,,https://image.tmdb.org/t/p/w500/qxz3WIyjZiSKUhaTIEJ3c1GcC9z.jpg,https://image.tmdb.org/t/p/original/qxz3WIyjZiSKUhaTIEJ3c1GcC9z.jpg,"One year after their incredible adventures in the Lion, the Witch and the Wardrobe, Peter, Edmund, Lucy and Susan Pevensie return to Narnia to aid a young prince whose life has been threatened by the evil King Miraz. Now, with the help of a colorful cast of new characters, including Trufflehunter the badger and Nikabrik the dwarf, the Pevensie clan embarks on an incredible quest to ensure that Narnia is returned to its rightful heir.",6.6,,6756,TMDB,2026-05-18,6.6,6.753,Released,sedih,https://www.youtube.com/watch?v=icnmPD3QitY,https://www.youtube.com/embed/icnmPD3QitY,icnmPD3QitY,Super Trailer
4922,The Curious Case of Benjamin Button,The Curious Case of Benjamin Button,,2008,Drama | Fantasy | Romance,,,,,,https://image.tmdb.org/t/p/w500/26wEWZYt6yJkwRVkjcbwJEFh9IS.jpg,https://image.tmdb.org/t/p/original/26wEWZYt6yJkwRVkjcbwJEFh9IS.jpg,"Born under unusual circumstances, Benjamin Button springs into being as an elderly man in a New Orleans nursing home and ages in reverse. Twelve years after his birth, he meets Daisy, a child who flits in and out of his life as she grows up to be a dancer. Though he has all sorts of unusual adventures over the course of his life, it is his relationship with Daisy, and the hope that they will come together at the right time, that drives Benjamin forward.",7.6,,13697,TMDB,2026-05-18,7.6,8.71,Released,rindu,https://www.youtube.com/watch?v=lqijVXvw7_E,https://www.youtube.com/embed/lqijVXvw7_E,lqijVXvw7_E,Official Trailer
13291,Traitor,Traitor,,2008,Drama | Action | Thriller | Crime,,,,,,https://image.tmdb.org/t/p/w500/va4Uo7L2b4d96JTdRMclO9L2hY0.jpg,https://image.tmdb.org/t/p/original/va4Uo7L2b4d96JTdRMclO9L2hY0.jpg,"When straight arrow FBI agent Roy Clayton heads up the investigation into a dangerous international conspiracy, all clues seem to lead back to former U.S. Special Operations officer Samir Horn.",6.7,,708,TMDB,2026-05-18,6.7,2.076,Released,gelisah,https://www.youtube.com/watch?v=Qq5i8y09ea0,https://www.youtube.com/embed/Qq5i8y09ea0,Qq5i8y09ea0,Traitor 2008 Trailer HD | Don Cheadle | Guy Pearce
12179,Where in the World Is Osama Bin Laden?,Where in the World Is Osama Bin Laden?,,2008,Documentary,,,,,,https://image.tmdb.org/t/p/w500/izbPng3zkyT6jA8EcZQROb32oMk.jpg,https://image.tmdb.org/t/p/original/izbPng3zkyT6jA8EcZQROb32oMk.jpg,Morgan Spurlock tours the Middle East to discuss the war on terror with Arabic people.,6.2,,69,TMDB,2026-05-18,6.2,0.266,Released,marah,https://www.youtube.com/watch?v=fYmEA4O6a10,https://www.youtube.com/embed/fYmEA4O6a10,fYmEA4O6a10,Where In The World Is Osama Bin Laden? Trailer
10661,You Don't Mess with the Zohan,You Don't Mess with the Zohan,,2008,Comedy | Action,,,,,,https://image.tmdb.org/t/p/w500/gBhLQmpCPoKFMCGsulMbIFzrBID.jpg,https://image.tmdb.org/t/p/original/gBhLQmpCPoKFMCGsulMbIFzrBID.jpg,An Israeli counterterrorism soldier with a secretly fabulous ambition to become a Manhattan hairstylist. Zohan's desire runs so deep that he'll do anything -- including faking his own death and going head-to-head with an Arab cab driver -- to make his dreams come true.,5.7,,4058,TMDB,2026-05-18,5.7,6.058,Released,bahagia,https://www.youtube.com/watch?v=ucmnTmYpGhI,https://www.youtube.com/embed/ucmnTmYpGhI,ucmnTmYpGhI,"Watch the ""You Don't Mess With the Zohan"" Trailer"
,حسن ومرقص,حسن ومرقص,,2008,Drama,,,,,,https://image.tmdb.org/t/p/w500/1U4K5FYViv3PvPofin257UiAdch.jpg,https://image.tmdb.org/t/p/original/1U4K5FYViv3PvPofin257UiAdch.jpg,"A terrorist Muslim group calls for the execution of Sheikh Hassan for refusing to join their organisation.  At the same time, a priest ,Marcos, is also facing death threats. Both men seek help from the government, who puts them under the witness protection program, giving each man the other's identity.",6.6,,0,fallback,,,0,,sedih,,,,
,طول عمري,طول عمري,,2008,Drama | Romance,,,,,,https://image.tmdb.org/t/p/w500/9jDoSawjgmMhiugnVlMXTWpmXKW.jpg,https://image.tmdb.org/t/p/original/9jDoSawjgmMhiugnVlMXTWpmXKW.jpg,"For Rami, all is for the best in this best of all possible worlds, as long as he keeps to himself. But when his longtime lover leaves him to marry a woman and his best friends drift away, he comes face to face with the harsh realities of life as a gay man in Egypt. Against the backdrop of the choreographed crackdown on gay men and the notorious Queen Boat arrests of 2001, he plunges into a world of loveless friendships and spirals downwards to his ultimate downfall.",3.5,,0,fallback,,,0,,hidayah,,,,
,مهمان,مهمان,,2008,Adventure | Comedy | Drama | Family | Romance,,,,,,https://image.tmdb.org/t/p/w500/ppohzpD1lLtWZx0nLwphWpH4dn4.jpg,https://image.tmdb.org/t/p/original/ppohzpD1lLtWZx0nLwphWpH4dn4.jpg,"A young taxi driver who is a happy man encounters lots of different stories through his daily life. One day, he is driving a young American woman and he enters an unusual and protracted adventure which he should follow to the end. The American woman has lost the address she is going to refer and it is almost impossible to reach her relatives. The young driver believes that he should help the woman until she finds her relatives and this issue causes many problems between him and his fiancee. He also has other problems regarding the American woman and his unusual friend.",4,,0,fallback,,,0,,gelisah,,,,
,همیشه پای یک زن درمیان است,همیشه پای یک زن درمیان است,,2008,Comedy | Drama,,,,,,https://image.tmdb.org/t/p/w500/5qsDKINqqg1UGSmS6F5pOQ3eA7p.jpg,https://image.tmdb.org/t/p/original/5qsDKINqqg1UGSmS6F5pOQ3eA7p.jpg,A couple who had a romantic marriage and life now are about to get divorce but meanwhile many people are intervening.,3.3,,0,fallback,,,0,,gelisah,,,,
,کنعان,کنعان,,2008,Drama,,,,,,https://image.tmdb.org/t/p/w500/3xKB0RhdH461KITOwuP10C1CnTG.jpg,https://image.tmdb.org/t/p/original/3xKB0RhdH461KITOwuP10C1CnTG.jpg,"Mina has decided to leave her older husband Morteza after ten years of marriage. Next Monday will be her divorce date, which means her first step towards her goal; immigration. However, the arrival of her older sister, Azar, together with the illness of her mother in law is causing her trouble. To her surprise, meanwhile, she finds out she is pregnant.",6.1,,0,fallback,,,0,,hidayah,,,,
14073,जोधा अकबर,जोधा अकबर,,2008,Romance | History | Drama,,,,,,https://image.tmdb.org/t/p/w500/gPjgeywFNTlh9IUuXWy85nn4h8J.jpg,https://image.tmdb.org/t/p/original/gPjgeywFNTlh9IUuXWy85nn4h8J.jpg,A sixteenth century love story about a marriage of alliance that gave birth to true love between a Mughal emperor and a Rajput princess.,7.3,,277,TMDB,2026-05-18,7.3,1.759,Released,hidayah,https://www.youtube.com/watch?v=5B_X2xOBpFc,https://www.youtube.com/embed/5B_X2xOBpFc,5B_X2xOBpFc,Official Trailer (English Subtitles)
,1957 Hati Malaya,1957 Hati Malaya,,2007,Drama | History,,,,,,https://image.tmdb.org/t/p/w500/jud8Urfhijltan20NzHDxad8udH.jpg,https://image.tmdb.org/t/p/original/jud8Urfhijltan20NzHDxad8udH.jpg,"Four young Malaysians, Salmi, Razak, Ani and Angee have been assigned to do a picture book of ‘1957’. While two of them grudgingly carry out the request made by the publisher, Zahari, one of them takes on the role enthusiastically. Along the way, they find themselves immersed in the characters, emotional moments, identifying with and finding meaning in the struggle of ‘1957’. They weave the story of independence by transporting themselves back to the past. Ordinary Malaysians who fell in love, and found their love for the country override their personal emotions. The present characters find new meaning to ‘Merdeka’",,,0,,,,0,,gelisah,,,,
1988,A Mighty Heart,A Mighty Heart,,2007,Drama | Thriller | History,,,,,,https://image.tmdb.org/t/p/w500/z5f7KPg8vqqYXtaF0wUkSWryDIg.jpg,https://image.tmdb.org/t/p/original/z5f7KPg8vqqYXtaF0wUkSWryDIg.jpg,"Based on Mariane Pearl's account of the terrifying and unforgettable story of her husband, Wall Street Journal reporter Danny Pearl's life and death.",6.4,,353,TMDB,2026-05-18,6.4,1.676,Released,gelisah,https://www.youtube.com/watch?v=G7EDc354h1k,https://www.youtube.com/embed/G7EDc354h1k,G7EDc354h1k,A Mighty Heart - Trailer
13491,Arn: Tempelriddaren,Arn: Tempelriddaren,,2007,Action | Adventure | Drama | Romance,,,,,,https://image.tmdb.org/t/p/w500/kN8C9K9bSQ01lItuEqYzROYErAX.jpg,https://image.tmdb.org/t/p/original/kN8C9K9bSQ01lItuEqYzROYErAX.jpg,"Arn, the son of a high-ranking Swedish nobleman is educated in a monastery and sent to the Holy Land as a knight templar to do penance for a forbidden love.",6.3,,310,TMDB,2026-05-18,6.3,2.244,Released,rindu,https://www.youtube.com/watch?v=1EAqu28Dd-M,https://www.youtube.com/embed/1EAqu28Dd-M,1EAqu28Dd-M,Arn The Knight Templar - Official Trailer
6538,Charlie Wilson's War,Charlie Wilson's War,,2007,Comedy | Drama | History,,,,,,https://image.tmdb.org/t/p/w500/45FghqcdSYRWK7PsHUInaFPNd8l.jpg,https://image.tmdb.org/t/p/original/45FghqcdSYRWK7PsHUInaFPNd8l.jpg,A Texas congressman sets a series of events in motion when he conspires with a CIA operative to aid Afghan mujahideen rebels fighting the Soviets.,6.5,,1640,TMDB,2026-05-18,6.5,2.922,Released,bahagia,https://www.youtube.com/watch?v=eUWXQLIgk8A,https://www.youtube.com/embed/eUWXQLIgk8A,eUWXQLIgk8A,Trailer
268230,Cities of Light: The Rise and Fall of Islamic Spain,Cities of Light: The Rise and Fall of Islamic Spain,,2007,Documentary,,,,,,https://image.tmdb.org/t/p/w500/sqGHqKjkSSHpiuSuKB20FY56NxY.jpg,https://image.tmdb.org/t/p/original/sqGHqKjkSSHpiuSuKB20FY56NxY.jpg,"Over a thousand years ago, the sun-washed lands of Southern Spain were home to Muslims, Christians, and Jews living together and flourishing. Their culture and beliefs intertwined and the ...",6,,2,TMDB,2026-05-18,6,0.16,Released,hidayah,,,,
2698,Evan Almighty,Evan Almighty,,2007,Fantasy | Comedy | Family,,,,,,https://image.tmdb.org/t/p/w500/blI1ioXbgJWOJ3PbcBuSV65Ebwu.jpg,https://image.tmdb.org/t/p/original/blI1ioXbgJWOJ3PbcBuSV65Ebwu.jpg,God contacts Junior Congressman Evan Baxter and tells him to build an ark in preparation for a great flood.,5.6,,4548,TMDB,2026-05-18,5.6,5.772,Released,bahagia,https://www.youtube.com/watch?v=R1QArbkQsVw,https://www.youtube.com/embed/R1QArbkQsVw,R1QArbkQsVw,Evan Almighty - Trailer
6479,I Am Legend,I Am Legend,,2007,Drama | Science Fiction | Thriller,,,,,,https://image.tmdb.org/t/p/w500/iPDkaSdKk2jRLTM65UOEoKtsIZ8.jpg,https://image.tmdb.org/t/p/original/iPDkaSdKk2jRLTM65UOEoKtsIZ8.jpg,"Robert Neville is a scientist who was unable to stop the spread of the terrible virus that was incurable and man-made. Immune, Neville is now the last human survivor in what is left of New York City and perhaps the world. For three years, Neville has faithfully sent out daily radio messages, desperate to find any other survivors who might be out there. But he is not alone.",7.2,,16800,TMDB,2026-05-18,7.2,14.71,Released,gelisah,https://www.youtube.com/watch?v=4uDU6SUpr8k,https://www.youtube.com/embed/4uDU6SUpr8k,4uDU6SUpr8k,Trailer #2
3902,I'm Not There,I'm Not There,,2007,Drama | Music,,,,,,https://image.tmdb.org/t/p/w500/bucgvB7gQqcl1m71efHkenfIMTj.jpg,https://image.tmdb.org/t/p/original/bucgvB7gQqcl1m71efHkenfIMTj.jpg,"Six actors portray six personas of music legend Bob Dylan in scenes depicting various stages of his life, chronicling his rise from unknown folksinger to international icon and revealing how Dylan constantly reinvented himself.",6.5,,772,TMDB,2026-05-18,6.5,2.827,Released,gelisah,https://www.youtube.com/watch?v=abVh39ZmUag,https://www.youtube.com/embed/abVh39ZmUag,abVh39ZmUag,Trailer
23717,Khuda Kay Liye,Khuda Kay Liye,,2007,Drama,,,,,,https://image.tmdb.org/t/p/w500/4QaOrupHDRLgWRJEndFKERx9I5y.jpg,https://image.tmdb.org/t/p/original/4QaOrupHDRLgWRJEndFKERx9I5y.jpg,"The film is about the difficult situation in which the Pakistanis in particular and the Muslims in general are caught up since 9/11. There is a war going on between the Fundamentalists and the Liberal Muslims. This situation is creating a drift not only between the Western world and the Muslims, but also within the Muslims. The educated and modern Muslims are in a difficult situation because of their approach towards life and their western attire. They are criticized and harassed by the fundamentalists and on the other hand the Western world sees them as potential suspects of terrorism just because of their Muslim names.",6.5,,33,TMDB,2026-05-18,6.5,0.447,Released,hidayah,https://www.youtube.com/watch?v=EX65wpFll9o,https://www.youtube.com/embed/EX65wpFll9o,EX65wpFll9o,Khuda ke liye - Trailer
8280,La Graine et le Mulet,La Graine et le Mulet,,2007,Drama,,,,,,https://image.tmdb.org/t/p/w500/mqPwap2uS7d7yLJVGjQYTdG9I1P.jpg,https://image.tmdb.org/t/p/original/mqPwap2uS7d7yLJVGjQYTdG9I1P.jpg,"In southern France, a Franco-Arabic shipyard worker along with his partner's daughter pursues his dream of opening a restaurant.",7,,238,TMDB,2026-05-18,7,0.767,Released,gelisah,https://www.youtube.com/watch?v=uuHAJy6wXB8,https://www.youtube.com/embed/uuHAJy6wXB8,uuHAJy6wXB8,THE SECRET OF THE GRAIN (2007) Trailer - The Criterion Collection
2284,Mr. Magorium's Wonder Emporium,Mr. Magorium's Wonder Emporium,,2007,Family | Fantasy | Comedy,,,,,,https://image.tmdb.org/t/p/w500/rdFgWATSVhhFtNYZUFsGcHzltcG.jpg,https://image.tmdb.org/t/p/original/rdFgWATSVhhFtNYZUFsGcHzltcG.jpg,"Molly Mahoney is the awkward and insecure manager of Mr. Magorium's Wonder Emporium—the strangest, most fantastic and most wonderful toy store in the world. After Mr. Magorium bequeaths the store to her, a dark and ominous change begins to take over the once-remarkable Emporium.",6.3,,1311,TMDB,2026-05-18,6.3,2.258,Released,bahagia,https://www.youtube.com/watch?v=m4Mrga2aSL0,https://www.youtube.com/embed/m4Mrga2aSL0,m4Mrga2aSL0,mr magorium' wonder emporium trailer
2011,Persepolis,Persepolis,,2007,Animation | Drama,,,,,,https://image.tmdb.org/t/p/w500/aU8i2QAdTyRR1nYb36Gq51xXP8p.jpg,https://image.tmdb.org/t/p/original/aU8i2QAdTyRR1nYb36Gq51xXP8p.jpg,"In 1970s Iran, Marjane 'Marji' Satrapi watches events through her young eyes and her idealistic family of a long dream being fulfilled of the hated Shah's defeat in the Iranian Revolution of 1979. However as Marji grows up, she witnesses first hand how the new Iran, now ruled by Islamic fundamentalists, has become a repressive tyranny on its own.",7.9,,2141,TMDB,2026-05-18,7.9,2.4,Released,hidayah,https://www.youtube.com/watch?v=NZ22VyjJ6n8,https://www.youtube.com/embed/NZ22VyjJ6n8,NZ22VyjJ6n8,UK Trailer [Subtitled]
168261,Pyhän kirjan varjo,Pyhän kirjan varjo,,2007,Documentary,,,,,,,,"An investigative documentary about the violation of human rights in Turkmenistan, and the willingness of Western companies to turn a blind eye for financial gain.",5.4,,6,TMDB,2026-05-18,5.4,0.319,Released,gelisah,,,,
24506,The Enemies of Reason,The Enemies of Reason,,2007,Documentary,,,,,,https://image.tmdb.org/t/p/w500/avzcYIGZte6FcaVrVEGcz6Dpdsv.jpg,https://image.tmdb.org/t/p/original/avzcYIGZte6FcaVrVEGcz6Dpdsv.jpg,"Documentary written and presented by scientist Richard Dawkins, in which he seeks to expose ""those areas of belief that exist without scientific proof, yet manage to hold the nation under their spell"", including mediumship, psychokinesis, acupuncture, and other forms of alternative medicine.",7.5,,37,TMDB,2026-05-18,7.5,0.347,Released,marah,,,,
5876,The Mist,The Mist,,2007,Horror | Science Fiction | Thriller,,,,,,https://image.tmdb.org/t/p/w500/1CvJ6diBACKPVGOpcWuY4XPQdqX.jpg,https://image.tmdb.org/t/p/original/1CvJ6diBACKPVGOpcWuY4XPQdqX.jpg,"After a violent storm, a dense cloud of mist envelops a small Maine town, trapping David Drayton and his five-year-old son in a local grocery store with other local residents. They soon discover that the mist conceals deadly horrors that threaten their lives, and worse, their sanity.",6.9,,5812,TMDB,2026-05-18,6.9,9.704,Released,gelisah,https://www.youtube.com/watch?v=LhCKXJNGzN8,https://www.youtube.com/embed/LhCKXJNGzN8,LhCKXJNGzN8,The Mist (2007) - HD Trailer
1683,The Reaping,The Reaping,,2007,Horror,,,,,,https://image.tmdb.org/t/p/w500/o8Vl4Vxp5LBth9J6Aa3k6PAefxt.jpg,https://image.tmdb.org/t/p/original/o8Vl4Vxp5LBth9J6Aa3k6PAefxt.jpg,"Katherine Morrissey, a former Christian missionary, lost her faith after the tragic deaths of her family. Now she applies her expertise to debunking religious phenomena. When a series of biblical plagues overrun a small town, Katherine arrives to prove that a supernatural force is not behind the occurrences, but soon finds that science cannot explain what is happening. Instead, she must regain her faith to combat the evil that waits in a Louisiana swamp.",5.8,,891,TMDB,2026-05-18,5.8,2.062,Released,gelisah,https://www.youtube.com/watch?v=uJmoEPwudN0,https://www.youtube.com/embed/uJmoEPwudN0,uJmoEPwudN0,The Reaping - Trailer
,Warriors of Satan,Warriors of Satan,,2007,Drama,,,,,,,,Satan's minions are once again trying to take over the hearts and minds of Nigeria's faithful.,,,0,,,,0,,gelisah,,,,
2015,밀양,밀양,,2007,Drama,,,,,,https://image.tmdb.org/t/p/w500/vee1jyUrqUEmi5ZStWI1JJzLQJH.jpg,https://image.tmdb.org/t/p/original/vee1jyUrqUEmi5ZStWI1JJzLQJH.jpg,"Shin-ae moves to her recently late husband’s hometown. Despite her efforts to settle in this unfamiliar and too-normal place, she finds that she can’t fit in. After a sudden tragedy, Shin-ae turns to Christianity to relieve her pain, but when even this is not permitted, she wages a war against God.",7.2,,227,TMDB,2026-05-18,7.2,1.998,Released,sedih,https://www.youtube.com/watch?v=yFt-i-LTXpo,https://www.youtube.com/embed/yFt-i-LTXpo,yFt-i-LTXpo,SECRET SUNSHINE - Official Trailer
10884,10 Questions for the Dalai Lama,10 Questions for the Dalai Lama,,2006,Documentary,,,,,,https://image.tmdb.org/t/p/w500/cT1bJwoBPTEoQYJKk4CwelZRyoi.jpg,https://image.tmdb.org/t/p/original/cT1bJwoBPTEoQYJKk4CwelZRyoi.jpg,"How do you reconcile a commitment to non-violence when faced with violence? Why do the poor often seem happier than the rich? Must a society lose its traditions in order to move into the future? These are some of the questions posed to His Holiness the Dalai Lama by filmmaker and explorer Rick Ray. Ray examines some of the fundamental questions of our time by weaving together observations from his own journeys throughout India and the Middle East, and the wisdom of an extraordinary spiritual leader. This is his story, as told and filmed by Rick Ray during a private visit to his monastery in Dharamsala, India over the course of several months. Also included is rare historical footage as well as footage supplied by individuals who at great personal risk, filmed with hidden cameras within Tibet.",7.2,,15,TMDB,2026-05-18,7.2,0.229,Released,bahagia,https://www.youtube.com/watch?v=uPZmlqRQOO0,https://www.youtube.com/embed/uPZmlqRQOO0,uPZmlqRQOO0,10 Questions For The Dalai Lama Trailer
5850,Beş Vakit,Beş Vakit,,2006,Drama,,,,,,https://image.tmdb.org/t/p/w500/rNFveNOjsQPSjacdQ6kNzJfP6ib.jpg,https://image.tmdb.org/t/p/original/rNFveNOjsQPSjacdQ6kNzJfP6ib.jpg,"In a small, poor village leaning over high rocky mountains, the villagers are simple and diligent people who struggle to cope with a harsh nature. They earn their living off the earth and a few animals they feed. Fathers always prefer one of their sons. Mothers command their daughters ruthlessly. Ömer, the son of the imam, wishes hopelessly for the death of his father. When he understands that wishful thinking does not have any concrete results, he begins to search for childish ways to kill his father. Yakup is in love with his teacher, and one day after seeing his father spying on the teacher he dreams too, like Ömer, of killing his father. Yıldız studies and tries to manage the household chores imposed by her mother. She learns with irritation about the secrets of the relationship between men and women.",7.1,,56,TMDB,2026-05-18,7.1,0.525,Released,hidayah,,,,
7874,Black Snake Moan,Black Snake Moan,,2006,Drama,,,,,,https://image.tmdb.org/t/p/w500/8Yv7kxsqXSe4ZHl8uJEhmsPjhAP.jpg,https://image.tmdb.org/t/p/original/8Yv7kxsqXSe4ZHl8uJEhmsPjhAP.jpg,"A God-fearing bluesman takes to a wild young woman who, as a victim of childhood sexual abuse, is looking everywhere for love, but never quite finding it.",6.8,,963,TMDB,2026-05-18,6.8,3.196,Released,gelisah,https://www.youtube.com/watch?v=VYMqX3SKIGY,https://www.youtube.com/embed/VYMqX3SKIGY,VYMqX3SKIGY,Black Snake Moan - Trailer
9693,Children of Men,Children of Men,,2006,Science Fiction | Thriller | Action,,,,,,https://image.tmdb.org/t/p/w500/lQcXgb0fFzffnLV5WY0Q0X2WW7E.jpg,https://image.tmdb.org/t/p/original/lQcXgb0fFzffnLV5WY0Q0X2WW7E.jpg,"In 2027, in a chaotic world in which humans can no longer procreate, a former activist agrees to help transport a miraculously pregnant woman to a sanctuary at sea, where her child's birth may help scientists save the future of humankind.",7.6,,7823,TMDB,2026-05-18,7.6,6.601,Released,gelisah,https://www.youtube.com/watch?v=2VT2apoX90o,https://www.youtube.com/embed/2VT2apoX90o,2VT2apoX90o,"Children of Men Official Trailer #1 - Julianne Moore, Clive Owen Movie (2006) HD"
29697,Faith Like Potatoes,Faith Like Potatoes,,2006,Drama,,,,,,https://image.tmdb.org/t/p/w500/aDbCnYtGf850s9EfU3LOh1gejm4.jpg,https://image.tmdb.org/t/p/original/aDbCnYtGf850s9EfU3LOh1gejm4.jpg,"Frank Rautenbach leads a strong cast as Angus Buchan, a Zambian farmer of Scottish heritage, who leaves his farm in the midst of political unrest and racially charged land reclaims and travels south with his family to start a better life in KwaZulu Natal,South Africa.",7.3,,61,TMDB,2026-05-18,7.3,0.592,Released,gelisah,https://www.youtube.com/watch?v=vVE5-sd4IQA,https://www.youtube.com/embed/vVE5-sd4IQA,vVE5-sd4IQA,"""Faith Like Potatoes"" DVD Trailer"
10958,Flight 93,Flight 93,,2006,Drama | Thriller | TV Movie,,,,,,https://image.tmdb.org/t/p/w500/q2jz1F7u4u4jID3xaFjuUBFEpxl.jpg,https://image.tmdb.org/t/p/original/q2jz1F7u4u4jID3xaFjuUBFEpxl.jpg,"Flight 93 is a 2006 made-for-TV film, directed by Peter Markle, which chronicles the events aboard United Airlines Flight 93 during the September 11 attacks. It premiered January 30, 2006 on the A&amp;E Network and was re-broadcast several times throughout 2006. The film focused heavily on eight passengers, namely Todd Beamer, Mark Bingham, Tom Burnett, Jeremy Glick, Lauren Grandcolas, Donald Greene, Nicole Miller, and Honor Elizabeth Wainio. It features small appearances from many other passengers, namely Donald Peterson and his wife, Jean, and also from flight attendant Sandra Bradshaw.",6.5,,190,TMDB,2026-05-18,6.5,0.974,Released,gelisah,https://www.youtube.com/watch?v=c3cvZkyN6oQ,https://www.youtube.com/embed/c3cvZkyN6oQ,c3cvZkyN6oQ,Flight 93 - Trailer
,Gubra,Gubra,,2006,Drama | Comedy,,,,,,https://image.tmdb.org/t/p/w500/zcM2UJdNGAMPysnenZlz8P9rUwO.jpg,https://image.tmdb.org/t/p/original/zcM2UJdNGAMPysnenZlz8P9rUwO.jpg,"Seven years after Jason, Orked is now married to a much older guy, Arif. Everything seems ideal in their marriage at first glance. One fateful morning, Orked is awakened by a distressing phone call from Mak Inom with news that Pak Atan has become catatonic due to diabetic complications.After some chaos, they take Pak Atan to the hospital. There, Orked bumps into Alan, Jason’s elder brother. His father, Pa has also been hospitalized. As the film develops, we witness the friendship between Alan and Orked flourish, to Arif’s apprehension. Perhaps because for Orked, Alan is a link to her first love.",2.7,,0,fallback,,,0,,gelisah,,,,
71752,Hidden Places,Hidden Places,,2006,TV Movie | Drama | Romance,,,,,,https://image.tmdb.org/t/p/w500/mExiAl7zaqhxXuubS2OqSqpYubi.jpg,https://image.tmdb.org/t/p/original/mExiAl7zaqhxXuubS2OqSqpYubi.jpg,A drama about a young widow who finds a guardian angel in the form of a hobo who comes to her rural community looking for work.,7.7,,13,TMDB,2026-05-18,7.7,0.2,Released,rindu,,,,
34389,Iraq in Fragments,Iraq in Fragments,,2006,Documentary,,,,,,https://image.tmdb.org/t/p/w500/snVhUvp5Cq8Vaxr19sPl33eeYX0.jpg,https://image.tmdb.org/t/p/original/snVhUvp5Cq8Vaxr19sPl33eeYX0.jpg,"An opus in three parts, Iraq In Fragments offers a series of intimate, passionately-felt portraits: A fatherless 11-year-old is apprenticed to the domineering owner of a Baghdad garage; Sadr followers in two Shiite cities rally for regional elections while enforcing Islamic law at the point of a gun; a family of Kurdish farmers welcomes the US presence, which has allowed them a measure of freedom previously denied. American director James Longley spent more than two years filming in Iraq to create this stunningly photographed, poetically rendered documentary of the war-torn country as seen through the eyes of Sunnis, Shiites and Kurds.",6.6,,19,TMDB,2026-05-18,6.6,0.219,Released,hidayah,https://www.youtube.com/watch?v=hiu8cXhjpX4,https://www.youtube.com/embed/hiu8cXhjpX4,hiu8cXhjpX4,Iraq In Fragments Trailer
9697,Lady in the Water,Lady in the Water,,2006,Drama | Fantasy | Mystery,,,,,,https://image.tmdb.org/t/p/w500/ddNmoSy1Jd3PBF5XDZvrrBIfrja.jpg,https://image.tmdb.org/t/p/original/ddNmoSy1Jd3PBF5XDZvrrBIfrja.jpg,"Apartment building superintendent Cleveland Heep rescues what he thinks is a young woman from the pool he maintains. When he discovers that she is actually a character from a bedtime story who is trying to make the journey back to her home, he works with his tenants to protect his new friend from the creatures that are determined to keep her in our world.",5.6,,1480,TMDB,2026-05-18,5.6,1.815,Released,marah,https://www.youtube.com/watch?v=j_EfR05ku4Q,https://www.youtube.com/embed/j_EfR05ku4Q,j_EfR05ku4Q,Lady in the Water (2006) Trailer
25890,Looking for Comedy in the Muslim World,Looking for Comedy in the Muslim World,,2006,Comedy,,,,,,https://image.tmdb.org/t/p/w500/7U1stA5Jr2PjGKu21mIA3mHnohl.jpg,https://image.tmdb.org/t/p/original/7U1stA5Jr2PjGKu21mIA3mHnohl.jpg,"To improve its relations with Muslim countries, the United States government sends comedian Albert Brooks to south Asia to write a report on what makes followers of Islam laugh.",4.9,,34,TMDB,2026-05-18,4.9,0.788,Released,hidayah,https://www.youtube.com/watch?v=zAkQ-gvErDw,https://www.youtube.com/embed/zAkQ-gvErDw,zAkQ-gvErDw,Looking For Comedy In The Muslim World (2005) Official Trailer - Albert Brooks Comedy Movie HD
5717,Man Push Cart,Man Push Cart,,2006,Drama,,,,,,https://image.tmdb.org/t/p/w500/hGhGa4O6ztK5r3SeFlEmYZE7EUZ.jpg,https://image.tmdb.org/t/p/original/hGhGa4O6ztK5r3SeFlEmYZE7EUZ.jpg,"Every night while the city sleeps, Ahmad, a former Pakistani rock star turned immigrant, drags his heavy cart along the streets of New York. And every morning, he sells coffee and donuts to a city he cannot call his own. One day, however, the pattern of this harsh existence is broken by a glimmer of hope for a better life.",6.9,,53,TMDB,2026-05-18,6.9,0.359,Released,sedih,https://www.youtube.com/watch?v=-kkm5IrfMLA,https://www.youtube.com/embed/-kkm5IrfMLA,-kkm5IrfMLA,Man Push Cart (2005) ORIGINAL TRAILER [HD]
64383,Mauvaise foi,Mauvaise foi,,2006,Comedy,,,,,,https://image.tmdb.org/t/p/w500/msGbYpNKJ948X1edtE7ndL27xSS.jpg,https://image.tmdb.org/t/p/original/msGbYpNKJ948X1edtE7ndL27xSS.jpg,"In Paris, Clara, psycho motor therapist, and Ismaël, music teacher, have been lovers for four years. Happy, the couple are expecting their first child and decide to move in together. But the news is not well received by their respective families because Clara is Jewish and Ishmael a Muslim. Although not practicing, this difference will gradually sow trouble in their love life.",6,,71,TMDB,2026-05-18,6,0.427,Released,hidayah,,,,
2266,"Paris, je t'aime","Paris, je t'aime",,2006,Drama | Romance,,,,,,https://image.tmdb.org/t/p/w500/mcke8Uvw8QDToAZQ94UGo7VU0g6.jpg,https://image.tmdb.org/t/p/original/mcke8Uvw8QDToAZQ94UGo7VU0g6.jpg,"Olivier Assayas, Gus Van Sant, Wes Craven and Alfonso Cuaron are among the 20 distinguished directors who contribute to this collection of 18 stories, each exploring a different aspect of Parisian life. The colourful characters in this drama include a pair of mimes, a husband trying to choose between his wife and his lover, and a married man who turns to a prostitute for advice.",6.8,,833,TMDB,2026-05-18,6.8,4.617,Released,rindu,https://www.youtube.com/watch?v=yAOQBuPHV3M,https://www.youtube.com/embed/yAOQBuPHV3M,yAOQBuPHV3M,"Paris, je t'aime (2006) Trailer"
,Sınav,Sınav,,2006,Comedy | Drama,,,,,,https://image.tmdb.org/t/p/w500/t53xz110VXSYtBciCuRkYvZsw9Z.jpg,https://image.tmdb.org/t/p/original/t53xz110VXSYtBciCuRkYvZsw9Z.jpg,Five high school students plans to steal University Entrance Exam booklets.,5.8,,0,fallback,,,0,,gelisah,,,,
4887,Takva,Takva,,2006,Drama,,,,,,https://image.tmdb.org/t/p/w500/ta0V8MRI7rQJXNRdnaKARpgUASw.jpg,https://image.tmdb.org/t/p/original/ta0V8MRI7rQJXNRdnaKARpgUASw.jpg,"Humble and introvert Muharrem lives in a solitary and meager existence of a prayer and sexual abstinence adhering strictly to the most severe Islamic doctrines.His extraordinary devotion attracts the attention of the leader of a rich and powerful Istanbul religious group and he offers him an administrative post as a rent collector for their numerous properties. Muharrem's new job throws him into the modern outside world he has successfully avoided for so long. He soon witnesses conflict attitude toward alcohol consumption and goodwill.He notices that he himself has become proud, domineering and even dishonest.To make matters worse, Muharrem's inner peace is unnerved by the tormenting image of seductive woman who tempts him in his dreams,both night and day.With the balance of his devotion now upset,his fear of God begins to eat away at his senses.",7.2,,86,TMDB,2026-05-18,7.2,0.525,Released,hidayah,https://www.youtube.com/watch?v=JbK3T-rRO7s,https://www.youtube.com/embed/JbK3T-rRO7s,JbK3T-rRO7s,Takva Trailer
7872,The Road to Guantanamo,The Road to Guantanamo,,2006,Drama,,,,,,https://image.tmdb.org/t/p/w500/deM5htQLvRjcRkeIFtaOdd5TDrC.jpg,https://image.tmdb.org/t/p/original/deM5htQLvRjcRkeIFtaOdd5TDrC.jpg,"Part drama, part documentary, The Road to Guantánamo focuses on the Tipton Three, a trio of British Muslims who were held in Guantanamo Bay for two years until they were released without charge.",6.9,,128,TMDB,2026-05-18,6.9,0.402,Released,hidayah,https://www.youtube.com/watch?v=rCpbOAFQXUY,https://www.youtube.com/embed/rCpbOAFQXUY,rCpbOAFQXUY,"""The Road to Guantánamo"" trailer"
9829,United 93,United 93,,2006,Drama | History | Crime | Thriller | Action,,,,,,https://image.tmdb.org/t/p/w500/r3mdSgsnpoi4UiUufdybhjha68t.jpg,https://image.tmdb.org/t/p/original/r3mdSgsnpoi4UiUufdybhjha68t.jpg,"A real-time account of the events on United Flight 93, one of the planes hijacked on 9/11 that crashed near Shanksville, Pennsylvania when passengers foiled the terrorist plot.",7.1,,1630,TMDB,2026-05-18,7.1,2.837,Released,gelisah,https://www.youtube.com/watch?v=kHdqw6scuIc,https://www.youtube.com/embed/kHdqw6scuIc,kHdqw6scuIc,United 93 - Trailer
13209,آفساید,آفساید,,2006,Comedy | Drama,,,,,,https://image.tmdb.org/t/p/w500/9BDtD58nuNFyByMAoTLdFNHX5qZ.jpg,https://image.tmdb.org/t/p/original/9BDtD58nuNFyByMAoTLdFNHX5qZ.jpg,"During the 2006 World Cup qualifying match between Iran and Bahrain, numerous young women are caught and rounded up for dressing as men so they could gain access to the game. Guarded by several soldiers in a holding pen, the women attempt to keep updated on the score.",7,,134,TMDB,2026-05-18,7,0.779,Released,bahagia,https://www.youtube.com/watch?v=M6KAdkrbko4,https://www.youtube.com/embed/M6KAdkrbko4,M6KAdkrbko4,Offside (2006) - Trailer
,بابا عزیز,بابا عزیز,,2006,Drama,,,,,,https://image.tmdb.org/t/p/w500/sdCuifwyHNRG1tmEdPOinCMqC22.jpg,https://image.tmdb.org/t/p/original/sdCuifwyHNRG1tmEdPOinCMqC22.jpg,"The story of a blind dervish named Bab'Aziz and his spirited granddaughter, Ishtar. Together they wander the desert in search of a great reunion of dervishes that takes place just once every thirty years. With faith as their only guide, the two journey for days through the expansive, barren landscape.",7.2,,0,fallback,,,0,,gelisah,,,,
,حكاية بحرينية,حكاية بحرينية,,2006,Drama,,,,,,https://image.tmdb.org/t/p/w500/eRjkOiXkeqY1oAs8JogUMvGUdgi.jpg,https://image.tmdb.org/t/p/original/eRjkOiXkeqY1oAs8JogUMvGUdgi.jpg,"Set during the Arab-Israeli war of 1967, this epic drama is both the personal story of a middle-class Bahraini family and an account of the hopes and faith the Arab world had in Jamal Abdul Nasser as its leader. Intimately told, it skillfully interweaves the personal and the general to reveal a society built on male domination and female sacrifice, as women attempt to enjoy freedom of choice.",,,0,,,,0,,hidayah,,,,
,پەڕینەوە لە غووبار,پەڕینەوە لە غووبار,,2006,Drama | War,,,,,,https://image.tmdb.org/t/p/w500/6VVdyBUHepn4RKrQ4u3RjLa7zAB.jpg,https://image.tmdb.org/t/p/original/6VVdyBUHepn4RKrQ4u3RjLa7zAB.jpg,"A road movie set in Iraq in 2003 during the fall of Saddam. Two Kurds are looking for the parents of a five-year-old boy who has been found in the street in tears. His name is Saddam too. At the same time the boy's parents are looking for him everywhere, worried because of the boy's name which is now taboo. All the attempts of the two Kurds to get rid of the child fail: neither the Americans nor the men of religion at the mosque want him. Little Saddam begins to become a real problem. In the streets and all around them, they are surrounded by the chaos and crazy atmosphere of those days, with violence always on the verge of exploding.",5.8,,0,fallback,,,0,,hidayah,,,,
,چهارشنبه سوری,چهارشنبه سوری,,2006,Drama,,,,,,https://image.tmdb.org/t/p/w500/7PHP13zg4Ym5kzTwts6WM2xovxn.jpg,https://image.tmdb.org/t/p/original/7PHP13zg4Ym5kzTwts6WM2xovxn.jpg,"Rouhi, a young bride-to-be, is hired as a maid for an affluent family in Tehran. Upon arriving, she is suddenly thrust into an explosive domestic conflict. The wife is convinced her husband is having an affair and enlists Rouhi as a spy, to follow her husband, and confirm her suspicions. What Rouhi discovers, however, threatens not only their marriage but her own future.",7.4,,0,fallback,,,0,,gelisah,,,,
1023,Adams æbler,Adams æbler,,2005,Drama | Comedy | Crime,,,,,,https://image.tmdb.org/t/p/w500/kBP0xOOaAT9rmJZGVxrolRk87AR.jpg,https://image.tmdb.org/t/p/original/kBP0xOOaAT9rmJZGVxrolRk87AR.jpg,A neo-nazi sentenced to community service at a church clashes with the blindly devotional priest.,7.5,,791,TMDB,2026-05-18,7.5,1.599,Released,bahagia,https://www.youtube.com/watch?v=RaJdhU7qWVk,https://www.youtube.com/embed/RaJdhU7qWVk,RaJdhU7qWVk,ADAM'S APPLES | Trailer
,Behind Closed Doors,Behind Closed Doors,,2005,Drama,,,,,,,,"A very happy couple, Oasis and Ivie, soon have their marriage plunged into an unending catastrophe the moment Oasis keyed into a strange proposal made by his dying elder brother: a proposal intended to save Oasis' unfruitful marriage.",,,0,,,,0,,gelisah,,,,
921,Cinderella Man,Cinderella Man,,2005,Romance | Drama | History,,,,,,https://image.tmdb.org/t/p/w500/wkeOjIcpuqLMW4GnVowlM9VI0JE.jpg,https://image.tmdb.org/t/p/original/wkeOjIcpuqLMW4GnVowlM9VI0JE.jpg,"The true story of boxer Jim Braddock who, following his retirement in the 1930s, makes a surprise comeback in order to lift his family out of poverty.",7.6,,2413,TMDB,2026-05-18,7.6,4.32,Released,rindu,https://www.youtube.com/watch?v=PpdRWplFjG8,https://www.youtube.com/embed/PpdRWplFjG8,PpdRWplFjG8,Cinderella Man - Official® Trailer [HD]
561,Constantine,Constantine,,2005,Fantasy | Action | Horror,,,,,,https://image.tmdb.org/t/p/w500/vPYgvd2MwHlxTamAOjwVQp4qs1W.jpg,https://image.tmdb.org/t/p/original/vPYgvd2MwHlxTamAOjwVQp4qs1W.jpg,"John Constantine has literally been to Hell and back. When he teams up with a policewoman to solve the mysterious suicide of her twin sister, their investigation takes them through the world of demons and angels that exists beneath the landscape of contemporary Los Angeles.",7.1,,8045,TMDB,2026-05-18,7.1,18.998,Released,gelisah,https://www.youtube.com/watch?v=819JCbGfZpg,https://www.youtube.com/embed/819JCbGfZpg,819JCbGfZpg,Official Trailer 4K Ultra HD
11225,Die große Stille,Die große Stille,,2005,Documentary,,,,,,https://image.tmdb.org/t/p/w500/ctqLEwsIRYIPBGAJaDm4UxnTqpO.jpg,https://image.tmdb.org/t/p/original/ctqLEwsIRYIPBGAJaDm4UxnTqpO.jpg,"An intimate portrayal of the everyday lives of Carthusian monks of the Grande Chartreuse, high in the French Alps (Chartreuse Mountains). The idea for the film was proposed to the monks in 1984, but the Carthusians said they wanted time to think about it. The Carthusians finally contacted Gröning 16 years later to say they were now willing to permit Gröning to shoot the movie, if he was still interested.",6.9,,38,TMDB,2026-05-18,6.9,0.305,Released,gelisah,https://www.youtube.com/watch?v=sgNj2Sf_mgo,https://www.youtube.com/embed/sgNj2Sf_mgo,sgNj2Sf_mgo,Official Into Great Silence US Trailer
12700,Dominion: Prequel to The Exorcist,Dominion: Prequel to The Exorcist,,2005,Horror | Drama,,,,,,https://image.tmdb.org/t/p/w500/nEkB6Y7DdEvWNCKWsHis76XYciR.jpg,https://image.tmdb.org/t/p/original/nEkB6Y7DdEvWNCKWsHis76XYciR.jpg,Father Merrin takes a sabbatical from the Church to devote himself to history and archaeology as he struggles with his shattered faith.,5.4,,418,TMDB,2026-05-18,5.4,1.72,Released,gelisah,https://www.youtube.com/watch?v=MVODGSW_oxA,https://www.youtube.com/embed/MVODGSW_oxA,MVODGSW_oxA,Trailer Dominion: Exorzist - Der Anfang
,Eğreti Gelin,Eğreti Gelin,,2005,Romance | History | Drama,,,,,,https://image.tmdb.org/t/p/w500/ifsEZXTJiHWFurdx7vvCoZRJvat.jpg,https://image.tmdb.org/t/p/original/ifsEZXTJiHWFurdx7vvCoZRJvat.jpg,"Ali is 18. His feet are firmly off the ground. The very idea of marriage seems like a game. But the bride's parents are ready and willing. Business ventures will be set up between the families; the arrangement will pay off all round. Ali, meanwhile, is more interested in playing with puppets and dressing up as a rooster for the travelling theatre. His fiancée has only so much patience... So what should his parents do? What was that? Hire a Borrowed Bride? Meaning exactly what? Well just that: borrow a bride, as the title of the film suggests......",6.2,,0,fallback,,,0,,gelisah,,,,
18638,Faith of My Fathers,Faith of My Fathers,,2005,War | Drama,,,,,,https://image.tmdb.org/t/p/w500/aD7fQjAXwngfG2D5uol5YBJQy03.jpg,https://image.tmdb.org/t/p/original/aD7fQjAXwngfG2D5uol5YBJQy03.jpg,"Faith of My Fathers is based on the story of Lieutenant Commander John McCain's experiences as a prisoner of war in North Vietnam for five and a half years during the Vietnam War, interleaved with his memories of growing up in a heritage rich with military service.",6.2,,26,TMDB,2026-05-18,6.2,0.596,Released,marah,,,,
,Gie,Gie,,2005,Drama | History,,,,,,https://image.tmdb.org/t/p/w500/8hXLte8VGz0UTRluYEq79QmkCU9.jpg,https://image.tmdb.org/t/p/original/hQ4R1tkKOv8qW6VfQpTPGb7JqVh.jpg,Indonesian activist Soe Hok Gie experiences a political awakening during the tumultuous regimes of Soeharto and Soekarno.,6,,0,fallback,,,0,,hidayah,,,,
25,Jarhead,Jarhead,,2005,Drama | War,,,,,,https://image.tmdb.org/t/p/w500/6vdj47RAWOUZBkeQmqToeZ7eaio.jpg,https://image.tmdb.org/t/p/original/6vdj47RAWOUZBkeQmqToeZ7eaio.jpg,"Jarhead is a film about a US Marine Anthony Swofford’s experience in the Gulf War. After putting up with an arduous boot camp, Swofford and his unit are sent to the Persian Gulf where they are eager to fight, but are forced to stay back from the action. Swofford struggles with the possibility of his girlfriend cheating on him, and as his mental state deteriorates, his desire to kill increases.",6.7,,3164,TMDB,2026-05-18,6.7,5.079,Released,marah,https://www.youtube.com/watch?v=-aBP-c28_1M,https://www.youtube.com/embed/-aBP-c28_1M,-aBP-c28_1M,Trailer
1495,Kingdom of Heaven,Kingdom of Heaven,,2005,Drama | Action | Adventure | History | War,,,,,,https://image.tmdb.org/t/p/w500/rNaBe4TwbMef71sgscqabpGKsxh.jpg,https://image.tmdb.org/t/p/original/rNaBe4TwbMef71sgscqabpGKsxh.jpg,"After his wife dies, a blacksmith named Balian is thrust into royalty, political intrigue and bloody holy wars during the Crusades.",7,,4924,TMDB,2026-05-18,7,19.755,Released,hidayah,https://www.youtube.com/watch?v=6Z2wGCZ2fSM,https://www.youtube.com/embed/6Z2wGCZ2fSM,6Z2wGCZ2fSM,Kingdom of Heaven (2005) Original Trailer [FHD]
148327,La neuvaine,La neuvaine,,2005,Drama,,,,,,https://image.tmdb.org/t/p/w500/1ppyu4z6MKmqra9YXIuHjqeZHI3.jpg,https://image.tmdb.org/t/p/original/1ppyu4z6MKmqra9YXIuHjqeZHI3.jpg,Two men bond as one recovers from an attack and the other deals with the impending death of his grandmother.,6.2,,6,TMDB,2026-05-18,6.2,0.315,Released,sedih,https://www.youtube.com/watch?v=iTViv8-mHaI,https://www.youtube.com/embed/iTViv8-mHaI,iTViv8-mHaI,La Neuvaine (Bernard Émond) - Bande annonce
612,Munich,Munich,,2005,Drama | Action | History | Thriller,,,,,,https://image.tmdb.org/t/p/w500/iUekaw96QLInZpsNwRTlRKrZgwm.jpg,https://image.tmdb.org/t/p/original/iUekaw96QLInZpsNwRTlRKrZgwm.jpg,"During the 1972 Olympic Games in Munich, eleven Israeli athletes are taken hostage and murdered by a Palestinian terrorist group known as Black September. In retaliation, the Israeli government recruits a group of Mossad agents to track down and execute those responsible for the attack.",7.1,,2990,TMDB,2026-05-18,7.1,5.069,Released,gelisah,https://www.youtube.com/watch?v=OuT_uh0CAf8,https://www.youtube.com/embed/OuT_uh0CAf8,OuT_uh0CAf8,Theatrical Trailer
15391,Obsession: Radical Islam's War Against the West,Obsession: Radical Islam's War Against the West,,2005,Documentary,,,,,,https://image.tmdb.org/t/p/w500/kfy4VGBOT8aF1DKLKTrLf7ar6f4.jpg,https://image.tmdb.org/t/p/original/kfy4VGBOT8aF1DKLKTrLf7ar6f4.jpg,"Obsession is a film about the threat of Radical Islam to Western civilization. Using unique footage from Arab television, it reveals an 'insider's view' of the hatred the Radicals are teaching, their incitement of global jihad, and their goal of world domination.",5.7,,9,TMDB,2026-05-18,5.7,0.15,Released,hidayah,,,,
67,Paradise Now,Paradise Now,,2005,Crime | Thriller | Drama | War,,,,,,https://image.tmdb.org/t/p/w500/qWZkYa8VdcDZk8uzRB2PfhpM9IL.jpg,https://image.tmdb.org/t/p/original/qWZkYa8VdcDZk8uzRB2PfhpM9IL.jpg,Two childhood friends are recruited for a suicide bombing in Tel Aviv.,6.9,,284,TMDB,2026-05-18,6.9,0.98,Released,hidayah,https://www.youtube.com/watch?v=9O5KYevUkPw,https://www.youtube.com/embed/9O5KYevUkPw,9O5KYevUkPw,Paradise Now - Trailer 1
61559,Sabah,Sabah,,2005,Comedy | Drama | Romance,,,,,,https://image.tmdb.org/t/p/w500/mo2cYWxTMipPtVZcEix5XiSb7Gf.jpg,https://image.tmdb.org/t/p/original/mo2cYWxTMipPtVZcEix5XiSb7Gf.jpg,"One day, when Sabah least expects it, she falls in love with the wrong man. She's Muslim, he's not. Unbeknownst to her family, she goes on a whirlwind affair before both culture and love collide.",5.9,,15,TMDB,2026-05-18,5.9,0.171,Released,hidayah,,,,
166677,The Flight That Fought Back,The Flight That Fought Back,,2005,Documentary | Drama,,,,,,https://image.tmdb.org/t/p/w500/bN22wTYTe3Hn3vQ1EVk8EMLyzvi.jpg,https://image.tmdb.org/t/p/original/bN22wTYTe3Hn3vQ1EVk8EMLyzvi.jpg,"It took the terrorists on Flight 93 two years to plan their attack. It took the 40 strangers aboard 30 minutes to defeat it. On September 11, 2001, passengers aboard United Flight 93 – one of four planes hijacked by terrorists that day and the only one to be diverted from its intended target – faced the unthinkable and inspired a nation. This is the story of their courage as told through unparalleled access to actual voice recordings, the personal accounts of family and friends, and extensive research into the events on board. Follow the account of their ""first strike back at terrorism"" and learn how these complete strangers – united by adversity – came together to thwart the terrorists' plans.",5.9,,7,TMDB,2026-05-18,5.9,0.29,Released,hidayah,,,,
10022,The Pacifier,The Pacifier,,2005,Comedy | Family | Action,,,,,,https://image.tmdb.org/t/p/w500/ayVLPibrtazh7U5FliWRLDMmG3d.jpg,https://image.tmdb.org/t/p/original/ayVLPibrtazh7U5FliWRLDMmG3d.jpg,Navy SEAL Shane Wolfe is handed a new assignment: Protect the five Plummer kids from enemies of their recently deceased father -- a government scientist whose top-secret experiment remains hidden in the kids' house.,6.1,,3249,TMDB,2026-05-18,6.1,7.274,Released,bahagia,https://www.youtube.com/watch?v=pknw1wh-2-U,https://www.youtube.com/embed/pknw1wh-2-U,pknw1wh-2-U,The Pacifier - Trailer
,Under The Sun,Under The Sun,,2005,Drama,,,,,,https://image.tmdb.org/t/p/w500/7k96Fnz1RN6wdpimjqP3cinMIw5.jpg,https://image.tmdb.org/t/p/original/7k96Fnz1RN6wdpimjqP3cinMIw5.jpg,"Follow a Muslim boy through the first day of Ramadan, where he attempts to reconcile the puzzling issues in the world today.",,,0,,,,0,,gelisah,,,,
,بید مجنون,بید مجنون,,2005,Drama,,,,,,https://image.tmdb.org/t/p/w500/bqJwe4XpgmK2Wh84JQnvPXWQjHs.jpg,https://image.tmdb.org/t/p/original/bqJwe4XpgmK2Wh84JQnvPXWQjHs.jpg,"Youssef, a blind university professor, is suddenly diagnosed with a fatal disease and must undergo treatment in France. Back home, will he find the life he had before?",6.8,,0,fallback,,,0,,gelisah,,,,
1404,Ae Fond Kiss...,Ae Fond Kiss...,,2004,Drama | Romance,,,,,,https://image.tmdb.org/t/p/w500/tShULKbs8svdBcekljqGPO42PNj.jpg,https://image.tmdb.org/t/p/original/tShULKbs8svdBcekljqGPO42PNj.jpg,A young man upsets his Punjabi family when he falls in love with an Irish schoolteacher.,6.5,,142,TMDB,2026-05-18,6.5,0.515,Released,hidayah,https://www.youtube.com/watch?v=Y2YNgMqXh4I,https://www.youtube.com/embed/Y2YNgMqXh4I,Y2YNgMqXh4I,Ae Fond Kiss... (Duygudan Da Öte) 2004 - Official Movie Trailer
11026,Exorcist: The Beginning,Exorcist: The Beginning,,2004,Horror | Mystery,,,,,,https://image.tmdb.org/t/p/w500/4b7Mhc4HZN7XzMMLukaQ9C0x1Dx.jpg,https://image.tmdb.org/t/p/original/4b7Mhc4HZN7XzMMLukaQ9C0x1Dx.jpg,"Years before Father Merrin helped save Regan MacNeil’s soul, he first encounters the demon Pazuzu in East Africa.",5.4,,884,TMDB,2026-05-18,5.4,1.918,Released,gelisah,https://www.youtube.com/watch?v=eHJEMIYNFFY,https://www.youtube.com/embed/eHJEMIYNFFY,eHJEMIYNFFY,Exorcist: The Beginning 2004 Trailer
866,Finding Neverland,Finding Neverland,,2004,Drama | Fantasy,,,,,,https://image.tmdb.org/t/p/w500/5JyDPH4qdr0I6pF7Bjh1Qrf1Jhh.jpg,https://image.tmdb.org/t/p/original/5JyDPH4qdr0I6pF7Bjh1Qrf1Jhh.jpg,"During a writing slump, playwright J.M. Barrie meets a widow and her four children, all young boys—who soon become an important part of Barrie’s life and the inspiration that lead him to create his masterpiece. Peter Pan.",7.3,,3738,TMDB,2026-05-18,7.3,3.466,Released,gelisah,https://www.youtube.com/watch?v=m41gObaKgOw,https://www.youtube.com/embed/m41gObaKgOw,m41gObaKgOw,Finding Neverland Trailer [HQ]
,Gegen die Wand,Gegen die Wand,,2004,Drama | Romance,,,,,,https://image.tmdb.org/t/p/w500/9L5BBJiXZss58EBcbw0l4holdzZ.jpg,https://image.tmdb.org/t/p/original/9L5BBJiXZss58EBcbw0l4holdzZ.jpg,"With the intention to break free from the strict familial restrictions, a suicidal young woman sets up a marriage of convenience with a forty-year-old addict, an act that will lead to an outburst of envious love.",7.5,,0,fallback,,,0,,gelisah,,,,
44003,Le Grand Voyage,Le Grand Voyage,,2004,Drama | Romance,,,,,,https://image.tmdb.org/t/p/w500/ypKFwK1Sn8eeXoEu5vXTThue1eb.jpg,https://image.tmdb.org/t/p/original/ypKFwK1Sn8eeXoEu5vXTThue1eb.jpg,"Reda, summoned to accompany his father on a pilgrimage to Mecca, complies reluctantly - as he preparing for his baccalaureat and, even more important, has a secret love relationship. The trip across Europe in a broken-down car is also the departure of his father: upon arrival in Mecca, both Reda and his father are not the characters they were at the start of the movie. Avoiding the hackneyed theme of the return to the homeland, the film uses the departure to renew a connection between two generation.",6.7,,34,TMDB,2026-05-18,6.7,0.483,Released,rindu,,,,
9509,Man on Fire,Man on Fire,,2004,Action | Drama | Thriller,,,,,,https://image.tmdb.org/t/p/w500/grCGLCcTHv9TChibzOwzUpykcjB.jpg,https://image.tmdb.org/t/p/original/grCGLCcTHv9TChibzOwzUpykcjB.jpg,"Jaded ex-CIA operative John Creasy reluctantly accepts a job as the bodyguard for a 10-year-old girl in Mexico City. They clash at first, but eventually bond, and when she's kidnapped he's consumed by fury and will stop at nothing to save her life.",7.5,,5657,TMDB,2026-05-18,7.5,12.725,Released,gelisah,https://www.youtube.com/watch?v=eDDh50B6kA4,https://www.youtube.com/embed/eDDh50B6kA4,eDDh50B6kA4,Man on Fire | #TBT Trailer | 20th Century FOX
70,Million Dollar Baby,Million Dollar Baby,,2004,Drama,,,,,,https://image.tmdb.org/t/p/w500/jcfEqKdWF1zeyvECPqp3mkWLct2.jpg,https://image.tmdb.org/t/p/original/jcfEqKdWF1zeyvECPqp3mkWLct2.jpg,"Despondent over a painful estrangement from his daughter, trainer Frankie Dunn isn't prepared for boxer Maggie Fitzgerald to enter his life. But Maggie's determined to go pro and to convince Dunn and his cohort to help her.",8,,10335,TMDB,2026-05-18,8,7.717,Released,sedih,https://www.youtube.com/watch?v=5_RsHRmIRBY,https://www.youtube.com/embed/5_RsHRmIRBY,5_RsHRmIRBY,"Million Dollar Baby (2004) Official Trailer - Hilary Swank, Clint Eastwood Movie HD"
29004,Nyócker!,Nyócker!,,2004,Animation | Science Fiction | Comedy,,,,,,https://image.tmdb.org/t/p/w500/jUJ86PzGZFMkJWcw8u9o33eAtc8.jpg,https://image.tmdb.org/t/p/original/jUJ86PzGZFMkJWcw8u9o33eAtc8.jpg,"In an effort to end family feuding, a young gypsy travels back in time to kill mammoths to ensure Hungary becomes rich by killing mammoths in order to create a massive oil reservoir. Things don't go entirely according to plan...",5.1,,23,TMDB,2026-05-18,5.1,0.676,Released,hidayah,https://www.youtube.com/watch?v=7ZOL7FzPCwc,https://www.youtube.com/embed/7ZOL7FzPCwc,7ZOL7FzPCwc,The District! (2004) - Trailer
14757,Osama,Osama,,2004,Drama,,,,,,https://image.tmdb.org/t/p/w500/pOKz4zpccIjdib2pfDRkg69Ojej.jpg,https://image.tmdb.org/t/p/original/pOKz4zpccIjdib2pfDRkg69Ojej.jpg,"After the rise of the Taliban in Afghanistan and the restriction of women in public life, a preteen girl is forced to masquerade as a boy in order to find work to support her mother and grandmother.",7,,132,TMDB,2026-05-18,7,0.745,Released,hidayah,https://www.youtube.com/watch?v=B45o08SssgA,https://www.youtube.com/embed/B45o08SssgA,B45o08SssgA,Osama (2003) - Trailer
,Puteri Gunung Ledang,Puteri Gunung Ledang,,2004,History | Action | Drama | Romance,,,,,,https://image.tmdb.org/t/p/w500/sRGRbPJG9gcW9Gk3BcTlUSOeQZk.jpg,https://image.tmdb.org/t/p/original/sRGRbPJG9gcW9Gk3BcTlUSOeQZk.jpg,"In the late 15th century, a forbidden romance blossoms between Gusti Putri, a Javanese Hindu princess and Hang Tuah, a Malay Muslim warrior from Melaka, against a backdrop of war and mysticism.",,,0,,,,0,,hidayah,,,,
76425,The Hamburg Cell,The Hamburg Cell,,2004,Drama | War,,,,,,https://image.tmdb.org/t/p/w500/ia8jLEnHRQDSaFUMAKo2syBJf3d.jpg,https://image.tmdb.org/t/p/original/ia8jLEnHRQDSaFUMAKo2syBJf3d.jpg,A fictionalized account of the September 11 hijackers.,5.6,,11,TMDB,2026-05-18,5.6,0.37,Released,hidayah,https://www.youtube.com/watch?v=uIpmyTGgbo4,https://www.youtube.com/embed/uIpmyTGgbo4,uIpmyTGgbo4,The Hamburg Cell [La celula de Hamburgo] - Trailer
5255,The Polar Express,The Polar Express,,2004,Adventure | Animation | Family | Fantasy,,,,,,https://image.tmdb.org/t/p/w500/eOoCzH0MqeGr2taUZO4SwG416PF.jpg,https://image.tmdb.org/t/p/original/eOoCzH0MqeGr2taUZO4SwG416PF.jpg,"When a doubting young boy takes an extraordinary train ride to the North Pole, he embarks on a journey of self-discovery that shows him that the wonder of life never fades for those who believe.",6.7,,6869,TMDB,2026-05-18,6.7,6.472,Released,gelisah,https://www.youtube.com/watch?v=f0oyHtZiJJs,https://www.youtube.com/embed/f0oyHtZiJJs,f0oyHtZiJJs,4K Trailer
55177,Touch of Pink,Touch of Pink,,2004,Comedy | Romance,,,,,,https://image.tmdb.org/t/p/w500/8FIovz3tPvxXvBY0bySbuo6cbwD.jpg,https://image.tmdb.org/t/p/original/8FIovz3tPvxXvBY0bySbuo6cbwD.jpg,"Alim is a gay man living in London to escape the domineering eye of his conservative Muslim mother, Nuru, back in Canada. Alim keeps his homosexuality secret from his mother, so when she comes for a surprise visit, he and his boyfriend, Giles, must put on a straight facade to hide the truth.",6.1,,55,TMDB,2026-05-18,6.1,0.652,Released,hidayah,https://www.youtube.com/watch?v=LAx3wi8UEkw,https://www.youtube.com/embed/LAx3wi8UEkw,LAx3wi8UEkw,Touch Of Pink ≣ 2004 ≣ Trailer
34581,Twist of Faith,Twist of Faith,,2004,Documentary,,,,,,https://image.tmdb.org/t/p/w500/2qIb9EMcyLIuto3mrX0eSCbbWsu.jpg,https://image.tmdb.org/t/p/original/2qIb9EMcyLIuto3mrX0eSCbbWsu.jpg,"A man confronts the trauma of past sexual abuse as a boy by a Catholic priest only to find his decision shatters his relationships with his family, community and faith.",6.9,,16,TMDB,2026-05-18,6.9,0.137,Released,gelisah,,,,
8340,کیسەڵەکانیش دەفڕن,کیسەڵەکانیش دەفڕن,,2004,Drama,,,,,,https://image.tmdb.org/t/p/w500/iNJxHYyFpmqRjgZ4oa5qQna904i.jpg,https://image.tmdb.org/t/p/original/iNJxHYyFpmqRjgZ4oa5qQna904i.jpg,Turtles Can Fly tells the story of a group of young children near the Turkey-Iraq border. They clean up mines and wait for the Saddam regime to fall.,7.8,,240,TMDB,2026-05-18,7.8,2.021,Released,hidayah,https://www.youtube.com/watch?v=y6K2osE1NJo,https://www.youtube.com/embed/y6K2osE1NJo,y6K2osE1NJo,Turtles Can Fly | Official Trailer
10147,Bad Santa,Bad Santa,,2003,Drama | Comedy | Crime,,,,,,https://image.tmdb.org/t/p/w500/rfClLIyeHqpMofmrPY8DaLe4z9x.jpg,https://image.tmdb.org/t/p/original/rfClLIyeHqpMofmrPY8DaLe4z9x.jpg,"You'd better watch out - Willie T. Soke is coming to town, and he doesn't care if you've been naughty or nice. Willie's favorite holiday tradition is to fill his sacks with loot lifted from shopping malls across the country. But this year his plot gets derailed by a wisecracking store detective, a sexy bartender, and a kid who's convinced Willie is the real Santa Claus.",6.6,,2383,TMDB,2026-05-18,6.6,4.301,Released,bahagia,https://www.youtube.com/watch?v=cvXyEiIoH2c,https://www.youtube.com/embed/cvXyEiIoH2c,cvXyEiIoH2c,Official Trailer
310,Bruce Almighty,Bruce Almighty,,2003,Fantasy | Comedy,,,,,,https://image.tmdb.org/t/p/w500/3XJKBKh9Km89EoUEitVTSnrlAkZ.jpg,https://image.tmdb.org/t/p/original/3XJKBKh9Km89EoUEitVTSnrlAkZ.jpg,"Bruce Nolan toils as a ""human interest"" television reporter in Buffalo, NY, but despite his high ratings and the love of his beautiful girlfriend, Bruce remains unfulfilled. At the end of the worst day in his life, he angrily ridicules God — and the Almighty responds, endowing Bruce with all of His divine powers.",6.7,,11464,TMDB,2026-05-18,6.7,8.802,Released,bahagia,https://www.youtube.com/watch?v=0XBxoKumlqQ,https://www.youtube.com/embed/0XBxoKumlqQ,0XBxoKumlqQ,Bruce Almighty Trailer
2577,Code 46,Code 46,,2003,Drama | Science Fiction | Thriller,,,,,,https://image.tmdb.org/t/p/w500/ijayvLrCAwOVizi9OY8LZWq5SRW.jpg,https://image.tmdb.org/t/p/original/ijayvLrCAwOVizi9OY8LZWq5SRW.jpg,"In a dystopian future, insurance fraud investigator William Gold arrives in Shanghai to investigate a forgery ring for ""papelles"", futuristic passports that record people's identities and genetics. Gold falls for Maria Gonzalez, the woman in charge of the forgeries. After a passionate affair, Gold returns home, having named a coworker as the culprit. But when one of Gonzalez's customers is found dead, Gold is sent back to Shanghai to complete the investigation.",6.2,,397,TMDB,2026-05-18,6.2,1.668,Released,gelisah,https://www.youtube.com/watch?v=g7WgrrefZoc,https://www.youtube.com/embed/g7WgrrefZoc,g7WgrrefZoc,Official UK Trailer
36791,In This World,In This World,,2003,Drama,,,,,,https://image.tmdb.org/t/p/w500/denzE2tZc3TZ95vQNK3rKo0iDHn.jpg,https://image.tmdb.org/t/p/original/denzE2tZc3TZ95vQNK3rKo0iDHn.jpg,"Torn straight from the headlines, Michael Winterbottom's compelling and prescient 'In This World' follows young Afghan Jamal and his older cousin Enayat as they embark on a hazardous overland trip from their refugee camp at Peshawar, north-west Pakistan. Entering Turkey on foot through a snowy, Kurdish-controlled pass, the pair again take their lives into their hands and face suffocation when they are locked in a freight container on a ship bound for Italy. From there they plan to travel on to Paris, the Sangatte refuge centre and ultimately asylum in London.",6.2,,56,TMDB,2026-05-18,6.2,0.442,Released,marah,https://www.youtube.com/watch?v=c2_hJ6g4bbA,https://www.youtube.com/embed/c2_hJ6g4bbA,c2_hJ6g4bbA,In This World (2002) trailer
196907,L'ange de goudron,L'ange de goudron,,2003,Drama,,,,,,https://image.tmdb.org/t/p/w500/rl2ifsN1accDbno9uRX4b8AuI9D.jpg,https://image.tmdb.org/t/p/original/rl2ifsN1accDbno9uRX4b8AuI9D.jpg,"Newly-arrived Ahmed tries to integrate his family to the canadian society, while attempting to control his son's life orientation.",5.6,,5,TMDB,2026-05-18,5.6,0.361,Released,hidayah,,,,
,La finestra di fronte,La finestra di fronte,,2003,Drama | Romance,,,,,,https://image.tmdb.org/t/p/w500/1yeh5uQ6KgvxnInUYE0SYSUWd22.jpg,https://image.tmdb.org/t/p/original/1yeh5uQ6KgvxnInUYE0SYSUWd22.jpg,"Overburdened and stuck in a greying marriage, Giovanna takes to caring for a Jewish Holocaust survivor her husband brings home. As she begins to reflect on her life, she turns to the man who lives across from her.",7,,0,fallback,,,0,,gelisah,,,,
337,Monsieur Ibrahim et les Fleurs du Coran,Monsieur Ibrahim et les Fleurs du Coran,,2003,Drama,,,,,,https://image.tmdb.org/t/p/w500/lS4hx9X5v6cpoCzzQohZs7zD881.jpg,https://image.tmdb.org/t/p/original/lS4hx9X5v6cpoCzzQohZs7zD881.jpg,"Paris, 1960s. Momo, a resolute and independent Jewish teenager who lives with his father, a sullen and depressed man, in a working-class neighborhood, develops a close friendship with Monsieur Ibrahim, an elderly Muslim who owns a small grocery store.",7,,162,TMDB,2026-05-18,7,0.739,Released,hidayah,,,,
,Rus Gelin,Rus Gelin,,2003,Comedy | Drama,,,,,,https://image.tmdb.org/t/p/w500/ahpmaEsMt9uu9xzBjTAbZrIS4hU.jpg,https://image.tmdb.org/t/p/original/ahpmaEsMt9uu9xzBjTAbZrIS4hU.jpg,"The world champion archer, who comes from Moldova, one of the poorest countries in the Eastern Bloc, wants to compete on behalf of Turkey. To do so, she must be married to a Turkish man. The federation president intervenes and decides to arrange a formal marriage. For this purpose, a former wrestler is persuaded to be the groom. After the comical marriage, events will take a rather amusing turn. Zeki Alasya, who directed the film, once again appears on screen with Metin Akpınar, effectively responding to speculation that they are estranged.",4.2,,0,fallback,,,0,,gelisah,,,,
604,The Matrix Reloaded,The Matrix Reloaded,,2003,Adventure | Action | Thriller | Science Fiction,,,,,,https://image.tmdb.org/t/p/w500/aA5qHS0FbSXO8PxcxUIHbDrJyuh.jpg,https://image.tmdb.org/t/p/original/aA5qHS0FbSXO8PxcxUIHbDrJyuh.jpg,"The Resistance builds in numbers as humans are freed from the Matrix and brought to the city of Zion. Neo discovers his superpowers, including the ability to see the code inside the Matrix. With machine sentinels digging to Zion in 72 hours, Neo, Morpheus and Trinity must find the Keymaker to ultimately reach the Source.",7.1,,11930,TMDB,2026-05-18,7.1,15.829,Released,gelisah,https://www.youtube.com/watch?v=zmYE3tg26Qc,https://www.youtube.com/embed/zmYE3tg26Qc,zmYE3tg26Qc,Original Theatrical Trailer
605,The Matrix Revolutions,The Matrix Revolutions,,2003,Adventure | Action | Thriller | Science Fiction,,,,,,https://image.tmdb.org/t/p/w500/bkkS61w94ZVMNVd8KEyyJl2tnY5.jpg,https://image.tmdb.org/t/p/original/bkkS61w94ZVMNVd8KEyyJl2tnY5.jpg,The human city of Zion defends itself against the massive invasion of the machines as Neo fights to end the war at another front while also opposing the rogue Agent Smith.,6.8,,10783,TMDB,2026-05-18,6.8,11.488,Released,gelisah,https://www.youtube.com/watch?v=hMbexEPAOQI,https://www.youtube.com/embed/hMbexEPAOQI,hMbexEPAOQI,Official Trailer #1
9616,The Order,The Order,,2003,Fantasy | Mystery | Thriller | Romance | Drama,,,,,,https://image.tmdb.org/t/p/w500/7kj4TffoKCt4gIrNupr2oqmir69.jpg,https://image.tmdb.org/t/p/original/7kj4TffoKCt4gIrNupr2oqmir69.jpg,"For centuries, a secret Order of priests has existed within the Church. A renegade priest, Father Alex Bernier, is sent to Rome to investigate the mysterious death of one of the Order's most revered members. Following a series of strangely similar killings, Bernier launches an investigation that forces him to confront unimaginable evil.",5.7,,382,TMDB,2026-05-18,5.7,1.742,Released,gelisah,https://www.youtube.com/watch?v=_ml-EkbiYHM,https://www.youtube.com/embed/_ml-EkbiYHM,_ml-EkbiYHM,The Order (2003) Trailer | Heath Ledger | Mark Addy
36658,X2,X2,,2003,Adventure | Action | Science Fiction,,,,,,https://image.tmdb.org/t/p/w500/bst4alFUXCxISwdRUKSMhhkrX1M.jpg,https://image.tmdb.org/t/p/original/bst4alFUXCxISwdRUKSMhhkrX1M.jpg,"Professor Charles Xavier and his team of genetically gifted superheroes face a rising tide of anti-mutant sentiment led by Col. William Stryker. Storm, Wolverine and Jean Grey must join their usual nemeses—Magneto and Mystique—to unhinge Stryker's scheme to exterminate all mutants.",7,,10869,TMDB,2026-05-18,7,0.429,Released,marah,https://www.youtube.com/watch?v=KjzPi5hfv9c,https://www.youtube.com/embed/KjzPi5hfv9c,KjzPi5hfv9c,X-Men 2 (2003) Official Trailer
,خاموش پانی,خاموش پانی,,2003,Drama,,,,,,https://image.tmdb.org/t/p/w500/tKfh0R96Zq5NS2XgiiK1rodTEmL.jpg,https://image.tmdb.org/t/p/original/tKfh0R96Zq5NS2XgiiK1rodTEmL.jpg,"Ayesha is a widow with a secret past, living with her beloved son Saleem in a small town in Pakistan close to the Indian border. When the fires of Islamic nationalism invade their tranquil lives, Saleem and a few of the town's other young men are soon gripped by a religious fervour, and they attempt to bring radical Islamic law to their friends and neighbours. After a group of Sikh pilgrims arrive in town, tensions reach boiling point as Ayesha's haunted past comes rushing back.",6.5,,0,fallback,,,0,,gelisah,,,,
,سهر الليالي,سهر الليالي,,2003,Drama | Romance,,,,,,https://image.tmdb.org/t/p/w500/dHQvOAjDLI2lESp2mtsbZkC0k85.jpg,https://image.tmdb.org/t/p/original/dHQvOAjDLI2lESp2mtsbZkC0k85.jpg,"A social romance that portrays the lives of 4 married couples who are friends. As they gather to celebrate the birthday of the daughter of one of them, their fundamental differences and their unstable marriages come to the surface as the men decide to leave for Alexandria.",6.4,,0,fallback,,,0,,gelisah,,,,
,ضيف من السماء,ضيف من السماء,,2003,Comedy | Drama,,,,,,https://image.tmdb.org/t/p/w500/gVERp9JNnrJzzi9ZmHpm0AZDCcn.jpg,https://image.tmdb.org/t/p/original/gVERp9JNnrJzzi9ZmHpm0AZDCcn.jpg,"The story of the life of the monk (Andrew Samuel), who grew up in the province of Beni Suef at the end of the nineteenth century, lost his sight at the age of three years, and sent to the monastery for the purpose of learning,  but years later decided to monk in the monastery of St. (Samuel confessor). The film is subject to asceticism, humility, miracles and biography until his death in the 1980s.",8,,0,fallback,,,0,,sedih,,,,
,Daira,Daira,,2002,Drama,,,,,,https://image.tmdb.org/t/p/w500/bcYRrPev8eTfahocFzey9dfI0av.jpg,https://image.tmdb.org/t/p/original/bcYRrPev8eTfahocFzey9dfI0av.jpg,"based on the international bestseller Moth Smoke, authored by Mohsin Hamid. Set in Lahore, Daira is a film about givings and misgivings, love and deceit, or as Hamid puts it, the “cooled” and the “uncooled”. A portrait of contemporary Pakistan featuring an adulterous romance between two ultra-rich jet setters. He is a banker and she is the wife of his best friend, and she is escaping the constraints of marriage and motherhood by prowling the city as a journalist",,,0,,,,0,,gelisah,,,,
13587,Eddie Izzard: Circle,Eddie Izzard: Circle,,2002,Comedy,,,,,,https://image.tmdb.org/t/p/w500/toAzvLu1wMh884YGkFFkhu589H5.jpg,https://image.tmdb.org/t/p/original/toAzvLu1wMh884YGkFFkhu589H5.jpg,"Town Hall, New York City, 26 June 2000. An evening with Eddie Izzard in which she moves back and forth in time, with religion as the loose but constant theme.",7.5,,40,TMDB,2026-05-18,7.5,0.096,Released,bahagia,,,,
,"Eliana, Eliana","Eliana, Eliana",,2002,Drama,,,,,,https://image.tmdb.org/t/p/w500/pY9ZnVQFnaBN3V0Aoe92SeQG0Qj.jpg,https://image.tmdb.org/t/p/original/pY9ZnVQFnaBN3V0Aoe92SeQG0Qj.jpg,"Five years after running away from an arranged marriage, Eliana is unexpectedly visited by her mother.",7.5,,0,fallback,,,0,,gelisah,,,,
7299,Equilibrium,Equilibrium,,2002,Action | Science Fiction | Thriller,,,,,,https://image.tmdb.org/t/p/w500/yQuovle5Ov6q69XSdTNdH52eANc.jpg,https://image.tmdb.org/t/p/original/yQuovle5Ov6q69XSdTNdH52eANc.jpg,"In a dystopian future, a totalitarian regime maintains peace by subduing the populace with a drug, and displays of emotion are punishable by death. A man in charge of enforcing the law rises to overthrow the system.",7,,5004,TMDB,2026-05-18,7,5.986,Released,gelisah,https://www.youtube.com/watch?v=raleKODYeg0,https://www.youtube.com/embed/raleKODYeg0,raleKODYeg0,Equilibrium (2002) Official Trailer #1 - Christian Bale Movie HD
15186,Full Frontal,Full Frontal,,2002,Comedy | Romance,,,,,,https://image.tmdb.org/t/p/w500/7FeoefSYELryi04Kz74xYTayPZk.jpg,https://image.tmdb.org/t/p/original/7FeoefSYELryi04Kz74xYTayPZk.jpg,"A day in the life of a group of men and women in Hollywood, in the hours leading up to a friend's birthday party.",4.6,,112,TMDB,2026-05-18,4.6,1.522,Released,bahagia,https://www.youtube.com/watch?v=j5p4mfJ2tVY,https://www.youtube.com/embed/j5p4mfJ2tVY,j5p4mfJ2tVY,Full Frontal (2002) Theatrical Trailer
45904,Muhammad: The Last Prophet,Muhammad: The Last Prophet,,2002,Animation | Family | History,,,,,,https://image.tmdb.org/t/p/w500/dujTx4ZNu1xgIVMV22nge0jfwRs.jpg,https://image.tmdb.org/t/p/original/dujTx4ZNu1xgIVMV22nge0jfwRs.jpg,An account of the birth of Islam.,6.2,,23,TMDB,2026-05-18,6.2,0.481,Released,hidayah,https://www.youtube.com/watch?v=vauFFiN3PDU,https://www.youtube.com/embed/vauFFiN3PDU,vauFFiN3PDU,Muhammad the Last Prophet Short Trailer
2675,Signs,Signs,,2002,Thriller | Science Fiction | Horror,,,,,,https://image.tmdb.org/t/p/w500/YtrIdrTxpRhvCnlw43dwOjfLqx.jpg,https://image.tmdb.org/t/p/original/YtrIdrTxpRhvCnlw43dwOjfLqx.jpg,A family living on a farm finds mysterious crop circles in their fields which suggests something more frightening to come.,6.7,,6242,TMDB,2026-05-18,6.7,5.889,Released,gelisah,https://www.youtube.com/watch?v=T-wgoJv9UAI,https://www.youtube.com/embed/T-wgoJv9UAI,T-wgoJv9UAI,Official Trailer
9093,The Four Feathers,The Four Feathers,,2002,Action | Adventure | Drama | Romance | War,,,,,,https://image.tmdb.org/t/p/w500/bfmpeRr9LTXzBC2dpC89FE5uavK.jpg,https://image.tmdb.org/t/p/original/bfmpeRr9LTXzBC2dpC89FE5uavK.jpg,"A young British officer resigns his post when he learns of his regiment's plan to ship out to the Sudan for the conflict with the Mahdi. His friends and fiancée send him four white feathers as symbols of what they view as his cowardice. To redeem his honor, he disguises himself as an Arab and secretly saves their lives.",6.6,,589,TMDB,2026-05-18,6.6,1.69,Released,hidayah,https://www.youtube.com/watch?v=tQ_MrNPOzG4,https://www.youtube.com/embed/tQ_MrNPOzG4,tQ_MrNPOzG4,The Four Feathers - Trailer [High Quality]
9962,The Good Girl,The Good Girl,,2002,Drama | Comedy | Romance,,,,,,https://image.tmdb.org/t/p/w500/jpRumFobwgPzxj5YH33Wswnxdam.jpg,https://image.tmdb.org/t/p/original/jpRumFobwgPzxj5YH33Wswnxdam.jpg,A discount store clerk strikes up an affair with a stock boy who considers himself the incarnation of Holden Caulfield.,6.2,,679,TMDB,2026-05-18,6.2,1.926,Released,bahagia,https://www.youtube.com/watch?v=55u2eXwbkM4,https://www.youtube.com/embed/55u2eXwbkM4,55u2eXwbkM4,The Good Girl - Trailer
,ده,ده,,2002,Drama,,,,,,https://image.tmdb.org/t/p/w500/6qOJ6COcbJ3X8JmZI6A7VroGsn2.jpg,https://image.tmdb.org/t/p/original/6qOJ6COcbJ3X8JmZI6A7VroGsn2.jpg,A visual social examination in the form of ten conversations between a driving woman and her various pick-ups and hitchhikers.,7.3,,0,fallback,,,0,,gelisah,,,,
,عود الريح,عود الريح,,2002,Drama,,,,,,,,"Tahar is a retired blacksmith living with his son from his first marriage. After seeing his late second wife in a dream, he decides to visit her grave, in Azemmour. In the trip, he meets Driss who is going to Essaouira, looking for his mother whom he has never known after receiving a letter about her. The two men go to Marrakech together where Driss gets a combination motorbike that Tahar calls ""wind horse"". And they begin their journey together, first to Azemmour, then to Essaouira, looking for their past.",10,,0,fallback,,,0,,gelisah,,,,
72958,মাটির ময়না,মাটির ময়না,,2002,Drama,,,,,,https://image.tmdb.org/t/p/w500/lpuRN4Gh2jiKhwZeHEsKjgoHZ83.jpg,https://image.tmdb.org/t/p/original/lpuRN4Gh2jiKhwZeHEsKjgoHZ83.jpg,"A family must come to grips with its culture, its faith, and the brutal political changes entering its small-town world.",7.3,,32,TMDB,2026-05-18,7.3,0.119,Released,hidayah,,,,
8489,Ali,Ali,,2001,Drama,,,,,,https://image.tmdb.org/t/p/w500/32l3FaCzs8cXWps6hkgNJAcOsP.jpg,https://image.tmdb.org/t/p/original/32l3FaCzs8cXWps6hkgNJAcOsP.jpg,"In 1964, a brash, new pro boxer, fresh from his Olympic gold medal victory, explodes onto the scene: Cassius Clay. Bold and outspoken, he cuts an entirely new image for African Americans in sport with his proud public self-confidence and his unapologetic belief that he is the greatest boxer of all time. Yet at the top of his game, both Ali's personal and professional lives face the ultimate test.",6.7,,1867,TMDB,2026-05-18,6.7,3.205,Released,gelisah,https://www.youtube.com/watch?v=Gej0ngCyHf4,https://www.youtube.com/embed/Gej0ngCyHf4,Gej0ngCyHf4,Ali (2001) Original Trailer [FHD]
855,Black Hawk Down,Black Hawk Down,,2001,Action | War | History,,,,,,https://image.tmdb.org/t/p/w500/7fU5dSqKRL4XHeEUz62rCKBfYok.jpg,https://image.tmdb.org/t/p/original/7fU5dSqKRL4XHeEUz62rCKBfYok.jpg,"When U.S. Rangers and an elite Delta Force team attempt to kidnap two underlings of a Somali warlord, their Black Hawk helicopters are shot down, and the Americans suffer heavy casualties, facing intense fighting from the militia on the ground.",7.4,,6342,TMDB,2026-05-18,7.4,13.86,Released,marah,https://www.youtube.com/watch?v=V1UV3Vj4z0w,https://www.youtube.com/embed/V1UV3Vj4z0w,V1UV3Vj4z0w,Official Trailer: Black Hawk Down (2001)
,Kids Are Angry,Kids Are Angry,,2001,Drama,,,,,,,,"Following the story of three kids, the film explores the impact of an unstable marriage on the lives of children's development.",,,0,,,,0,,gelisah,,,,
38880,Promises,Promises,,2001,Documentary,,,,,,https://image.tmdb.org/t/p/w500/yWjOPkUjgOpSaBJu1eAJiXmM16s.jpg,https://image.tmdb.org/t/p/original/yWjOPkUjgOpSaBJu1eAJiXmM16s.jpg,"Documentarians Justine Shapiro and B.Z. Goldberg traveled to Israel to interview Palestinian and Israeli kids ages 11 to 13, assembling their views on living in a society afflicted with violence, separatism and religious and political extremism. This 2002 Oscar nominee for Best Feature Documentary culminates in an astonishing day in which two Israeli children meet Palestinian youngsters at a refugee camp.",7.5,,40,TMDB,2026-05-18,7.5,0.441,Released,hidayah,https://www.youtube.com/watch?v=9Ryzl0CE5fc,https://www.youtube.com/embed/9Ryzl0CE5fc,9Ryzl0CE5fc,Promises (2001) - Trailer
28171,Safar e Ghandehar,Safar e Ghandehar,,2001,Drama,,,,,,https://image.tmdb.org/t/p/w500/uTeYg3RPKlGYbyvEYKq5Ht5QGch.jpg,https://image.tmdb.org/t/p/original/uTeYg3RPKlGYbyvEYKq5Ht5QGch.jpg,"After an Afghanistan-born woman who lives in Canada receives a letter from her suicidal sister, she takes a perilous journey through Afghanistan to try to find her.",6.3,,89,TMDB,2026-05-18,6.3,0.483,Released,hidayah,https://www.youtube.com/watch?v=jLe7_SCD3jE,https://www.youtube.com/embed/jLe7_SCD3jE,jLe7_SCD3jE,Kandahar  (2001)
28308,The Body,The Body,,2001,Drama | Mystery | Romance | Thriller,,,,,,https://image.tmdb.org/t/p/w500/lCTA1B2oFev0bcXVZZuh93qDjix.jpg,https://image.tmdb.org/t/p/original/lCTA1B2oFev0bcXVZZuh93qDjix.jpg,"An ancient skeleton has been discovered in Jerusalem in a rich man's tomb. Colouration of the wrist and leg bones indicates the cause of death was crucifiction. other signs, include a gold coin bearing the marks of Pontius Pilate and faint markings around the skull, lead authorities to suspect that these could be the bones of Jesus Christ. Politicians, clerics, religious extremists and those using terror as a means to an end, find their beliefs and identities tested while risking their lives to unearth the truth.....",5.5,,231,TMDB,2026-05-18,5.5,1.543,Released,gelisah,,,,
23160,Werckmeister harmóniák,Werckmeister harmóniák,,2001,Drama,,,,,,https://image.tmdb.org/t/p/w500/ix3pquGqTkCW86UbVTdRcrhGEFm.jpg,https://image.tmdb.org/t/p/original/ix3pquGqTkCW86UbVTdRcrhGEFm.jpg,A naive young man witnesses an escalation of violence in his small hometown following the arrival of a mysterious circus attraction.,7.8,,380,TMDB,2026-05-18,7.8,1.428,Released,marah,https://www.youtube.com/watch?v=-tJVdq_G_Go,https://www.youtube.com/embed/-tJVdq_G_Go,-tJVdq_G_Go,4k Restoration Trailer
,লালসালু,লালসালু,,2001,Comedy | Drama,,,,,,https://image.tmdb.org/t/p/w500/aQsiw5ecLLBH8GF99e7RxCAPuGs.jpg,https://image.tmdb.org/t/p/original/aQsiw5ecLLBH8GF99e7RxCAPuGs.jpg,"In this tragic-comic study of religious hypocrisy, a disreputable cleric convinces villagers that their community is home to a famous holyman's grave.",5.9,,0,fallback,,,0,,gelisah,,,,
14626,Beau Travail,Beau Travail,,2000,Drama,,,,,,https://image.tmdb.org/t/p/w500/5ySa1aQaT7kMcAbKwlS1HXxp2hM.jpg,https://image.tmdb.org/t/p/original/5ySa1aQaT7kMcAbKwlS1HXxp2hM.jpg,"Foreign Legion officer Galoup recalls his once glorious life, training troops in the Gulf of Djibouti. His existence there was happy, strict and regimented, until the arrival of a promising young recruit, Sentain, plants the seeds of jealousy in Galoup's mind.",7.1,,365,TMDB,2026-05-18,7.1,1.978,Released,bahagia,https://www.youtube.com/watch?v=Hh4HzACZOOQ,https://www.youtube.com/embed/Hh4HzACZOOQ,Hh4HzACZOOQ,Restoration Trailer
8358,Cast Away,Cast Away,,2000,Adventure | Drama,,,,,,https://image.tmdb.org/t/p/w500/7lLJgKnAicAcR5UEuo8xhSMj18w.jpg,https://image.tmdb.org/t/p/original/7lLJgKnAicAcR5UEuo8xhSMj18w.jpg,"Chuck Noland, a top international manager for FedEx, and Kelly, a Ph.D. student, are in love and heading towards marriage. Then Chuck's plane to Malaysia crashes at sea during a terrible storm. He's the only survivor, and finds himself marooned on a desolate island. With no way to escape, Chuck must find ways to survive in his new home.",7.7,,12243,TMDB,2026-05-18,7.7,9.683,Released,marah,https://www.youtube.com/watch?v=4tVklCz2jcI,https://www.youtube.com/embed/4tVklCz2jcI,4tVklCz2jcI,Trailer 1
,Güle Güle,Güle Güle,,2000,Comedy | Drama | Romance,,,,,,https://image.tmdb.org/t/p/w500/dgCzaF8dYcNFHMApzXdzORNSjYo.jpg,https://image.tmdb.org/t/p/original/dgCzaF8dYcNFHMApzXdzORNSjYo.jpg,"Car mechanic Şemsi separated from his wife years ago and lives alone, far away from his only child. Celal is a disciplined retired colonel married to Zarife. İsmet is an introverted film buff who has spent his life on the island, while Galip is a faithful platonic lover who has lived a strange ""love"" with Rosa, a Cuban woman he saw only once, and has never betrayed this woman with whom he has been corresponding for years. Unable to afford to go to Cuba or bring Rosa there, Galip falls ill and learns he has cancer. His friends do everything they can to make him happy before he dies, even putting their homes up for sale. But when the money still isn't enough, there's only one thing left to do: To obtain the money needed to send Galip to Cuba, they decide to rob five charming elderly bankers!",6.9,,0,fallback,,,0,,gelisah,,,,
16366,Joseph: King of Dreams,Joseph: King of Dreams,,2000,Family | Animation | Drama,,,,,,https://image.tmdb.org/t/p/w500/ou0JqPXFbQcphqkMx1grfsmeJFX.jpg,https://image.tmdb.org/t/p/original/ou0JqPXFbQcphqkMx1grfsmeJFX.jpg,"In this animated retelling of the story from the Bible's Book of Genesis, Joseph's gift of dream interpretation and his brilliantly colored coat inspires jealousy in his brothers.",6.9,,1067,TMDB,2026-05-18,6.9,4.548,Released,gelisah,https://www.youtube.com/watch?v=00srDTJp51I,https://www.youtube.com/embed/00srDTJp51I,00srDTJp51I,Joseph: King of Dreams - Trailer
4967,Keeping the Faith,Keeping the Faith,,2000,Comedy | Romance,,,,,,https://image.tmdb.org/t/p/w500/9NF199FTvHr9ggqdBTVbPhF1MGk.jpg,https://image.tmdb.org/t/p/original/9NF199FTvHr9ggqdBTVbPhF1MGk.jpg,"Best friends since they were kids, Rabbi Jacob Schram and Father Brian Finn are dynamic and popular young men living and working on New York's Upper West Side. When Anna Reilly, once their childhood friend and now grown into a beautiful corporate executive, suddenly returns to the city, she reenters Jake and Brian's lives and hearts with a vengeance. Sparks fly and an unusual and complicated love triangle ensues.",6.1,,663,TMDB,2026-05-18,6.1,1.193,Released,bahagia,https://www.youtube.com/watch?v=wORkOt7MOHM,https://www.youtube.com/embed/wORkOt7MOHM,wORkOt7MOHM,Keeping the faith 2000 Trailer.flv
,Leftenan Adnan,Leftenan Adnan,,2000,Action | Drama | History | War,,,,,,https://image.tmdb.org/t/p/w500/3qQKsBCKfpW5JJVjTyA3wIpB9PS.jpg,https://image.tmdb.org/t/p/original/3qQKsBCKfpW5JJVjTyA3wIpB9PS.jpg,"This is a film about a Malaysian soldier, Lt. Adnan, who gave his life in defending Malaya from the Japanese invasion during World War II. It exemplifies an example of the patriotic spirit that should be in every Malaysian. Lt. Adnan was a courageous individual who was willing to give everything, including his life, for the people and nation. He also succeeded in destroying the widely held myth that Malays were good only as rebels and pirates. He believed that no matter what, as a patriotic citizen, one had to fight until the last drop of blood to defend the nation.",7,,0,fallback,,,0,,hidayah,,,,
134,"O Brother, Where Art Thou?","O Brother, Where Art Thou?",,2000,Adventure | Comedy | Crime,,,,,,https://image.tmdb.org/t/p/w500/s9foMAcLg8GEzzQzer04qOGdD1k.jpg,https://image.tmdb.org/t/p/original/s9foMAcLg8GEzzQzer04qOGdD1k.jpg,"In the deep south during the 1930s, three escaped convicts search for hidden treasure while a relentless lawman pursues them.",7.3,,4577,TMDB,2026-05-18,7.3,4.628,Released,bahagia,https://www.youtube.com/watch?v=pi-KDvtUaGQ,https://www.youtube.com/embed/pi-KDvtUaGQ,pi-KDvtUaGQ,Trailer
,Spinning Gasing,Spinning Gasing,,2000,Drama | Music,,,,,,https://image.tmdb.org/t/p/w500/dkf8JTUj84wSmWMglD0sOoRybex.jpg,https://image.tmdb.org/t/p/original/dkf8JTUj84wSmWMglD0sOoRybex.jpg,"Members of a Malaysian band must overcome their racial, religious and cultural differences to overcome the difficulties of love, relationships and day to day issues in modern day Malaysia.",6,,0,fallback,,,0,,gelisah,,,,
,বৃষ্টি,বৃষ্টি,,2000,Drama,,,,,,,,"Brishty (""The Rain"") is a Bangladeshi film by director Morshedul Islam.",,,0,,,,0,,gelisah,,,,
60579,ஹே ராம்,ஹே ராம்,,2000,History | Drama | Crime,,,,,,https://image.tmdb.org/t/p/w500/hHaq5QffND0x8dXEqjVPAmFlJv6.jpg,https://image.tmdb.org/t/p/original/hHaq5QffND0x8dXEqjVPAmFlJv6.jpg,Saketh Ram's wife is raped and killed during direct action day riots in Calcutta. He is convinced that Mahatma Gandhi is responsible for all the problems happening in the country. He sets out to kill him.,7.2,,63,TMDB,2026-05-18,7.2,0.959,Released,hidayah,https://www.youtube.com/watch?v=GKLvKk_uXzA,https://www.youtube.com/embed/GKLvKk_uXzA,GKLvKk_uXzA,Hey Ram (2000) - Official Trailer Recuts HD | ஹேராம் | Kamal Haasan | Ilaiyaraaja
,Bipin Choudhurir Smritibhram,Bipin Choudhurir Smritibhram,,1999,Drama,,,,,,https://image.tmdb.org/t/p/w500/3KLF1njcRlqvcj0jvTuL8kJB9Ir.jpg,https://image.tmdb.org/t/p/original/3KLF1njcRlqvcj0jvTuL8kJB9Ir.jpg,"A bookshop in Calcutta's park street. Executive Bipin chowdhury noses around for his favorite diet of mystery fiction. Flipping through titles, he notices a man's fixed stare on him. 'Don't you recognize me, Mr. Bipin chowdhury ? ' The man asks. 'No, I don't,' replies Bipin curtly. The stranger is amazed.",,,0,,,,0,,gelisah,,,,
10557,East Is East,East Is East,,1999,Drama | Comedy,,,,,,https://image.tmdb.org/t/p/w500/tDchJ4mB23vGgwdQCmq9FCQ4W23.jpg,https://image.tmdb.org/t/p/original/tDchJ4mB23vGgwdQCmq9FCQ4W23.jpg,"In 1971 Salford fish-and-chip shop owner George Khan expects his family to follow his strict Pakistani Muslim ways. But his children, with an English mother and having been born and brought up in Britain, increasingly see themselves as British and start to reject their father's rules on dress, food, religion, and living in general.",6.5,,223,TMDB,2026-05-18,6.5,1,Released,hidayah,https://www.youtube.com/watch?v=yfoqUY0KwfQ,https://www.youtube.com/embed/yfoqUY0KwfQ,yfoqUY0KwfQ,East is East
9946,End of Days,End of Days,,1999,Action | Horror | Fantasy,,,,,,https://image.tmdb.org/t/p/w500/pY8FbKKl3VD0jRI1iDFrwN6alLa.jpg,https://image.tmdb.org/t/p/original/pY8FbKKl3VD0jRI1iDFrwN6alLa.jpg,"Cynical bodyguard Jericho is hired by a man possessed by Satan, who is in search of his bride. When Jericho realizes what is happening, he must do everything he can to save the woman and the world.",6.1,,2041,TMDB,2026-05-18,6.1,4.297,Released,gelisah,https://www.youtube.com/watch?v=3qO3R8OlwYs,https://www.youtube.com/embed/3qO3R8OlwYs,3qO3R8OlwYs,UK Re-Release Trailer
34045,One Day in September,One Day in September,,1999,Documentary | History,,,,,,https://image.tmdb.org/t/p/w500/vsxtkcidi7flgxWERBSnwtyH1JJ.jpg,https://image.tmdb.org/t/p/original/vsxtkcidi7flgxWERBSnwtyH1JJ.jpg,"The full story of the 1972 Munich Olympics Massacre and the Israeli revenge operation 'Wrath of God.' The 1972 Munich Olympics were interrupted by Palestinian terrorists taking Israeli athletes hostage. Besides footage taken at the time, we see interviews with the surviving terrorist, Jamal Al Gashey, and various officials detailing exactly how the police, lacking an anti-terrorist squad and turning down help from the Israelis, botched the operation.",7.3,,80,TMDB,2026-05-18,7.3,0.454,Released,marah,https://www.youtube.com/watch?v=WUax6vEEdac,https://www.youtube.com/embed/WUax6vEEdac,WUax6vEEdac,One day in September (trailer)
10359,Resurrection,Resurrection,,1999,Crime | Mystery | Horror,,,,,,https://image.tmdb.org/t/p/w500/2j6cMHN1Mx1u8S897VVhO7wSrce.jpg,https://image.tmdb.org/t/p/original/2j6cMHN1Mx1u8S897VVhO7wSrce.jpg,"A jaded homicide detective has been put on the case of a ruthless killer in the city of Chicago, who leaves a trail of horribly mutilated and dismembered corpses along with perversely ironic biblical quotes.",6.1,,308,TMDB,2026-05-18,6.1,1.421,Released,gelisah,https://www.youtube.com/watch?v=XxSMzmBz5oY,https://www.youtube.com/embed/XxSMzmBz5oY,XxSMzmBz5oY,Resurrection (1999) Trailer | Christopher Lambert | Mike Anscombe
,Salkım Hanım'ın Taneleri,Salkım Hanım'ın Taneleri,,1999,Drama | Romance,,,,,,https://image.tmdb.org/t/p/w500/weMVwqegSgDHPmkmMfl9qmpZ7Dr.jpg,https://image.tmdb.org/t/p/original/weMVwqegSgDHPmkmMfl9qmpZ7Dr.jpg,"During the period of the Wealth Tax, where many non-Muslims in Turkey were forced to pay higher taxes, often in an arbitrary and unrealistic way. Nimet and Durmuş migrate from Niğde to Istanbul and take shelter with Durmuş's friend Bekir, who finds Durmuş a job at the inn. However, making a living by serving as a porter is not in line with Durmuş's ambitions. He wants everything Halit Bey has, the inn owner. Halit Bey begins to dispose of his property in order to pay the tax stipulated to his beloved wife Nora, who was treated in a nursing home. Wealth Tax has begun to affect everyone's destiny.",5.1,,0,fallback,,,0,,gelisah,,,,
,Sri,Sri,,1999,Drama,,,,,,https://image.tmdb.org/t/p/w500/etUSIyQR186FNDB9lGpN9TWke91.jpg,https://image.tmdb.org/t/p/original/etUSIyQR186FNDB9lGpN9TWke91.jpg,"Sri is a village girl married to Hendro, a 70-year old Javanese aristocrat. When Hendro falls ill, she has to nurse him back to health and negotiates with the God of Death not to take him away.",,,0,,,,0,,sedih,,,,
10307,Stigmata,Stigmata,,1999,Horror | Thriller,,,,,,https://image.tmdb.org/t/p/w500/sKS1Vuqj7OQpOumfs6ArC0TICTN.jpg,https://image.tmdb.org/t/p/original/sKS1Vuqj7OQpOumfs6ArC0TICTN.jpg,"A young woman with no strong religious beliefs, Frankie Paige begins having strange and violent experiences, showing signs of the wounds that Jesus received when crucified. When the Vatican gets word of Frankie's situation, a high-ranking cardinal requests that the Rev. Andrew Kiernan investigate her case. Soon Kiernan realizes that very sinister forces are at work, and tries to rescue Frankie from the entity that is plaguing her.",6.3,,1234,TMDB,2026-05-18,6.3,2.729,Released,gelisah,https://www.youtube.com/watch?v=y3PKfVK2LDo,https://www.youtube.com/embed/y3PKfVK2LDo,y3PKfVK2LDo,Stigmata (1999) Original Trailer [FHD]
30998,The Confession,The Confession,,1999,Drama | Thriller,,,,,,https://image.tmdb.org/t/p/w500/xRGb8CyMYRmjHhQhqSdFdJvk1nW.jpg,https://image.tmdb.org/t/p/original/xRGb8CyMYRmjHhQhqSdFdJvk1nW.jpg,"After his young son dies from the negligence at a hospital, Harry Fertig takes matters into his own hands and kills the doctor, nurse and clerk responsible. Slick lawyer Roy Bleakie, looking only to win a case and not caring of the matters involved, is asked by Fertig's boss to defend him. Shocked to hear that his client wants to plead guilty, the case causes Bleakie to question his own morals by defending an honorable man.",5.8,,58,TMDB,2026-05-18,5.8,1.018,Released,gelisah,,,,
9008,The Insider,The Insider,,1999,Drama | Thriller,,,,,,https://image.tmdb.org/t/p/w500/jJCyIBPfvk41uETq6K6u4upyGO8.jpg,https://image.tmdb.org/t/p/original/jJCyIBPfvk41uETq6K6u4upyGO8.jpg,A research chemist comes under personal and professional attack when he decides to appear in a 60 Minutes exposé on Big Tobacco.,7.5,,2064,TMDB,2026-05-18,7.5,3.536,Released,gelisah,https://www.youtube.com/watch?v=P-_ZdJxgwcU,https://www.youtube.com/embed/P-_ZdJxgwcU,P-_ZdJxgwcU,The Insider (1999) Original Trailer [HD]
,دو زن,دو زن,,1999,Drama,,,,,,https://image.tmdb.org/t/p/w500/odofuhiIv1uwEnYYKuywTxqBjPQ.jpg,https://image.tmdb.org/t/p/original/odofuhiIv1uwEnYYKuywTxqBjPQ.jpg,"A sensation when released in 1999 in Iran, Two Women charts the lives of two promising architecture students over the course of the first turbulent years of the Islamic Republic. Tahimine Milani creates this scathing portrait of those traditions - aided by official indifference - which conspire to trap women and stop them from realizing their full potential; the inclusion of frank depictions of domestic violence was hailed by many as a breakthrough in dealing with a long taboo subject.",4.7,,0,fallback,,,0,,gelisah,,,,
5319,हम दिल दे चुके सनम,हम दिल दे चुके सनम,,1999,Comedy | Drama | Romance,,,,,,https://image.tmdb.org/t/p/w500/kuoJvw45TobVp5QcyV16nK26NFx.jpg,https://image.tmdb.org/t/p/original/kuoJvw45TobVp5QcyV16nK26NFx.jpg,"A newly-wed man discovers that his wife is in love with another man and decides to unite them. Ignoring the ridicule he might have to face for this, he takes his wife to Italy in search of her love.",6.4,,121,TMDB,2026-05-18,6.4,1.014,Released,bahagia,https://www.youtube.com/watch?v=UIYW8IZ89rQ,https://www.youtube.com/embed/UIYW8IZ89rQ,UIYW8IZ89rQ,Trailer
7504,1947: Earth,1947: Earth,,1998,Drama | Romance | History,,,,,,https://image.tmdb.org/t/p/w500/hQtvQYlxfEHl45TR41lNSywrq4K.jpg,https://image.tmdb.org/t/p/original/hQtvQYlxfEHl45TR41lNSywrq4K.jpg,It's 1947 and the borderlines between India and Pakistan are being drawn. A young girl bears witnesses to tragedy as her ayah is caught between the love of two men and the rising tide of political and religious violence.,6.6,,41,TMDB,2026-05-18,6.6,0.406,Released,rindu,,,,
9466,Celebrity,Celebrity,,1998,Drama | Comedy,,,,,,https://image.tmdb.org/t/p/w500/q4UJHtH14nO8tbMfGtJ3Z3Tw5RW.jpg,https://image.tmdb.org/t/p/original/q4UJHtH14nO8tbMfGtJ3Z3Tw5RW.jpg,"The career and personal life of writer Lee are at a standstill, so he divorces his bashful wife, Robin, and dives into a new job as an entertainment journalist. His assignments take him to the swankiest corners of Manhattan, but as he jumps from one lavish party to another and engages in numerous empty romances, he starts to doubt the worth of his work. Meanwhile, top TV producer Tony falls for Robin and introduces her to the world of celebrity.",6,,507,TMDB,2026-05-18,6,2.304,Released,bahagia,https://www.youtube.com/watch?v=CK6x-SSEfzg,https://www.youtube.com/embed/CK6x-SSEfzg,CK6x-SSEfzg,"Celebrity (1998) Trailer - Woody Allen, Kenneth Branagh, Winona Ryder"
666,Central do Brasil,Central do Brasil,,1998,Drama,,,,,,https://image.tmdb.org/t/p/w500/zJvp7XjQ2LhPbDVYhFXyucs40vR.jpg,https://image.tmdb.org/t/p/original/zJvp7XjQ2LhPbDVYhFXyucs40vR.jpg,"An emotional journey of a former school teacher, who writes letters for illiterate people, and a young boy, whose mother has just died, as they search for the father he never knew.",8.1,,1045,TMDB,2026-05-18,8.1,2.641,Released,sedih,https://www.youtube.com/watch?v=qCoqppCsEa8,https://www.youtube.com/embed/qCoqppCsEa8,qCoqppCsEa8,4K Restoration Trailer [Subtitled]
795,City of Angels,City of Angels,,1998,Romance | Drama | Fantasy,,,,,,https://image.tmdb.org/t/p/w500/iuzxpUjHsbQJXV3kB9ZAdCimM60.jpg,https://image.tmdb.org/t/p/original/iuzxpUjHsbQJXV3kB9ZAdCimM60.jpg,"When a guardian angel – who invisibly watches over the citizens of Los Angeles – becomes captivated by a strong-willed heart surgeon, he ponders trading in his pure, otherworldly existence for a mortal life with his beloved. The couple embarks on a tender but forbidden romance spanning heaven and Earth.",6.8,,2344,TMDB,2026-05-18,6.8,6.306,Released,rindu,https://www.youtube.com/watch?v=o_dAOSFvTLI,https://www.youtube.com/embed/o_dAOSFvTLI,o_dAOSFvTLI,City of Angels ≣ 1998 ≣ Trailer
41614,Jinnah,Jinnah,,1998,History | War | Drama,,,,,,https://image.tmdb.org/t/p/w500/6gNDyfZhQEOkeVWbsfTMOuvXx8V.jpg,https://image.tmdb.org/t/p/original/6gNDyfZhQEOkeVWbsfTMOuvXx8V.jpg,"Biography of Mohammed Ali Jinnah, the founder of modern Pakistan is told through flashbacks as his soul tries to find eternal rest. The flashbacks start in 1947 as Jinnah pleads for a separate nation for the Muslim minority, infuriating Lord Mountbatten. Mountbatten then tries to enlist Gandhi & Nehru to persuade Jinnah to stop his efforts. Gandhi sides with Jinnah, which upsets Nehru. However, Jinnah turns down the offer to become prime minister and the film takes another slide back to 1916, which reveals all of the political implications that have occurred.",6.7,,27,TMDB,2026-05-18,6.7,0.63,Released,hidayah,https://www.youtube.com/watch?v=YoDjscRb5WM,https://www.youtube.com/embed/YoDjscRb5WM,YoDjscRb5WM,JINNAH Original Theatrical Trailer
,Kaçıklık Diploması,Kaçıklık Diploması,,1998,Drama,,,,,,https://image.tmdb.org/t/p/w500/8yPkIjnPhBqWoyP4lSKgNa2UEnA.jpg,https://image.tmdb.org/t/p/original/8yPkIjnPhBqWoyP4lSKgNa2UEnA.jpg,"Nur is a woman who suffers from bipolar depression with psychosis. While she stays in a mental institution she confronts with her life; her childhood, her parents and her marriage...Can she ever learn to love herself?",6.3,,0,fallback,,,0,,gelisah,,,,
,Magic Money,Magic Money,,1998,Drama,,,,,,,,"Helen Ukpabio tells a story of man's enslavement to money. Collins goes the extra mile to ensure that he has a constant cash flow. However, Colins is met with surprise at the price he has to pay for magic money.",,,0,,,,0,,gelisah,,,,
9882,The Siege,The Siege,,1998,Drama | Action | Thriller | Crime,,,,,,https://image.tmdb.org/t/p/w500/gbeeWu8rYaIYMyq9ayN1AepjNxP.jpg,https://image.tmdb.org/t/p/original/gbeeWu8rYaIYMyq9ayN1AepjNxP.jpg,"The secret US abduction of a suspected terrorist from his Middle East homeland leads to a wave of terrorist attacks in New York.  An FBI senior agent and his team attempt to locate and decommission the enemy cells, but must also deal with an Army General gone rogue and a female CIA agent of uncertain loyalties.",6.3,,1485,TMDB,2026-05-18,6.3,4.414,Released,hidayah,https://www.youtube.com/watch?v=87Rai0X97Fc,https://www.youtube.com/embed/87Rai0X97Fc,87Rai0X97Fc,The Siege (1998) Original Trailer [HD]
12159,What Dreams May Come,What Dreams May Come,,1998,Drama | Fantasy | Romance,,,,,,https://image.tmdb.org/t/p/w500/78wCdphUzeb528wLZw2W0fn7yGB.jpg,https://image.tmdb.org/t/p/original/78wCdphUzeb528wLZw2W0fn7yGB.jpg,"Chris Nielsen dies to find himself in a heaven more amazing than he could have ever dreamed of. There is one thing missing: his wife. After he dies, his wife Annie killed herself and went to hell. Chris decides to risk eternity in Hades for the small chance that he will be able to bring her back to heaven.",7.2,,2495,TMDB,2026-05-18,7.2,4.808,Released,rindu,https://www.youtube.com/watch?v=RmZ-FuBThuQ,https://www.youtube.com/embed/RmZ-FuBThuQ,RmZ-FuBThuQ,What Dreams May Come Official Trailer #1 - Robin Williams Movie (1998) HD
,جمال عبد الناصر,جمال عبد الناصر,,1998,Drama | History,,,,,,https://image.tmdb.org/t/p/w500/1YaMcwITmOrTN1ubhpghW7P5hjV.jpg,https://image.tmdb.org/t/p/original/1YaMcwITmOrTN1ubhpghW7P5hjV.jpg,"The biography of the iconic leader Gamal Abdel Nasser, from his birth to igniting the revolution to the defeat of 67 and his disagreement with Abdel Hakim Amer, then his planning for the War of Attrition and his sudden death that stunned the world in 1970.",6,,0,fallback,,,0,,hidayah,,,,
,درخت گلابی,درخت گلابی,,1998,Romance | Drama,,,,,,https://image.tmdb.org/t/p/w500/AiSxasAeSsrk1j8XblohOFl5u6w.jpg,https://image.tmdb.org/t/p/original/AiSxasAeSsrk1j8XblohOFl5u6w.jpg,"Mahmoud is suffering from writer's block and he is unable to continue the book he is currently working upon. He decides to take a break from his routine life and plans to visit his family's rural estate that is situated at north of Tehran. He also intends to complete his book in this visit. While at the estate, Mahmoud's attention is brought to the old Pear Tree that is situated behind the estate by the old gardener of the estate. Seeing the Pear Tree, Mahmoud thinks about his past - his infatuation towards his 14-year-old female cousin known only as M, his adolescent dreams, how that changed over the years. The rest of the film chronicles thoughts of Mahmoud and his past.",6.7,,0,fallback,,,0,,hidayah,,,,
,চিত্রা নদীর পাড়ে,চিত্রা নদীর পাড়ে,,1998,Drama,,,,,,https://image.tmdb.org/t/p/w500/nhcCRxRVWoGND46jSAqFBnbH30x.jpg,https://image.tmdb.org/t/p/original/nhcCRxRVWoGND46jSAqFBnbH30x.jpg,"After the partition of India in 1947, Shashikanta's family, like millions of other Hindu families of East Pakistan (now Bangladesh), faced the dilemma of whether to migrate from the land in which they have been living for centuries. But Shashikanta Sengupta, an eccentric lawyer, stubbornly refuses to leave his motherland. Widower Shashikanta has two children, Minoti and Bidyut. Anuprava Devi is an affectionate old aunt who lives with the family. The family has a house in Narail, a small provincial town on the bank of the Chitra river. Some Muslim neighbors eye Shashaikanta's house. But the family refuse to migrate. Shashikanta's children Minoti and Bidyut are friends with the neighboring Muslim children- Badal, Salma and Nazma. Minoti and Badal become more than friends. The children grow up.",6.7,,0,fallback,,,0,,gelisah,,,,
686,Contact,Contact,,1997,Drama | Science Fiction | Mystery,,,,,,https://image.tmdb.org/t/p/w500/bCpMIywuNZeWt3i5UMLEIc0VSwM.jpg,https://image.tmdb.org/t/p/original/bCpMIywuNZeWt3i5UMLEIc0VSwM.jpg,"A radio astronomer receives the first extraterrestrial radio signal ever picked up on Earth. As the world powers scramble to decipher the message and decide upon a course of action, she must make some difficult decisions between her beliefs, the truth, and reality.",7.4,,4978,TMDB,2026-05-18,7.4,8.456,Released,gelisah,https://www.youtube.com/watch?v=s3hcz8OCd-Q,https://www.youtube.com/embed/s3hcz8OCd-Q,s3hcz8OCd-Q,Trailer
,Dominan,Dominan,,1997,Drama | Family,,,,,,https://image.tmdb.org/t/p/w500/pdG9z3d6Euwlo3jo8THFYvoCjpQ.jpg,https://image.tmdb.org/t/p/original/pdG9z3d6Euwlo3jo8THFYvoCjpQ.jpg,"It tells the life of Tan Sri Lokman Hakim (Sidi) living as a corporate figure who does not reveal his identity. Meanwhile, in a simple world, Lokman concealing his identity since married Suraya (Aziah Mahzan). During her marriage also face problems when her views are not dominant than his wife. His wife liked to belittle him. One day her daughter Lynn (Intan Azura) became interested to find corporate figure Tan Sri Lokmanmula find yourself and keep things from his wife and his children. Children and wife suspect Lokman had a relationship with Liza (Rina Khan)",,,0,,,,0,,gelisah,,,,
55955,My Son the Fanatic,My Son the Fanatic,,1997,Drama | Comedy,,,,,,https://image.tmdb.org/t/p/w500/34rfjIEVqmzjN7HMZhrrPgPaHuE.jpg,https://image.tmdb.org/t/p/original/34rfjIEVqmzjN7HMZhrrPgPaHuE.jpg,Pakistani taxi-driver Parvez and prostitute Bettina find themselves trapped in the middle when Islamic fundamentalists decide to clean up their local town.,5.1,,17,TMDB,2026-05-18,5.1,0.282,Released,hidayah,https://www.youtube.com/watch?v=o0xAGZSLYNA,https://www.youtube.com/embed/o0xAGZSLYNA,o0xAGZSLYNA,My Son the Fanatic (1997) - Trailer
,المصير,المصير,,1997,Drama | History | Music,,,,,,https://image.tmdb.org/t/p/w500/pjA38G2fCKTgWsz1HbOcGJalbi1.jpg,https://image.tmdb.org/t/p/original/pjA38G2fCKTgWsz1HbOcGJalbi1.jpg,"In the 12th century's Andalusia lives Ibn Rushd a prominent Islamic philosopher with his wife Zeinab and daughter Salma. The principality is ruled by Khalifa ElMansour who has two sons, ElNasser, an intellectual that likes Ibn Rush and is in love with his daughter Salma. The younger son Abdallah is more into dancing and poetry, spending most of his times with the gypsy family and getting the daughter pregnant. The Khalifa is depending on the extremists to build his army granting them more power which they use to combat artists and philosophers. The extremists succeed in recruiting Abd Allah and train him to kill his father. Events go on where Marawan, the gypsy singer, is killed and Ibn Rushd's books are burnt. Adapted from the real life of Ibn Rushd AlMasir is Chahine's statement against extremism.",6.8,,0,fallback,,,0,,gelisah,,,,
30020,طعم گيلاس,طعم گيلاس,,1997,Drama,,,,,,https://image.tmdb.org/t/p/w500/u6GYH4HyR0BVwpqFuTOc2g4KB1L.jpg,https://image.tmdb.org/t/p/original/u6GYH4HyR0BVwpqFuTOc2g4KB1L.jpg,"A middle-aged Tehranian man, Mr. Badii is intent on killing himself and seeks someone to bury him after his demise. Driving around the city, the seemingly well-to-do Badii meets with numerous people, including a Muslim student, asking them to take on the job, but initially he has little luck. Eventually, Badii finds a man who is up for the task because he needs the money, but his new associate soon tries to talk him out of committing suicide.",7.7,,705,TMDB,2026-05-18,7.7,2.413,Released,hidayah,https://www.youtube.com/watch?v=ukmYdGwVqPg,https://www.youtube.com/embed/ukmYdGwVqPg,ukmYdGwVqPg,Taste of Cherry | Modern Trailer
,نون و گلدون,نون و گلدون,,1997,Drama | Comedy,,,,,,https://image.tmdb.org/t/p/w500/jBgImBSOFUJg8voD7xbLqS1s1tf.jpg,https://image.tmdb.org/t/p/original/jBgImBSOFUJg8voD7xbLqS1s1tf.jpg,"A semi-autobiographical account of an incident in Makhmalbaf's life when, as a 17-year-old, he stabbed a policeman at a protest rally. Two decades later, he tracks down the policeman he injured in an attempt to make amends.",7.6,,0,fallback,,,0,,gelisah,,,,
280254,ഗുരു,ഗുരു,,1997,Adventure | Drama | Fantasy,,,,,,https://image.tmdb.org/t/p/w500/4TUWBUul1BWqnadSOrknNWs9wUd.jpg,https://image.tmdb.org/t/p/original/4TUWBUul1BWqnadSOrknNWs9wUd.jpg,"A few political goons, disguised as Muslims, cause trouble at the temple and kill Raghuraman's family. Later, Raghuraman joins an extremist group and decides to avenge his family's death.",7.2,,25,TMDB,2026-05-18,7.2,0.334,Released,hidayah,,,,
145,Breaking the Waves,Breaking the Waves,,1996,Drama | Romance,,,,,,https://image.tmdb.org/t/p/w500/dQWMcdHXUOSHtr7ypOCa5T79JMS.jpg,https://image.tmdb.org/t/p/original/dQWMcdHXUOSHtr7ypOCa5T79JMS.jpg,"In a small, conservative Scottish village, an oilman is paralyzed in an accident. His wife, who prayed for his return, feels guilty; even more, when he urges her to have sex with another.",7.5,,1119,TMDB,2026-05-18,7.5,2.391,Released,rindu,https://www.youtube.com/watch?v=1zKf2tATyoc,https://www.youtube.com/embed/1zKf2tATyoc,1zKf2tATyoc,Official Trailer
755,From Dusk Till Dawn,From Dusk Till Dawn,,1996,Horror | Action | Thriller | Crime,,,,,,https://image.tmdb.org/t/p/w500/sV3kIAmvJ9tPz4Lq5fuf9LLMxte.jpg,https://image.tmdb.org/t/p/original/sV3kIAmvJ9tPz4Lq5fuf9LLMxte.jpg,"After kidnapping a father and his two kids, the Gecko brothers head south to a seedy Mexican bar to hide out in safety, unaware of its notorious clientele.",7,,6478,TMDB,2026-05-18,7,10.051,Released,gelisah,https://www.youtube.com/watch?v=y-J9bBvO5dk,https://www.youtube.com/embed/y-J9bBvO5dk,y-J9bBvO5dk,Official Trailer
25147,Jude,Jude,,1996,Drama | Romance,,,,,,https://image.tmdb.org/t/p/w500/pK7hcjrvgRisQC7i1XwiA1B97sJ.jpg,https://image.tmdb.org/t/p/original/pK7hcjrvgRisQC7i1XwiA1B97sJ.jpg,"In late 19th-century England, Jude aspires to be an academic, but is hobbled by his blue-collar background. Instead, he works as a stonemason and is trapped in an unloving marriage to a farmer's daughter named Arabella. But when his wife leaves him, Jude sees an opportunity to improve himself. He moves to the city and begins an affair with his married cousin, Sue, courting tragedy every step of the way.",6.3,,144,TMDB,2026-05-18,6.3,1.715,Released,rindu,https://www.youtube.com/watch?v=tVpgRZURgsA,https://www.youtube.com/embed/tVpgRZURgsA,tVpgRZURgsA,Jude (1996) Original Trailer [FHD]
,Kekuasaan dan Wanita,Kekuasaan dan Wanita,,1996,Drama,,,,,,https://image.tmdb.org/t/p/w500/jkJIaFEoEInZe2vEXeu99eUPsuo.jpg,https://image.tmdb.org/t/p/original/jkJIaFEoEInZe2vEXeu99eUPsuo.jpg,Textile company owner Anita (Sally Marcelina) is trapped in an unhappy marriage with a philanderer who's bossed around by his controlling sibling. The sister-in-law attempts to murder her so her brother will inherit the factory.,,,0,,,,0,,gelisah,,,,
21539,The Preacher's Wife,The Preacher's Wife,,1996,Family | Fantasy | Drama | Comedy | Romance,,,,,,https://image.tmdb.org/t/p/w500/z1mU4g9poAgoDQRNLcfNdj3iiMs.jpg,https://image.tmdb.org/t/p/original/z1mU4g9poAgoDQRNLcfNdj3iiMs.jpg,"Good-natured Reverend Henry Biggs finds that his marriage to choir mistress Julia is flagging, due to his constant absence caring for the deprived neighborhood they live in. On top of all this, his church is coming under threat from property developer Joe Hamilton. In desperation, Biggs prays to God for help – which arrives in the form of an angel named Dudley.",5.8,,254,TMDB,2026-05-18,5.8,1.616,Released,bahagia,https://www.youtube.com/watch?v=kYIFhk4lutY,https://www.youtube.com/embed/kYIFhk4lutY,kYIFhk4lutY,The Preacher's Wife (1996) - Movie Trailer
880,Antonia,Antonia,,1995,Drama | Comedy,,,,,,https://image.tmdb.org/t/p/w500/nUCVi6bBIL7LGC61nYaCqikAhIA.jpg,https://image.tmdb.org/t/p/original/nUCVi6bBIL7LGC61nYaCqikAhIA.jpg,"After World War II, Antonia and her daughter, Danielle, go back to their Dutch hometown, where Antonia's late mother has bestowed a small farm upon her. There, Antonia settles down and joins a tightly-knit but unusual community. Those around her include quirky friend Crooked Finger, would-be suitor Bas and, eventually for Antonia, a granddaughter and great-granddaughter who help create a strong family of empowered women.",6.9,,143,TMDB,2026-05-18,6.9,1.899,Released,bahagia,https://www.youtube.com/watch?v=3n1O-sKecdA,https://www.youtube.com/embed/3n1O-sKecdA,3n1O-sKecdA,Antonia's Line (1995) | Trailer | Willeke van Ammelrooy | Jan Decleir | Veerle van Overloop
197,Braveheart,Braveheart,,1995,Action | Drama | History | War,,,,,,https://image.tmdb.org/t/p/w500/or1gBugydmjToAEq7OZY0owwFk.jpg,https://image.tmdb.org/t/p/original/or1gBugydmjToAEq7OZY0owwFk.jpg,"Enraged at the slaughter of Murron, his new bride and childhood love, Scottish warrior William Wallace slays a platoon of the local English lord's soldiers. This leads the village to revolt and, eventually, the entire country to rise up against English rule.",7.9,,11079,TMDB,2026-05-18,7.9,12.99,Released,marah,https://www.youtube.com/watch?v=nMft5QDOHek,https://www.youtube.com/embed/nMft5QDOHek,nMft5QDOHek,Trailer
687,Dead Man Walking,Dead Man Walking,,1995,Drama,,,,,,https://image.tmdb.org/t/p/w500/eShxyjhWoFl3BwsuEmVsr4nLaMZ.jpg,https://image.tmdb.org/t/p/original/eShxyjhWoFl3BwsuEmVsr4nLaMZ.jpg,A death row inmate turns for spiritual guidance to a local nun in the days leading up to his scheduled execution for the murders of a young couple.,7.3,,1499,TMDB,2026-05-18,7.3,2.997,Released,marah,https://www.youtube.com/watch?v=CB89rktO_Ws,https://www.youtube.com/embed/CB89rktO_Ws,CB89rktO_Ws,Official Trailer
,Khoda Miad,Khoda Miad,,1995,Drama,,,,,,https://image.tmdb.org/t/p/w500/kmLVqZOzkwFA6I0F9akC2Kr07iP.jpg,https://image.tmdb.org/t/p/original/kmLVqZOzkwFA6I0F9akC2Kr07iP.jpg,Would God answer a letter for help?,10,,0,fallback,,,0,,gelisah,,,,
40156,Priest,Priest,,1995,Drama | Romance,,,,,,https://image.tmdb.org/t/p/w500/yCZ2eGJb78HzaYthNwVF8R0G6BG.jpg,https://image.tmdb.org/t/p/original/yCZ2eGJb78HzaYthNwVF8R0G6BG.jpg,The deeply held religious convictions of an idealistic young priest are challenged when he must face extraordinary events within his own congregation.,6.2,,148,TMDB,2026-05-18,6.2,1.503,Released,rindu,https://www.youtube.com/watch?v=mxlZ8hB5Q40,https://www.youtube.com/embed/mxlZ8hB5Q40,mxlZ8hB5Q40,Priest (1994) Trailer
11980,The Prophecy,The Prophecy,,1995,Fantasy | Horror | Thriller | Action | Drama,,,,,,https://image.tmdb.org/t/p/w500/4ZWFhQipzBHJze2llzCzhrSIZsn.jpg,https://image.tmdb.org/t/p/original/4ZWFhQipzBHJze2llzCzhrSIZsn.jpg,"The angel Gabriel comes to Earth to collect a soul which will end the stalemated war in Heaven. However, it is hidden inside of a Native American girl and only a former priest and a schoolteacher can stop him.",6.5,,556,TMDB,2026-05-18,6.5,2.425,Released,gelisah,https://www.youtube.com/watch?v=okN79Z_uw9Y,https://www.youtube.com/embed/okN79Z_uw9Y,okN79Z_uw9Y,Trailer
124624,Мусульманин,Мусульманин,,1995,Drama,,,,,,https://image.tmdb.org/t/p/w500/o2GN7sPRRFwDa3WlocjmvDf8CNt.jpg,https://image.tmdb.org/t/p/original/o2GN7sPRRFwDa3WlocjmvDf8CNt.jpg,"A Russian soldier who spent ten years in captivity in Afghanistan, returns to his home village and shocks all its inhabitants because of his conversion to Islam. During his absence, his father hanged himself, his brother served a prison term and his former fiancée has become a woman of very low morals. The village is the scene of endless drinking while the local boss is selling off the land for dollars to new-rich Russians. Our hero turns out as the only sober and hard-working member of the community. However, his attachment to his new faith soon provokes the hatred and rejection of everyone else, including his own family.",5.9,,18,TMDB,2026-05-18,5.9,0.343,Released,hidayah,,,,
,سارق الفرح,سارق الفرح,,1995,Drama | Romance | Comedy,,,,,,https://image.tmdb.org/t/p/w500/qhc44NPbASdOXayFNrjd3taBC95.jpg,https://image.tmdb.org/t/p/original/qhc44NPbASdOXayFNrjd3taBC95.jpg,"The residents of the Mokattam area are in a state of joy. Shata has been married to the dancer (Ahlam), but (Ahlam) has a lover's heart (Awad). In order to resolve the situation, Awad must arrange for the expenses of the marriage within a few days and the introduction of Ahlam's speech. Awad tries to help Awad and thinks that she is overdoing herself. Awad is committing a process closer to armed robbery and stealing his brother's clothes to sell. Ahlam is staying in an apartment of a foreigner to help her boyfriend buy the net.",,,0,,,,0,,gelisah,,,,
,C Blok,C Blok,,1994,Drama,,,,,,https://image.tmdb.org/t/p/w500/skDhD6o56cb3fwshypaghxTs1Do.jpg,https://image.tmdb.org/t/p/original/skDhD6o56cb3fwshypaghxTs1Do.jpg,"Tulay, a restless woman whose marriage is slowly disintegrating sets out to come to terms with various traumas while continually being watched by Halit, a resident in her apartment complex.",6.4,,0,fallback,,,0,,gelisah,,,,
13,Forrest Gump,Forrest Gump,,1994,Comedy | Drama | Romance,,,,,,https://image.tmdb.org/t/p/w500/Cw4hIUIAmSYfK9QfaUW5igp9La.jpg,https://image.tmdb.org/t/p/original/Cw4hIUIAmSYfK9QfaUW5igp9La.jpg,"A man with a low IQ has accomplished great things in his life and been present during significant historic events—in each case, far exceeding what anyone imagined he could do. But despite all he has achieved, his one true love eludes him.",8.5,,29703,TMDB,2026-05-18,8.5,28.122,Released,bahagia,https://www.youtube.com/watch?v=Mj9IA9tTfio,https://www.youtube.com/embed/Mj9IA9tTfio,Mj9IA9tTfio,Official 25th Anniversary Trailer
278,The Shawshank Redemption,The Shawshank Redemption,,1994,Drama | Crime,,,,,,https://image.tmdb.org/t/p/w500/9cqNxx0GxF0bflZmeSMuL5tnGzr.jpg,https://image.tmdb.org/t/p/original/9cqNxx0GxF0bflZmeSMuL5tnGzr.jpg,"Imprisoned in the 1940s for the double murder of his wife and her lover, upstanding banker Andy Dufresne begins a new life at the Shawshank prison, where he puts his accounting skills to work for an amoral warden. During his long stretch in prison, Dufresne comes to be admired by the other inmates -- including an older prisoner named Red -- for his integrity and unquenchable sense of hope.",8.7,,30349,TMDB,2026-05-18,8.7,54.47,Released,sedih,https://www.youtube.com/watch?v=PLl99DlL6b4,https://www.youtube.com/embed/PLl99DlL6b4,PLl99DlL6b4,Trailer
32636,Vanya on 42nd Street,Vanya on 42nd Street,,1994,Drama,,,,,,https://image.tmdb.org/t/p/w500/sYkkHsqXyUcFoLbXt4WNwnRRpT1.jpg,https://image.tmdb.org/t/p/original/sYkkHsqXyUcFoLbXt4WNwnRRpT1.jpg,"An uninterrupted rehearsal of Chekhov's 'Uncle Vanya' plays out by a company of actors. The setting: their run-down theater with an unusable stage and crumbling ceiling. The play is shown act by act with the briefest of breaks to move props or for refreshments. The lack of costumes, real props and scenery is soon forgotten.",6.6,,95,TMDB,2026-05-18,6.6,0.962,Released,gelisah,https://www.youtube.com/watch?v=hJxvpLrp4yA,https://www.youtube.com/embed/hJxvpLrp4yA,hJxvpLrp4yA,Vanya on 42nd Street (1994) ORIGINAL TRAILER [HD 1080p]
19155,Пред дождот,Пред дождот,,1994,Drama | War,,,,,,https://image.tmdb.org/t/p/w500/sAVSVFonnNkup5xnlxDkuRrmI2N.jpg,https://image.tmdb.org/t/p/original/sAVSVFonnNkup5xnlxDkuRrmI2N.jpg,"The circularity of violence seen in a story that circles on itself. In Macedonia, during the war in Bosnia, Christians hunt an ethnic Albanian girl who may have murdered one of their own. A young monk who's taken a vow of silence offers her protection. In London, a photographic editor who's pregnant needs to talk it out with her estranged husband and chooses a toney restaurant.",7.4,,186,TMDB,2026-05-18,7.4,1.14,Released,marah,https://www.youtube.com/watch?v=wHBQ4VsQaic,https://www.youtube.com/embed/wHBQ4VsQaic,wHBQ4VsQaic,"""Before The Rain"" trailer (HD)"
,الإرهابي,الإرهابي,,1994,Drama,,,,,,https://image.tmdb.org/t/p/w500/amyrjFVIu9tE9hmk0t0odsqPTP9.jpg,https://image.tmdb.org/t/p/original/amyrjFVIu9tE9hmk0t0odsqPTP9.jpg,"Ali Abd-El-Zaher is a member of an Islamic radical group which has been launching attacks against the government and the society under the orders of the spiritual leader Brother Saif. Ali manages to assasinate an officer, but as he escapes from the authorities he gets hit by a car driven by Sewsan, the daughter of a respected Muslim family living in the Maadi district. Sewsan's father who is a surgeon and his family take care of the injured terrorist who then tries to conceal the truth about his personality, such as his dislike of music, unveiled women and Western life styles.",6.3,,0,fallback,,,0,,gelisah,,,,
,الفاتح,الفاتح,,1994,Animation,,,,,,https://image.tmdb.org/t/p/w500/eAi5zmtTPUgfdnyH2zWCVr2NmfP.jpg,https://image.tmdb.org/t/p/original/eAi5zmtTPUgfdnyH2zWCVr2NmfP.jpg,Mehmed the Conqueror is an animated Islamic-themed film about Mehmed the Conqueror and his warlike dedication during the conquest of Constantinople.,,,0,,,,0,,hidayah,,,,
7984,In the Name of the Father,In the Name of the Father,,1993,Drama,,,,,,https://image.tmdb.org/t/p/w500/3NcIkKxaO2SmRVsG1v50XhtmL0f.jpg,https://image.tmdb.org/t/p/original/3NcIkKxaO2SmRVsG1v50XhtmL0f.jpg,"A small-time Belfast thief, Gerry Conlon, is wrongly convicted of an IRA bombing in London, along with his father and friends, and spends 15 years in prison fighting to prove his innocence.",7.9,,1966,TMDB,2026-05-18,7.9,3.093,Released,marah,https://www.youtube.com/watch?v=aF-JdPpQNoo,https://www.youtube.com/embed/aF-JdPpQNoo,aF-JdPpQNoo,IN THE NAME OF THE FATHER (1993) VHS [Trailer] #vhsrip
9516,Menace II Society,Menace II Society,,1993,Drama | Crime | Thriller,,,,,,https://image.tmdb.org/t/p/w500/nS7yqmSVeNoH22VXj69JoFCxW1h.jpg,https://image.tmdb.org/t/p/original/nS7yqmSVeNoH22VXj69JoFCxW1h.jpg,A young street hustler attempts to escape the rigors and temptations of the ghetto in a quest for a better life.,7.5,,894,TMDB,2026-05-18,7.5,3.626,Released,gelisah,https://www.youtube.com/watch?v=woJQ9XPpVVY,https://www.youtube.com/embed/woJQ9XPpVVY,woJQ9XPpVVY,Menace II Society (1993) Original Trailer [FHD]
108,Trois couleurs : Bleu,Trois couleurs : Bleu,,1993,Drama,,,,,,https://image.tmdb.org/t/p/w500/33wsWxzsNstI8N7dvuwzFmj1qBd.jpg,https://image.tmdb.org/t/p/original/33wsWxzsNstI8N7dvuwzFmj1qBd.jpg,"The wife of a famous composer survives a car accident that kills her husband and daughter. Now alone, she shakes off her old identity and explores her newfound freedom but finds that she is unbreakably bound to other humans, including her husband’s mistress, whose existence she never suspected.",7.6,,1890,TMDB,2026-05-18,7.6,2.797,Released,sedih,https://www.youtube.com/watch?v=kQjJoRl3bLc,https://www.youtube.com/embed/kQjJoRl3bLc,kQjJoRl3bLc,Three Colors: Blue (1993) - Trailer
,سارا,سارا,,1993,Drama,,,,,,https://image.tmdb.org/t/p/w500/57yvMYtE7WwwbqYsyhIlQCYT5WV.jpg,https://image.tmdb.org/t/p/original/57yvMYtE7WwwbqYsyhIlQCYT5WV.jpg,"Sara is the perfect young housewife. When husband Hessam requires an expensive emergency operation abroad, it is she who works for the funds. For the next three years she labors secretly to pay the shady loan shark and save Hessam - until the truth is revealed and with it, the reality of her marriage.",5.6,,0,fallback,,,0,,gelisah,,,,
,هنرپیشه,هنرپیشه,,1993,Comedy | Drama,,,,,,https://image.tmdb.org/t/p/w500/tTZuwPnBVqNQt74ltKpmmJwIsBY.jpg,https://image.tmdb.org/t/p/original/tTZuwPnBVqNQt74ltKpmmJwIsBY.jpg,An Iranian actor named Akbar is trying to become a serious actor instead of the clown everyone considers him to be. However financial problems force him to abandon his dream of being an artistic actor. He also has to deal with his family problems and his wife's inability to become pregnant.,5.3,,0,fallback,,,0,,gelisah,,,,
,পদ্মা নদীর মাঝি,পদ্মা নদীর মাঝি,,1993,Drama,,,,,,https://image.tmdb.org/t/p/w500/8u9bUGLmrGURJoMoR50IulGNqki.jpg,https://image.tmdb.org/t/p/original/8u9bUGLmrGURJoMoR50IulGNqki.jpg,"Based on the timeless literary work by Manik Bandyopadhyay, Padma Nadir Majhi was directed by Gautam Ghosh. The movie illustrates the tumultuous lives of the fishermen and their families, living by the river Padma. Beautiful shots of the river, Ghosh's flair for realism and brilliant display of acting skills by noted actors of Bangladesh and West Bengal, including Utpal Dutt, Robi Ghosh, Abul Khayer, Raisul Islam Asad, Champa, and Rupa Ganguli, fetched the movie local and international honours.",,,0,,,,0,,sedih,,,,
2470,Belle Époque,Belle Époque,,1992,Comedy | Drama | Romance,,,,,,https://image.tmdb.org/t/p/w500/2pb7i9pI6wMH5dlyjbVTXdfSKun.jpg,https://image.tmdb.org/t/p/original/2pb7i9pI6wMH5dlyjbVTXdfSKun.jpg,"In 1931, a young soldier deserts from the army and falls into a country farm, where he is welcomed by the owner due to his political ideas. Manolo has four daughters, Fernando likes all of them and they like him, so he has to decide which one to love.",6.7,,206,TMDB,2026-05-18,6.7,0.998,Released,bahagia,https://www.youtube.com/watch?v=h_VuVKHPW8U,https://www.youtube.com/embed/h_VuVKHPW8U,h_VuVKHPW8U,Belle epoque (1992) [Trailer]
12772,Leap of Faith,Leap of Faith,,1992,Comedy | Drama | Romance,,,,,,https://image.tmdb.org/t/p/w500/iqIKuwQYdvoKKGFjjEPdXlUKYvk.jpg,https://image.tmdb.org/t/p/original/iqIKuwQYdvoKKGFjjEPdXlUKYvk.jpg,"Jonas Nightengale is a fraudulent Christian faith healer who makes a living travelling around America holding revival meetings and conducting 'miracles' with the help of his friend and manager, Jane, and their entourage.",5.8,,229,TMDB,2026-05-18,5.8,1.207,Released,bahagia,https://www.youtube.com/watch?v=rP6VDQ2J3QM,https://www.youtube.com/embed/rP6VDQ2J3QM,rP6VDQ2J3QM,Leap of Faith - Trailer
1883,Malcolm X,Malcolm X,,1992,Drama | History,,,,,,https://image.tmdb.org/t/p/w500/o2s9ow0uRRm1BcF3teznk5twd90.jpg,https://image.tmdb.org/t/p/original/o2s9ow0uRRm1BcF3teznk5twd90.jpg,"A tribute to the controversial black activist and leader of the struggle for black liberation. He hit bottom during his imprisonment in the '50s, he became a Black Muslim and then a leader in the Nation of Islam. His assassination in 1965 left a legacy of self-determination and racial pride.",7.6,,1898,TMDB,2026-05-18,7.6,4.852,Released,hidayah,https://www.youtube.com/watch?v=0hMpERkER6s,https://www.youtube.com/embed/0hMpERkER6s,0hMpERkER6s,UK 4K UHD Trailer
,Selubung,Selubung,,1992,Drama,,,,,,https://image.tmdb.org/t/p/w500/jStWsfiSPtGrxqt7GSFK5a4L7iZ.jpg,https://image.tmdb.org/t/p/original/jStWsfiSPtGrxqt7GSFK5a4L7iZ.jpg,"Mastura, who returns from her studies abroad, feels the loss of her good pal, E.J. who has chosen to follow the path of the religious extremist group led by Brother Musa. She decides to pick up voluntary work as her mission to promote good will for society. Halim, who has had experiences working abroad serving the Middle East, supports Mastura’s good intention and encourages her to join ‘Rescaid’, a volunteer organization. In her line of duty in helping the children refugees from Palestine, Mastura falls in love with Kamal, a divorcee who shares the cause she is pursuing. The success of a nation-wide charity concert promoted by Mastura and the team from ‘Rescaid’ becomes the pride of the locals, until one day, tragedy strikes unexpectedly. However, it does not kill Mastura’s determination to protect the fate of the unfortunate.",,,0,,,,0,,sedih,,,,
,الفاس فى الراس,الفاس فى الراس,,1992,Drama,,,,,,https://image.tmdb.org/t/p/w500/lUhZLT450w0vLNSjGWpZBYA2eVE.jpg,https://image.tmdb.org/t/p/original/lUhZLT450w0vLNSjGWpZBYA2eVE.jpg,"In one of the rural areas of Upper Egypt, the ""Najawi"" works on a ferry owned by the people to transport the people between the two banks of the river with symbolic reward, to get love and respect for everyone despite his poverty and satisfaction with the little he earns, and exchange love with the beautiful village ""Saadia"" So Saadia's family objected to the marriage of their daughter Najawi to his poverty",,,0,,,,0,,hidayah,,,,
65924,Isabelle Eberhardt,Isabelle Eberhardt,,1991,Drama | Adventure | History,,,,,,https://image.tmdb.org/t/p/w500/wV8Qbf1VuhE5Z2soth1U6iWNrw0.jpg,https://image.tmdb.org/t/p/original/wV8Qbf1VuhE5Z2soth1U6iWNrw0.jpg,"The true story of explorer, journalist and writer Isabelle Eberhardt, originally from Switzerland. She moved to Annaba in Algeria in 1897 with her mother, who preferred to live in the Algerian neighborhoods rather than the European neighborhoods that she hated, and converted to Islam. Her lifestyle shocked the French colonialists: she dressed like a man, frequented cafes and smoke shops. Fascinated by the desert, she traveled the Sahara under the identity of Si Mahmoud, she published articles and books on the world she discovered in southern Algeria, strongly criticizing the colonial authorities. Arriving in El Oued, the soldiers prevent him from continuing his journey. She disobeys and overhears officers shooting Arab prisoners. Arrested, she was accused of espionage and was expelled from Algeria. She married Slimane, a Muslim non-commissioned officer in 1901. Having become French through this marriage, she could now reside in Algeria.",5,,5,TMDB,2026-05-18,5,0.341,Released,hidayah,,,,
9585,Not Without My Daughter,Not Without My Daughter,,1991,Drama | Thriller,,,,,,https://image.tmdb.org/t/p/w500/aEMncPIHISpaIJmYaIstS0TVnb7.jpg,https://image.tmdb.org/t/p/original/aEMncPIHISpaIJmYaIstS0TVnb7.jpg,"An American woman, trapped in Islamic Iran by her brutish husband, must find a way to escape with her daughter as well.",6.7,,334,TMDB,2026-05-18,6.7,2.6,Released,hidayah,https://www.youtube.com/watch?v=5rEuC5Mx_gY,https://www.youtube.com/embed/5rEuC5Mx_gY,5rEuC5Mx_gY,Not Without My Daughter (1991) ORIGINAL TRAILER [HD]
8367,Robin Hood: Prince of Thieves,Robin Hood: Prince of Thieves,,1991,Action | Adventure | Drama,,,,,,https://image.tmdb.org/t/p/w500/hbRnWUNJkKKVN5mkcuC5ooqjE4e.jpg,https://image.tmdb.org/t/p/original/hbRnWUNJkKKVN5mkcuC5ooqjE4e.jpg,"Nobleman crusader Robin of Locksley breaks out of a Jerusalem prison with the help of Moorish fellow prisoner Azeem and travels back home to England. But upon arrival he discovers his dead father in the ruins of his family estate, killed by the vicious sheriff of Nottingham, Robin and Azeem join forces with outlaws Little John and Will Scarlett to save the kingdom from the sheriff's villainy.",6.9,,3571,TMDB,2026-05-18,6.9,5.375,Released,sedih,https://www.youtube.com/watch?v=DJSsMR5NUuc,https://www.youtube.com/embed/DJSsMR5NUuc,DJSsMR5NUuc,Trailer
1411,The Rapture,The Rapture,,1991,Mystery | Drama | Fantasy | Thriller,,,,,,https://image.tmdb.org/t/p/w500/4EkFm13ecqO0eszr7OKT8vf1YjJ.jpg,https://image.tmdb.org/t/p/original/4EkFm13ecqO0eszr7OKT8vf1YjJ.jpg,"A lonely telephone operator leading an empty, amoral life finds God – only to have her faith continually tested in ways beyond what she could have imagined.",5.7,,93,TMDB,2026-05-18,5.7,1.253,Released,gelisah,https://www.youtube.com/watch?v=QuttvF_nf48,https://www.youtube.com/embed/QuttvF_nf48,QuttvF_nf48,The Rapture (1991) - Trailer
,Küçük Balıklar Üzerine Bir Masal,Küçük Balıklar Üzerine Bir Masal,,1990,Drama | Romance,,,,,,https://image.tmdb.org/t/p/w500/gBr9JvI2zFsRupYtjYCRgpHAm1a.jpg,https://image.tmdb.org/t/p/original/gBr9JvI2zFsRupYtjYCRgpHAm1a.jpg,"Feryal and her husband Sinan have one rule in their relationship. They can have any relationship they want, but they must be honest about it. In a way, this is much more difficult than simply being faithful in marriage.",1,,0,fallback,,,0,,gelisah,,,,
20481,Nightbreed,Nightbreed,,1990,Horror | Fantasy,,,,,,https://image.tmdb.org/t/p/w500/1ChluYH0BEvJo3gtYoFHnMZI660.jpg,https://image.tmdb.org/t/p/original/1ChluYH0BEvJo3gtYoFHnMZI660.jpg,"A troubled young man is drawn to a mythical place called Midian where a variety of friendly monsters are hiding from humanity. Meanwhile, a sadistic serial killer is looking for a patsy.",6.4,,526,TMDB,2026-05-18,6.4,2.718,Released,gelisah,https://www.youtube.com/watch?v=55kw4xDCs3A,https://www.youtube.com/embed/55kw4xDCs3A,55kw4xDCs3A,Official Trailer
11587,The Exorcist III,The Exorcist III,,1990,Horror | Mystery,,,,,,https://image.tmdb.org/t/p/w500/rhSftgj3vwpIDSP8v67N8KEubmz.jpg,https://image.tmdb.org/t/p/original/rhSftgj3vwpIDSP8v67N8KEubmz.jpg,"On the fifteenth anniversary of the exorcism that claimed Father Damien Karras' life, Police Lieutenant Kinderman's world is once again shattered when a boy is found decapitated and savagely crucified.",6.3,,851,TMDB,2026-05-18,6.3,3.014,Released,gelisah,https://www.youtube.com/watch?v=BXsj26KH4jk,https://www.youtube.com/embed/BXsj26KH4jk,BXsj26KH4jk,Official Trailer
2323,Field of Dreams,Field of Dreams,,1989,Drama | Fantasy,,,,,,https://image.tmdb.org/t/p/w500/oeM7nAw6FVFICwUaXKCRkDsKjqO.jpg,https://image.tmdb.org/t/p/original/oeM7nAw6FVFICwUaXKCRkDsKjqO.jpg,"Ray Kinsella is an Iowa farmer who hears a mysterious voice telling him to turn his cornfield into a baseball diamond. He does, but the voice's directions don't stop -- even after the spirits of deceased ballplayers turn up to play.",7.1,,1659,TMDB,2026-05-18,7.1,3.922,Released,gelisah,https://www.youtube.com/watch?v=-jUOGhUqGdk,https://www.youtube.com/embed/-jUOGhUqGdk,-jUOGhUqGdk,Theatrical Trailer
89,Indiana Jones and the Last Crusade,Indiana Jones and the Last Crusade,,1989,Adventure | Action,,,,,,https://image.tmdb.org/t/p/w500/sizg1AU8f8JDZX4QIgE4pjUMBvx.jpg,https://image.tmdb.org/t/p/original/sizg1AU8f8JDZX4QIgE4pjUMBvx.jpg,"In 1938, an art collector appeals to eminent archaeologist Dr. Indiana Jones to embark on a search for the Holy Grail. Indy learns that a medieval historian has vanished while searching for it, and the missing man is his own father, Dr. Henry Jones Sr.. He sets out to rescue his father by following clues in the old man's notebook, which his father had mailed to him before he went missing. Indy arrives in Venice, where he enlists the help of a beautiful academic, Dr. Elsa Schneider, along with Marcus Brody and Sallah. Together they must stop the Nazis from recovering the power of eternal life and taking over the world!",7.8,,11039,TMDB,2026-05-18,7.8,9.756,Released,hidayah,https://www.youtube.com/watch?v=DKg36LBVgfg,https://www.youtube.com/embed/DKg36LBVgfg,DKg36LBVgfg,Paramount Movies Trailer
,Si Kabayan Saba Kota,Si Kabayan Saba Kota,,1989,Drama | Comedy,,,,,,https://image.tmdb.org/t/p/w500/5jJmHjZOaLo1kSmAoLKDrnMyItk.jpg,https://image.tmdb.org/t/p/original/5jJmHjZOaLo1kSmAoLKDrnMyItk.jpg,"Kabayan is influenced by a friend to go to the city. In the city, a girl, Saribanon, whose father has been helped by Kabayan when he is robbed, secretly falls in love with him. But he already has Iteung, his girlfriend in the village. The story of that relationship, combined with his adventure in the city, finally ends with Iteung and Kabayan’s marriage.",,,0,,,,0,,gelisah,,,,
,إسكندرية كمان وكمان,إسكندرية كمان وكمان,,1989,Drama,,,,,,https://image.tmdb.org/t/p/w500/p55iCAyRWFlzbb8m13g18VX17Cg.jpg,https://image.tmdb.org/t/p/original/p55iCAyRWFlzbb8m13g18VX17Cg.jpg,"Set in 1987 against the backdrop of a hunger strike by the Egyptian film industry, Chahine himself steps in to play Yehia, the famed Egyptian director whose life is chronicled in ""Alexandria, Why?"" and ""An Egyptian Story"". Obsessed with Amr, the handsome actor he discovered and cast as his alter-ego in parts one and two of The Alexandria Trilogy, Yehia pressures Amr to star in various film projects that change even as Yehia's perception of the young actor begins to change. He first casts Amr as Hamlet, which the actor deems too demanding for his talents, then as the lead in a musical biopic of demigod Alexander the Great, who founded the city of Alexandria in 332 B.C.",4.7,,0,fallback,,,0,,gelisah,,,,
,زرد قناری,زرد قناری,,1989,Comedy | Drama,,,,,,https://image.tmdb.org/t/p/w500/o33UJYYAU3HpVvZTOFowcL8lFls.jpg,https://image.tmdb.org/t/p/original/o33UJYYAU3HpVvZTOFowcL8lFls.jpg,"After spending all his money buying a piece of land that was already sold to someone else, Nasrallah Madadi finds himself in trouble. To solve his money problems, he then decides to be the offender of fraud rather than its victim. Getting himself involved with a pair of criminals, he begins a crooked business selling a same yellow taxi to different buyers, only to steal it back from them and sell it again. In a fascinating portrayal of human nature, Canary Yellow follows Nasrallah through the ups and downs of his double-sided experience of crime. But will it all end with the better life for his family he hopes for?",4.5,,0,fallback,,,0,,gelisah,,,,
14506,The Adventures of Baron Munchausen,The Adventures of Baron Munchausen,,1988,Fantasy | Adventure | Comedy,,,,,,https://image.tmdb.org/t/p/w500/oiOwGRqwrKpg1EMUlPgRjVC49bn.jpg,https://image.tmdb.org/t/p/original/oiOwGRqwrKpg1EMUlPgRjVC49bn.jpg,An account of Baron Munchausen's supposed travels and fantastical experiences with his band of misfits.,7,,1002,TMDB,2026-05-18,7,2.522,Released,bahagia,https://www.youtube.com/watch?v=vuqBKiKycbA,https://www.youtube.com/embed/vuqBKiKycbA,vuqBKiKycbA,The Adventures of the Baron of Munchausen
41968,The Deceivers,The Deceivers,,1988,Adventure,,,,,,https://image.tmdb.org/t/p/w500/dwno7eKJbzNZ2prc5wI1istvnyj.jpg,https://image.tmdb.org/t/p/original/dwno7eKJbzNZ2prc5wI1istvnyj.jpg,"India, 1825: the country lives in mortal fear of cult members known as the “Deceivers."" They commit robbery and ritualistic murder. Appalled by their activities, an English military man, Captain William Savage, conceives a hazardous plot to stop them. In disguise, he plans to himself become a “Deceiver” and infiltrate their numbers. Ever present in Savage’s adventures is a sense of dread; he is in constant fear of betrayal and vengeance and also undergoes a disturbing psychological transformation as he experiences the cult’s blood lust firsthand.",5.3,,33,TMDB,2026-05-18,5.3,0.468,Released,hidayah,https://www.youtube.com/watch?v=FQpHT3EvFYA,https://www.youtube.com/embed/FQpHT3EvFYA,FQpHT3EvFYA,Official US Trailer
11051,The Last Temptation of Christ,The Last Temptation of Christ,,1988,Drama,,,,,,https://image.tmdb.org/t/p/w500/7L4qwrC1mipZXJfU5oRgQWChLv1.jpg,https://image.tmdb.org/t/p/original/7L4qwrC1mipZXJfU5oRgQWChLv1.jpg,"Jesus, a humble Judean carpenter beginning to see that he is the son of God, is drawn into revolutionary action against the Roman occupiers by Judas -- despite his protestations that love, not violence, is the path to salvation. The burden of being the savior of mankind torments Jesus throughout his life, leading him to doubt.",7.2,,1186,TMDB,2026-05-18,7.2,2.953,Released,rindu,https://www.youtube.com/watch?v=DCqn0gkwLEM,https://www.youtube.com/embed/DCqn0gkwLEM,DCqn0gkwLEM,The Last Temptation of Christ - Trailer
34637,The Navigator: A Medieval Odyssey,The Navigator: A Medieval Odyssey,,1988,Adventure | Fantasy | Mystery,,,,,,https://image.tmdb.org/t/p/w500/u0aeBvYoaT98Q4IefWuStISdyuK.jpg,https://image.tmdb.org/t/p/original/u0aeBvYoaT98Q4IefWuStISdyuK.jpg,"Cumberland, 1348. The plague is spreading in medieval England. The remote village of little Griffin is also threatened. But the 9-year-old boy has a recurring dream that holds the key to a tiny hope of survival: a lake with a coffin floating on it. A white church with an iron cross. A falling glove. A falling silhouette. A torch tumble through a dark shaft into infinity. With his brother he recognizes in it a prophecy to escape the Black Death. So they embark with a few men on a journey to a distant cathedral, where they want to set up an iron cross as an offering to God. Her path leads them through a deep and dark mine shaft into an unknown land and completely outlandish time - into the present-day New Zealand of the 1980s.",6.2,,90,TMDB,2026-05-18,6.2,0.484,Released,sedih,https://www.youtube.com/watch?v=DGMVw-ptbTY,https://www.youtube.com/embed/DGMVw-ptbTY,DGMVw-ptbTY,"The Navigator: A Medieval Odyssey Original Trailer ( Vincent Ward, 1988)"
,Tjoet Nja' Dhien,Tjoet Nja' Dhien,,1988,Drama | War | History,,,,,,https://image.tmdb.org/t/p/w500/ttM6nSBRHcO5pRmcxnBFKHJ9AvF.jpg,https://image.tmdb.org/t/p/original/ttM6nSBRHcO5pRmcxnBFKHJ9AvF.jpg,"Set in 1896, ""Tjoet Nja' Dhien"" celebrates one of Indonesia's great heroes who fought for independence from the Dutch. The pious Muslim people of Aceh, a city that had flourished since ancient times as a trade port, enter into a fierce war with the Dutch. Tjoet Nja' Dhien, the widow of a rebel leader operating in Aceh in Sumatra, assumes the leadership when her husband Teuku Uma is killed in an ambush. Dhien's charismatic presence and power of survival motivate the locals to join and later continue their opposition to the Dutch. Despite personal obstacles, she remained in the thick of the struggle for ten years.",8,,0,fallback,,,0,,hidayah,,,,
,زلزال,زلزال,,1988,Drama | Comedy,,,,,,https://image.tmdb.org/t/p/w500/4W2DLUkJfhPH5BG1B23hpqvQNZl.jpg,https://image.tmdb.org/t/p/original/4W2DLUkJfhPH5BG1B23hpqvQNZl.jpg,"A simple and struggling young man falls in love with a young girl belonging to a rich family, and they decide to crown their relationship by marriage, but the girl's family stands against their marriage and tries to keep the young man out of their way, after discovering that he does not belong to a wealthy family like them.",,,0,,,,0,,gelisah,,,,
,كل هذا الحب,كل هذا الحب,,1988,Drama,,,,,,https://image.tmdb.org/t/p/w500/v5PWxrGXpOquvt4iYvdYab9k11k.jpg,https://image.tmdb.org/t/p/original/v5PWxrGXpOquvt4iYvdYab9k11k.jpg,"Nassif al-Leithi is a very loyal merchant for business colleague Hussein Zahran. Hussein Zahran was surprised by the betrayal of his wife and killed her. Nassif al-Leithi promises that his son Hussein will take care of his son Kamal while he is in prison. He dies in prison. Kamal grows up and works in the company of his father's friend Nasif. One of his sons, but the good treatment changed abruptly when Nasif noticed that his young daughter Wafa was fully impressed, refusing to share their marriage",,,0,,,,0,,gelisah,,,,
,Lalan Fakir,Lalan Fakir,,1987,Drama,,,,,,https://image.tmdb.org/t/p/w500/fwr22ibcugc3M0uKxB7hvgYu52X.jpg,https://image.tmdb.org/t/p/original/fwr22ibcugc3M0uKxB7hvgYu52X.jpg,"The heartwarming story of a fakir named Lalon Kar that traces his journey from being a family man to a wandering minstrel and how he spread the message of love everywhere. Note: Though poster art is in color, the movie is B&W.  And while released in '87, it had to have been filmed in '84 or earlier, since Baran died in Nov 1984",,,0,,,,0,,hidayah,,,,
,Mandala dari Sungai Ular,Mandala dari Sungai Ular,,1987,Action | Adventure | Drama,,,,,,https://image.tmdb.org/t/p/w500/r0yH9Zi3kzXMm6GTIV45cVbFEXE.jpg,https://image.tmdb.org/t/p/original/r0yH9Zi3kzXMm6GTIV45cVbFEXE.jpg,"In his wanderings, Mandala (Barry Prima) arrives in a village where a triad of Iron Heads are messing with him.  They are looking for Laot (Syaiful Nazar) who saved the book left by his teacher, Ki Banta (Syamsuri Kaempuan) who the three Iron Heads are looking for.  At the same time, Mandala also eradicates village robbers and sees Kupra (Syaiful Nazar), who is about to be hanged, because he is considered a robber.  Kupra is saved by Mandala, but then they split up.",,,0,,,,0,,gelisah,,,,
,Selamat Tinggal Jeanette,Selamat Tinggal Jeanette,,1987,Romance | Drama,,,,,,https://image.tmdb.org/t/p/w500/tftT7a6G9sYKdulJWyrHqCTyVhp.jpg,https://image.tmdb.org/t/p/original/tftT7a6G9sYKdulJWyrHqCTyVhp.jpg,"Suryono comes from Solo and is of royal descent. Jeannette a beautiful woman from France. Suryono took Jeannette to his hometown of Solo and finally got married, even though the marriage was not approved by Suryono's mother. The love between nations broke and Jeanette returned to France. Meanwhile Suryono, who was lonely, managed to ravish his servant, Trimah.",,,0,,,,0,,gelisah,,,,
442821,Test of Faith,Test of Faith,,1987,Drama,,,,,,,,Taylor Mitchell's Physics Professor insists he abandon his 'mythological religious approach' to creation.,8,,1,TMDB,2026-05-18,8,0.041,Released,gelisah,,,,
,خانه‌ی دوست کجاست؟,خانه‌ی دوست کجاست؟,,1987,Drama | Adventure,,,,,,https://image.tmdb.org/t/p/w500/2rTW4s1kgvoqVs0Kv8ARle1SrkF.jpg,https://image.tmdb.org/t/p/original/2rTW4s1kgvoqVs0Kv8ARle1SrkF.jpg,"An 8-year-old boy must return his friend's notebook he took by mistake, lest his friend be punished by expulsion from school.",7.9,,0,fallback,,,0,,gelisah,,,,
,ناخدا خورشید,ناخدا خورشید,,1987,Drama | Action,,,,,,https://image.tmdb.org/t/p/w500/fEuKqsZMPLmU8IcBrRdkaIJfXs3.jpg,https://image.tmdb.org/t/p/original/fEuKqsZMPLmU8IcBrRdkaIJfXs3.jpg,"Captain Khorshid is a sailor who although only having one hand, manages to sail his little boat. In his village, due to its hot climate and hard living conditions, dangerous criminals are sent into exile. They want to escape from the area, so they ask a middleman to strike a deal with Khorshid. Khorshid is asked to illegally take them out of the country with his boat. At first he is reluctant, but because of the hardships of living he accepts the job.",6.2,,0,fallback,,,0,,gelisah,,,,
,Baycot,Baycot,,1986,Drama,,,,,,https://image.tmdb.org/t/p/w500/xk6c9EgEzrnRB7nWaZHcC5P554N.jpg,https://image.tmdb.org/t/p/original/xk6c9EgEzrnRB7nWaZHcC5P554N.jpg,"Valeh, a member of a leftist organization, is arrested by the SAVAK and sentenced to death. In prison, he reconsiders his relationships with members of his political cell, and begins to doubt the validity of the ideas for which he is condemned. At the same time, his comrades pressure him to make a sacrifice for their cause, and his beloved wife experiences personal problems and economic hardships.",4.9,,0,fallback,,,0,,sedih,,,,
,Tsu Feh Sofiah,Tsu Feh Sofiah,,1986,Drama,,,,,,https://image.tmdb.org/t/p/w500/muEhihUU2mcWqpsoBgFq0cXm5f1.jpg,https://image.tmdb.org/t/p/original/muEhihUU2mcWqpsoBgFq0cXm5f1.jpg,"Tsu Feh, a Chinese female doctor, converted to Islam and changed her name to Sofiah. After opening her clinic, she took a vacation to an island, far from busy life. But she was very disappointed to know that the island once thought to be harmonious when its villagers often quarreled among themselves.",,,0,,,,0,,gelisah,,,,
,Usia Dalam Gejolak,Usia Dalam Gejolak,,1986,Drama,,,,,,https://image.tmdb.org/t/p/w500/1FdJwRMui40l63stRxldwjUWLT7.jpg,https://image.tmdb.org/t/p/original/1FdJwRMui40l63stRxldwjUWLT7.jpg,"With her marriage to the unfaithful Iskandar already in the toilet, Susy goes cougar and tries her luck with several younger men. Leading lady Suzzanna gets a brief reprieve from starring in nothing but horror flicks in this Private Lessons-inspired drama.",,,0,,,,0,,hidayah,,,,
,الحب فوق هضبة الهرم,الحب فوق هضبة الهرم,,1986,Drama | Romance,,,,,,https://image.tmdb.org/t/p/w500/wQqX5mBsLNUTBZkAITROqq1WHeC.jpg,https://image.tmdb.org/t/p/original/wQqX5mBsLNUTBZkAITROqq1WHeC.jpg,"The film puts the lights on the struggle of youngsters to afford a proper life for marriage. Through their small incomes, and the ordeal of finding a house in crowded Cairo, so it follows a young couple's longing for their simpliest dreams - to be together.",7.1,,0,fallback,,,0,,gelisah,,,,
,يوسف وزينب,يوسف وزينب,,1986,Drama,,,,,,https://image.tmdb.org/t/p/w500/2s5AflVlhYrDv1woVStOGfRD6Tl.jpg,https://image.tmdb.org/t/p/original/2s5AflVlhYrDv1woVStOGfRD6Tl.jpg,"The film revolves around the teacher (Youssef) left by his classmate and sweetheart schoolgirl (Laila Alawi) and marries a wealthy man who migrates to America, traveling in loan to work as an Arabic language teacher and Islamic religion in the capital of the Maldives or Maldive islands Which is located at the bottom of the Indian subcontinent in the heart of the Indian Ocean. He lives there with a librarian named Wahid who is fluent in Arabic. After a period they go to another remote island to attend a wedding. Yusuf is in love with the Indian Muslim girl Zainab..",,,0,,,,0,,gelisah,,,,
12775,Flesh + Blood,Flesh + Blood,,1985,Adventure | Drama,,,,,,https://image.tmdb.org/t/p/w500/bjUYC4uC82oASTMPkb6iGCYOO2e.jpg,https://image.tmdb.org/t/p/original/bjUYC4uC82oASTMPkb6iGCYOO2e.jpg,"A band of medieval mercenaries take revenge on a noble Lord who stiffs them by kidnapping the betrothed of the noble's son. As the plague and warfare cut a swathe of destruction throughout the land, the mercenaries hole up in a castle and await their fate.",6.6,,437,TMDB,2026-05-18,6.6,2.009,Released,marah,https://www.youtube.com/watch?v=4g_xqC4VBFQ,https://www.youtube.com/embed/4g_xqC4VBFQ,4g_xqC4VBFQ,Trailer
11240,My Beautiful Laundrette,My Beautiful Laundrette,,1985,Comedy | Drama | Romance,,,,,,https://image.tmdb.org/t/p/w500/hfGWxrtbRnxg19ouEYBtQKtMZcN.jpg,https://image.tmdb.org/t/p/original/hfGWxrtbRnxg19ouEYBtQKtMZcN.jpg,"A young Pakistani Briton manages a rundown laundrette with his lover while dealing with tension in his family, the local Pakistani community, and a persistent mob of skinheads.",6.7,,307,TMDB,2026-05-18,6.7,1.057,Released,bahagia,https://www.youtube.com/watch?v=O3yJ0H2HZ9c,https://www.youtube.com/embed/O3yJ0H2HZ9c,O3yJ0H2HZ9c,40th Anniversary | Official Trailer
21042,Otac na službenom putu,Otac na službenom putu,,1985,Drama,,,,,,https://image.tmdb.org/t/p/w500/jhTu6UwP32jPwiBccGAkZq0yqvV.jpg,https://image.tmdb.org/t/p/original/jhTu6UwP32jPwiBccGAkZq0yqvV.jpg,"In a post-WWII Yugoslavia still under Stalinist rule in the 1950s, six-year-old Malik is oblivious as to why his father, Mehmed, has suddenly disappeared. In truth, Mehmed has been sent to a labor camp as punishment for acts of sexual indiscretion involving young girls. Malik's mother, Senija, however, has no answers, and the family must cope in the father's absence.",7.3,,148,TMDB,2026-05-18,7.3,0.83,Released,hidayah,https://www.youtube.com/watch?v=pIu2fhlnsCc,https://www.youtube.com/embed/pIu2fhlnsCc,pIu2fhlnsCc,"When Father Was Away On Business [Otac Na Sluzbenom Putu] (1985), Yugoslavia - Emir Kusturica"
,Çıplak Vatandaş,Çıplak Vatandaş,,1985,Comedy | Drama,,,,,,https://image.tmdb.org/t/p/w500/mofgrvRQ41WomkXFNnBoVpFUTyR.jpg,https://image.tmdb.org/t/p/original/mofgrvRQ41WomkXFNnBoVpFUTyR.jpg,"A family man, driven to the edge by his inability to financially support his family, is found running about on the street naked. Suddenly, he turns into a nationwide celebrity and an inspiration for millions of people in poverty.",7.2,,0,fallback,,,0,,hidayah,,,,
,افهموني,افهموني,,1985,Comedy | TV Movie | Drama,,,,,,,,"About Nasser, who used to travel and live freely, then he thinks to get married from his friend’s daughter but he has hampered by impossible conditions set by her father so, Nasser returns to travel and forget the idea of marriage.",,,0,,,,0,,gelisah,,,,
11645,乱,乱,,1985,Action | Drama | History,,,,,,https://image.tmdb.org/t/p/w500/1gKWXRVgesduqHDfR8siXppfELO.jpg,https://image.tmdb.org/t/p/original/1gKWXRVgesduqHDfR8siXppfELO.jpg,Shakespeare's King Lear is reimagined as a singular historical epic set in sixteenth-century Japan where an aging warlord divides his kingdom between his three sons.,8,,1809,TMDB,2026-05-18,8,7.658,Released,marah,https://www.youtube.com/watch?v=29ukiH4_GvQ,https://www.youtube.com/embed/29ukiH4_GvQ,29ukiH4_GvQ,Ran (1985) Original Trailer [HD]
15927,A Passage to India,A Passage to India,,1984,Drama | Adventure | History,,,,,,https://image.tmdb.org/t/p/w500/rvBWlGRKte2U6qElHV13h6JvmSe.jpg,https://image.tmdb.org/t/p/original/rvBWlGRKte2U6qElHV13h6JvmSe.jpg,"Cultural mistrust and false accusations doom a friendship in British colonial India between an Indian doctor, an Englishwoman engaged to marry a city magistrate, and an English educator.",6.8,,326,TMDB,2026-05-18,6.8,1.445,Released,hidayah,https://www.youtube.com/watch?v=7mIHIofacDg,https://www.youtube.com/embed/7mIHIofacDg,7mIHIofacDg,A Passage to India Trailer
,Azura,Azura,,1984,Drama | Music | Romance,,,,,,https://image.tmdb.org/t/p/w500/4n7Efk6Hfd9nTiku4vqxND7Wx0a.jpg,https://image.tmdb.org/t/p/original/4n7Efk6Hfd9nTiku4vqxND7Wx0a.jpg,"A boy from a wealthy family is always socializing with the wrong group of friends. He is very mischief and always involved in gang fights. One day he met a girl and falls in love with her. The girl, Azura, later changed the boy's character and he became a good and well mannered boy. He proposed to Azura but thier marriage was objected by his parents because Azura comes from a poor family. Despite of his parents objection, he marries Azura and leaves behind all his family's wealth. He works as  a laborer to support Azura. Everything was perfect until one day Azura is found to be pregnant. Her husband suspects that the baby she is carrying does'nt belong to him. Misunderstanding then arise between them...",4,,0,fallback,,,0,,hidayah,,,,
,Fahriye Abla,Fahriye Abla,,1984,Drama,,,,,,https://image.tmdb.org/t/p/w500/sU1bK0nKZTykye7FpnBthwaQHIp.jpg,https://image.tmdb.org/t/p/original/sU1bK0nKZTykye7FpnBthwaQHIp.jpg,"A victim of a forced marriage who has stabbed her husband finishes her sentence. When she is released from the prison she starts working at a factory under harsh conditions. Soon a poet falls for her, and gives her a new hope in love.",7.1,,0,fallback,,,0,,gelisah,,,,
,استعاذه,استعاذه,,1984,Drama,,,,,,https://image.tmdb.org/t/p/w500/qhzAoUvD3sim6CIDHkzWUEnw4ks.jpg,https://image.tmdb.org/t/p/original/qhzAoUvD3sim6CIDHkzWUEnw4ks.jpg,"Five men escape to a remote island in order to fight the Devil. Four of them give into the temptations provided by the Devil, and die. However the last man is able to defeat the Devil by accepting God.",1,,0,fallback,,,0,,hidayah,,,,
,فتوة الناس الغلابة,فتوة الناس الغلابة,,1984,Drama | Fantasy,,,,,,https://image.tmdb.org/t/p/w500/6d6yNDyiJTLPdpDK0jkjKDk3B0h.jpg,https://image.tmdb.org/t/p/original/6d6yNDyiJTLPdpDK0jkjKDk3B0h.jpg,"The film follows Kamel, who opens a bookstore, and is continuously unsettled by Sayyed, the landlord, who wants to kick Kamel out and turn the store's specialty to garments. One day, Kamel finds an invisibility lace hidden in one of his old books, so he decides to use it in order to help his poor neighbors who were mistreated in any way.",4,,0,fallback,,,0,,gelisah,,,,
,کمال الملک,کمال الملک,,1984,Drama | History,,,,,,https://image.tmdb.org/t/p/w500/sfTvR49WVAnsPmBbE5JLFzXyDwV.jpg,https://image.tmdb.org/t/p/original/sfTvR49WVAnsPmBbE5JLFzXyDwV.jpg,"The movie chronicles the life of the famous painter Kamololmolk, and his relationship with various kings.",6.8,,0,fallback,,,0,,hidayah,,,,
1892,Return of the Jedi,Return of the Jedi,,1983,Adventure | Action | Science Fiction,,,,,,https://image.tmdb.org/t/p/w500/jQYlydvHm3kUix1f8prMucrplhm.jpg,https://image.tmdb.org/t/p/original/jQYlydvHm3kUix1f8prMucrplhm.jpg,"Luke Skywalker leads a mission to rescue his friend Han Solo from the clutches of Jabba the Hutt, the Emperor prepares to crush the Rebellion with a more powerful Death Star, and the Rebel fleet mounts a massive attack on the space station. Luke Skywalker confronts Darth Vader in a final climactic duel before the evil Emperor.",7.9,,16898,TMDB,2026-05-18,7.9,9.571,Released,sedih,https://www.youtube.com/watch?v=XgB4gaY2dWE,https://www.youtube.com/embed/XgB4gaY2dWE,XgB4gaY2dWE,Original Teaser Trailer
,الحريف,الحريف,,1983,Drama,,,,,,https://image.tmdb.org/t/p/w500/tCD7QbaWBwDh6i7Kl8T8tMTOn9u.jpg,https://image.tmdb.org/t/p/original/tCD7QbaWBwDh6i7Kl8T8tMTOn9u.jpg,"Fares, a shoe factory worker, has only one passion in life: football. He lives a humble life in a chaotic neighborhood where he plays street football to increase his income. However, neither his marriage nor his job is stable enough. He goes through a lot of problems due to his lack of self-discipline with his divorced wife and his son.",7.2,,0,fallback,,,0,,gelisah,,,,
,حاجی واشنگتن,حاجی واشنگتن,,1983,History | Comedy | Drama,,,,,,https://image.tmdb.org/t/p/w500/hHDsMgGvST3VZlu5TQIF0euPOr6.jpg,https://image.tmdb.org/t/p/original/hHDsMgGvST3VZlu5TQIF0euPOr6.jpg,"Hajji Hossein-Gholi Noori (Haji Baba) goes to Washington D.C. as the first Iranian (Persian) ambassador to the United States of America. After he opens the embassy, he is unable to invite statesmen to visit him. Haji fires the embassy staff due to the inability of the Persian government to meet the embassy's needs. One night he is visited by President Grover Cleveland.",5.4,,0,fallback,,,0,,sedih,,,,
,فرستاده,فرستاده,,1983,Drama,,,,,,https://image.tmdb.org/t/p/w500/dqo7LEppNbSEubalFLrSG7lmpnJ.jpg,https://image.tmdb.org/t/p/original/dqo7LEppNbSEubalFLrSG7lmpnJ.jpg,An Iranian assassin is sent to the United States to kill a former Iranian official who served under the Shah of Iran. The night before the assassination he find out that his target (Mr. Tabataie) has already been killed by a Muslim American Hassan Tantai (aka David Theodore Belfield). A prominent mullah residing in the U.S. find him a new assassination target.,6,,0,fallback,,,0,,gelisah,,,,
,ولا من شاف ولا من دري,ولا من شاف ولا من دري,,1983,Drama | Comedy,,,,,,https://image.tmdb.org/t/p/w500/9h7t273GRwpofTPhAtp30r9jgp2.jpg,https://image.tmdb.org/t/p/original/9h7t273GRwpofTPhAtp30r9jgp2.jpg,"The story revolves around Mursi (Adel Imam), a poor history teacher, married and suffering from an ambitious financial crisis in life, who gets involved with an old colleague at the university (Salwa), who runs her house for prostitution and hides him. Salwa uses the naiveté of Morsi to convince him that he attacked her He is drunk to press him to marry her pregnant.",5.6,,0,fallback,,,0,,gelisah,,,,
,Devdas,Devdas,,1982,Drama | Romance,,,,,,https://image.tmdb.org/t/p/w500/AhIJ9oLNbxg5HxZN78X2CrS7Rya.jpg,https://image.tmdb.org/t/p/original/AhIJ9oLNbxg5HxZN78X2CrS7Rya.jpg,Devdas is a Bengali-language film based on the Sharat Chandra Chattopadhyay novel Devdas. It is the first Bangladeshi version of the story and the first colour film version in Bangladesh. It was the first of two versions directed by Chashi Nazrul Islam.,2,,0,fallback,,,0,,gelisah,,,,
,Esok Untuk Siapa,Esok Untuk Siapa,,1982,Drama | Family,,,,,,https://image.tmdb.org/t/p/w500/sDOMa3ST2od82KUq57hRTWqGpCP.jpg,https://image.tmdb.org/t/p/original/sDOMa3ST2od82KUq57hRTWqGpCP.jpg,"Milah marries Jiman, the eldest son of the richest man in her village after her initial match make to his youngest son, Ehsan, falls through. Heart broken and unable to refuse the marriage due to parental pressure, Milah bids farewell to her sweetheart and makes him promise not to attend the wedding. He breaks his promise and this results in a chain of events leading to Ehsan's death and Jiman's permanent paralysis and insanity.",8,,0,fallback,,,0,,sedih,,,,
783,Gandhi,Gandhi,,1982,Drama | History,,,,,,https://image.tmdb.org/t/p/w500/rOXftt7SluxskrFrvU7qFJa5zeN.jpg,https://image.tmdb.org/t/p/original/rOXftt7SluxskrFrvU7qFJa5zeN.jpg,"In the early years of the 20th century, Mohandas K. Gandhi, a British-trained lawyer, forsakes all worldly possessions to take up the cause of Indian independence. Faced with armed resistance from the British government, Gandhi adopts a policy of 'passive resistance', endeavouring to win freedom for his people without resorting to bloodshed.",7.6,,2502,TMDB,2026-05-18,7.6,3.907,Released,hidayah,https://www.youtube.com/watch?v=vziq3CA_C30,https://www.youtube.com/embed/vziq3CA_C30,vziq3CA_C30,Gandhi (1982) Original Trailer [FHD]
15764,Sophie's Choice,Sophie's Choice,,1982,Drama | Romance | War,,,,,,https://image.tmdb.org/t/p/w500/rZDPbPTFwuKgr5b9jixGFNYkGYt.jpg,https://image.tmdb.org/t/p/original/rZDPbPTFwuKgr5b9jixGFNYkGYt.jpg,"Stingo, a young writer, moves to Brooklyn in 1947 to begin work on his first novel. As he becomes friendly with Sophie and her lover Nathan, he learns that she is a Holocaust survivor. Flashbacks reveal her harrowing story, from pre-war prosperity to Auschwitz. In the present, Sophie and Nathan's relationship increasingly unravels as Stingo grows closer to Sophie and Nathan's fragile mental state becomes ever more apparent.",7.3,,934,TMDB,2026-05-18,7.3,2.576,Released,rindu,https://www.youtube.com/watch?v=STPJVf6wqCk,https://www.youtube.com/embed/STPJVf6wqCk,STPJVf6wqCk,"Sophie's Choice Official Trailer #1 - Meryl Streep, Kevin Kline Movie (1982) HD"
,الخبز المر,الخبز المر,,1982,Drama | Family,,,,,,https://image.tmdb.org/t/p/w500/pt5TBKP9Uynn9kv3pd0be1lrsGB.jpg,https://image.tmdb.org/t/p/original/pt5TBKP9Uynn9kv3pd0be1lrsGB.jpg,"Aziza lives with her late stepmother Fahima and her husband Atris. Salem is working to save the amount of money to buy a dear land where his hometown Awad aspires. Fahima manages the price of the land and gives it to Salem to accelerate his marriage to Aziz, who is rivaled by students in her love. Students try to kill him and in his attempt to defend himself, Salem kills him. Awwad kills Radwan for revenge between the two families. As his brother Chases students to Salem, Atrees dies and Salem is injured in his arm.",7.5,,0,fallback,,,0,,gelisah,,,,
,مرگ یزدگرد,مرگ یزدگرد,,1982,History | Drama,,,,,,https://image.tmdb.org/t/p/w500/7CX0iN3bq9Twg2a1kusTe82dEI4.jpg,https://image.tmdb.org/t/p/original/7CX0iN3bq9Twg2a1kusTe82dEI4.jpg,"Bahram Beyzai's poetic imagining of the circumstances that led to the death of Yazdgerd III, the last of the Sassanid kings of Iran. His death in 651, during the Arab invasions that brought Islam to this Zoroastrian realm, was mysterious: his corpse was discovered in a mill, but the cause of his death—and the whereabouts of his remains—are unknown.",7.8,,0,fallback,,,0,,hidayah,,,,
9443,Chariots of Fire,Chariots of Fire,,1981,Drama | History,,,,,,https://image.tmdb.org/t/p/w500/qnRaum8k0HqGRml2i7OawFqUtEb.jpg,https://image.tmdb.org/t/p/original/qnRaum8k0HqGRml2i7OawFqUtEb.jpg,"In the class-obsessed and religiously divided UK of the early 1920s, two determined young runners train for the 1924 Paris Olympics. Eric Liddell, a devout Christian born to Scottish missionaries in China, sees running as part of his worship of God's glory and refuses to train or compete on the Sabbath. Harold Abrahams overcomes anti-Semitism and class bias, but neglects his beloved sweetheart in his single-minded quest.",6.8,,1037,TMDB,2026-05-18,6.8,3.377,Released,rindu,https://www.youtube.com/watch?v=AawHrbzbuMI,https://www.youtube.com/embed/AawHrbzbuMI,AawHrbzbuMI,Chariots of Fire - Trailer
21484,Possession,Possession,,1981,Horror,,,,,,https://image.tmdb.org/t/p/w500/dSxz8VWHVleJXdIce9D0ujkmJNI.jpg,https://image.tmdb.org/t/p/original/dSxz8VWHVleJXdIce9D0ujkmJNI.jpg,"A young woman left her family for an unspecified reason. The husband determines to find out the truth and starts following his wife. At first, he suspects that a man is involved. But gradually, he finds out more and more strange behaviors and bizarre incidents that indicate something more than a possessed love affair.",7.3,,1313,TMDB,2026-05-18,7.3,7.312,Released,gelisah,https://www.youtube.com/watch?v=aLXW-oVbTxE,https://www.youtube.com/embed/aLXW-oVbTxE,aLXW-oVbTxE,Official Trailer
85,Raiders of the Lost Ark,Raiders of the Lost Ark,,1981,Adventure | Action,,,,,,https://image.tmdb.org/t/p/w500/ceG9VzoRAVGwivFU403Wc3AHRys.jpg,https://image.tmdb.org/t/p/original/ceG9VzoRAVGwivFU403Wc3AHRys.jpg,"When Dr. Indiana Jones – the tweed-suited professor who just happens to be a celebrated archaeologist – is hired by the government to locate the legendary Ark of the Covenant, he finds himself up against the entire Nazi regime.",7.9,,13603,TMDB,2026-05-18,7.9,13.989,Released,gelisah,https://www.youtube.com/watch?v=0xQSIdSRlAk,https://www.youtube.com/embed/0xQSIdSRlAk,0xQSIdSRlAk,Paramount Movies Trailer
,Sekuntum Mawar Putih,Sekuntum Mawar Putih,,1981,Drama,,,,,,,,"Pringgo, a wealthy businessman, catches his fiancée making out with another man. In a frustrated state, Pringgo has a car accident. According to the doctors who treat him, Pringgo has to undergo surgery to cure his paralysis. But he doesn’t have the courage and loses the hope to live. While he is treated in a sanatorium, Pringgo gets acquainted with Astuti, a frustrated girl. They finally get married, although in the beginning the relationship is based on pity rather than love. Mrs. Heru, Pringgo’s sister, and Mrs. Brasti, head of Pringgo’s household, oppose this marriage. Mrs. Brasti manages to harm Astuti, which is found out by Pringgo. Then Mrs. Brasti is fired. Gradually he realises how much Astuti really loves him and not for the money he has. Thus Pringgo finds his life spirit back, and has the courage to undergo surgery.",,,0,,,,0,,gelisah,,,,
,Sumpah Semerah Padi,Sumpah Semerah Padi,,1981,Fantasy | Drama,,,,,,https://image.tmdb.org/t/p/w500/vdA3X1ik4SECROaip1kRBNyrRY9.jpg,https://image.tmdb.org/t/p/original/vdA3X1ik4SECROaip1kRBNyrRY9.jpg,"After successfully recapturing Semerah Padi from the terrorists who had killed his father Demang Satria, Adi Putra decides to rule Semerah Padi under the Islamic ruling. His ruling however wouldn't last for long. Adi Putra own lacked of reasoning will lead to his own downfall when someone accused his sister Kesuma to have an out of marriage relationship with his own best-friend Andika.",,,0,,,,0,,gelisah,,,,
,القادسية,القادسية,,1981,History | War | Drama,,,,,,https://image.tmdb.org/t/p/w500/k0dR76zJoA4Me7lK5QEOLoOUPs4.jpg,https://image.tmdb.org/t/p/original/k0dR76zJoA4Me7lK5QEOLoOUPs4.jpg,"A historical epic about the battle of Qadiseya, which was helmed by the Arabian knight Saad Ibn Abi Waqas, and which enabled Muslims from conquering Persia in 636 A.D.",,,0,,,,0,,hidayah,,,,
,بيروت اللقاء,بيروت اللقاء,,1981,War | Drama,,,,,,https://image.tmdb.org/t/p/w500/eAB3aeBmaqmchXjZPcPaovUFMDg.jpg,https://image.tmdb.org/t/p/original/eAB3aeBmaqmchXjZPcPaovUFMDg.jpg,"Zeina is a Catholic student whose good friend Haidar, a Muslim, has always been particularly close. After a futile attempt to get together (he gets caught in traffic), they each decide to make an audio tape trying to explain, based on their own ideas, why there continues to be fighting in Lebanon now, in 1977, and why they are against it. Zeina is about to leave for the United States and Haidar is to meet her at the airport, where they will exchange their tapes. Alas, fate intervenes because when he arrives early at the airport, he is harassed by someone looking to prey on gullible refugees and he gets so angry that he grabs a taxi out of there, throwing his tape away as he does so. When Zeina arrives and realizes he is not there, she is broken-hearted.",5.7,,0,fallback,,,0,,hidayah,,,,
,Melodi Cinta Rhoma Irama,Melodi Cinta Rhoma Irama,,1980,Drama | Romance,,,,,,https://image.tmdb.org/t/p/w500/9SGflCN7jXzLpD7T2BYo8B648sb.jpg,https://image.tmdb.org/t/p/original/9SGflCN7jXzLpD7T2BYo8B648sb.jpg,"If there is a typical Rhoma Irama formula, it’s a film with a love story, fights, six dangdut songs written by him and also a religious sermon.",,,0,,,,0,,hidayah,,,,
,البنات عايزة إيه,البنات عايزة إيه,,1980,Drama | Comedy | Romance,,,,,,https://image.tmdb.org/t/p/w500/l93u1fiPpWqnpIzUYEO4UDbELXA.jpg,https://image.tmdb.org/t/p/original/l93u1fiPpWqnpIzUYEO4UDbELXA.jpg,"Layla refuses to get married because she believes all men are liars especially after her sister's tragic suicide on her wedding day when her fiancé left her. Layla's father decides to put an end to her stubbornness and sends a letter that explains her problem to Ahmed who works as an editor for the local newspaper. His friend Kamal, a womanizer wants to settle down and find a wife. Ahmed suggests that Kamal should meet with Layla and ask for her hand in marriage, and both of them get engaged. When Layla discovers more on Kamal's past, she breaks off the engagement and the problems commence.",1,,0,fallback,,,0,,gelisah,,,,
11121,Tess,Tess,,1979,Drama | Romance,,,,,,https://image.tmdb.org/t/p/w500/xejUFnoAVxzvU95o2jlzG2USmY.jpg,https://image.tmdb.org/t/p/original/xejUFnoAVxzvU95o2jlzG2USmY.jpg,"A strong-willed peasant girl is sent by her father to the estate of some local aristocrats to capitalize on a rumour that their families are from the same line. This fateful visit commences an epic narrative of sex, class, betrayal, and revenge.",7.1,,379,TMDB,2026-05-18,7.1,1.913,Released,rindu,https://www.youtube.com/watch?v=hKZQ7xJvTgA,https://www.youtube.com/embed/hKZQ7xJvTgA,hKZQ7xJvTgA,Trailer
,الأسوار,الأسوار,,1979,Drama,,,,,,https://image.tmdb.org/t/p/w500/oKXO9287UEDuSpAsNsDeFYZGwnO.jpg,https://image.tmdb.org/t/p/original/oKXO9287UEDuSpAsNsDeFYZGwnO.jpg,"A simple family lives in Baghdad, led by a hardworking man named Sheikh Ali. He has a son named Abbas and a daughter named Najia. As Abbas matures, he falls in love with Majida. Yasin, Abbas's mother, seeks to arrange his marriage to Majida. This leads to a conflict between Yasin and Abbas, sparking the flames of revenge and a struggle for control over the family's commercial business.",,,0,,,,0,,gelisah,,,,
,خطيئة ملاك,خطيئة ملاك,,1979,Science Fiction | Fantasy | Drama | Romance,,,,,,https://image.tmdb.org/t/p/w500/ypJmSft2JMI4CdmndrA7khhGCEu.jpg,https://image.tmdb.org/t/p/original/ypJmSft2JMI4CdmndrA7khhGCEu.jpg,"A being from a different plane decides to come down on earth to see how human beings are living; over there he meets a evil man who try to manipulate him to his personal benefit. The angel comes to Tomar to live with the people of the earth and lives among human beings, gets to know the magician Solomon who discovers that Tomar has a magical eye and convinces him to work with him, Solomon covets in his wife's sister Jasmine and rapes her, Solomon exploits that Tomar does not have  His fingerprints persuade him to steal the treasury of the hotel where Solomon and Tomar present with them, but they fail to monitor the police for them.",5,,0,fallback,,,0,,gelisah,,,,
97029,Ceddo,Ceddo,,1978,Drama,,,,,,https://image.tmdb.org/t/p/w500/etYZJDjlFDFWEl57RiurNUiqwXV.jpg,https://image.tmdb.org/t/p/original/etYZJDjlFDFWEl57RiurNUiqwXV.jpg,"The Ceddo people try to preserve their traditional African culture against the onslaught of Islam, Christianity, and the slave trade. When King Demba War sides with the Muslims, the Ceddo kidnap his daughter, Princess Dior Yacine, to protest their forcible conversion to Islam.",6.8,,35,TMDB,2026-05-18,6.8,0.51,Released,hidayah,https://www.youtube.com/watch?v=2EPMDDZa6hQ,https://www.youtube.com/embed/2EPMDDZa6hQ,2EPMDDZa6hQ,Ceddo (1977) (Ousmane Sembène) We do not want to Convert to Islam !
47121,El sacerdote,El sacerdote,,1978,Drama,,,,,,https://image.tmdb.org/t/p/w500/8QcIE6PVyl34Gf2BCJx6YfcSwKm.jpg,https://image.tmdb.org/t/p/original/8QcIE6PVyl34Gf2BCJx6YfcSwKm.jpg,"Obsessed with fantasies of sex, Father Miguel seeks professional help through his church but they are not listening; thus leaving the Father in a dilemma; leaving the church or should he try, on his own, to surrender to these temptations?",6,,17,TMDB,2026-05-18,6,0.534,Released,gelisah,,,,
,انتبهوا أيها السادة,انتبهوا أيها السادة,,1978,Drama | Family,,,,,,https://image.tmdb.org/t/p/w500/fMiGrUSADWZjD0RAFOSR6sAbB3.jpg,https://image.tmdb.org/t/p/original/fMiGrUSADWZjD0RAFOSR6sAbB3.jpg,"Antar, the poor garbageman, falls in love with the daughter of a prominent lawyer, who is a resident at one of the buildings he's working in. Thinking that she's a maid, he proposes to her but her father insults him and throws him out. Antar decides to take revenge in his own way.",4.5,,0,fallback,,,0,,gelisah,,,,
204170,نوبة نساء جبل شنوة,نوبة نساء جبل شنوة,,1978,Drama | Documentary,,,,,,https://image.tmdb.org/t/p/w500/rW6CPySo1edcqe0n3rGPAhL9Onl.jpg,https://image.tmdb.org/t/p/original/rW6CPySo1edcqe0n3rGPAhL9Onl.jpg,"Writer and filmmaker Assia Djebar explores Algerian history, the psychological impact of war, and post-colonial female identity in this 1979 classic of film literature. Named for (and taking its structure from) a traditional song with five distinct movements, the film combines documentary-style observation with loose narrative form to tell the story of Lila, an Algerian expatriate returning to her country 15 years after independence has been won. In comparing her life with the lives and experiences of rural Algeriennes, Lila is able to put her childhood demons to rest and discover a new history -- one written in the ongoing strength of generations of women. Like much of Djebar's writing, the film has a strong subtext dealing with resistance to patriarchy and women's desire to appropriate the means of power and expression -- one of which, of course, is the filmmaker's camera.",6.6,,7,TMDB,2026-05-18,6.6,0.094,Released,marah,,,,
86727,Le Crabe-Tambour,Le Crabe-Tambour,,1977,Drama | War,,,,,,https://image.tmdb.org/t/p/w500/2ZVXzC749OScK1pBtlhW0wcIN3h.jpg,https://image.tmdb.org/t/p/original/2ZVXzC749OScK1pBtlhW0wcIN3h.jpg,"""Le Crabe Tambour"" (""Drummer Crab"") is the nickname for the mysterious central character, Willsdorff (Jacques Perrin), an Alsatian, whose doomed, out-of-date career is recalled through the tales of three naval officers currently serving aboard a French supply ship in the North Atlantic.",6.6,,69,TMDB,2026-05-18,6.6,0.304,Released,marah,,,,
32097,Le Diable probablement,Le Diable probablement,,1977,Drama,,,,,,https://image.tmdb.org/t/p/w500/8y00J2rVtxHntKMukkkzsYKQORe.jpg,https://image.tmdb.org/t/p/original/8y00J2rVtxHntKMukkkzsYKQORe.jpg,"Charles drifts through politics, religion and psychoanalysis, rejecting them all. Once he realises the depth of his disgust with the moral and physical decline of the society he lives in, he decides that suicide is the only option...",6.8,,132,TMDB,2026-05-18,6.8,0.639,Released,gelisah,https://www.youtube.com/watch?v=qJ0I09h1c2M,https://www.youtube.com/embed/qJ0I09h1c2M,qJ0I09h1c2M,"THE DEVIL, PROBABLY Trailer"
,Al-risâlah,Al-risâlah,,1976,History | Drama | Adventure | Action,,,,,,https://image.tmdb.org/t/p/w500/hQpLA5VtcUKlJ0M5UUI3JbxFBnX.jpg,https://image.tmdb.org/t/p/original/hQpLA5VtcUKlJ0M5UUI3JbxFBnX.jpg,"In sixth-century Mecca, Prophet Muhammad receives his first revelation from God as a messenger. Three years later, he's not alone in his quest and publicly declares his prophecy. Muhammad is fought by Abu Sufian and his wife Hind, rulers of Mecca. Muhammad's followers are hunted and tortured but he continues his calling.",8.6,,0,fallback,,,0,,gelisah,,,,
31579,God Told Me To,God Told Me To,,1976,Crime | Horror | Science Fiction,,,,,,https://image.tmdb.org/t/p/w500/nbUjhJGCuSiDiMaNJs2kCtTL7ag.jpg,https://image.tmdb.org/t/p/original/nbUjhJGCuSiDiMaNJs2kCtTL7ag.jpg,A New York detective investigates a series of murders committed by random citizens who claim that 'God told them to'.,5.8,,157,TMDB,2026-05-18,5.8,0.963,Released,gelisah,https://www.youtube.com/watch?v=X7mSo7_RY8o,https://www.youtube.com/embed/X7mSo7_RY8o,X7mSo7_RY8o,God Told Me To (1976) Original Trailer [FHD]
,Shaihu Umar,Shaihu Umar,,1976,Drama,,,,,,https://image.tmdb.org/t/p/w500/6bsdGUPZ8ieVWzi6M6waLoSFYLC.jpg,https://image.tmdb.org/t/p/original/6bsdGUPZ8ieVWzi6M6waLoSFYLC.jpg,"Set in northern Nigeria towards the end of the 19th century, Shaihu Umar begins with a discussion between Islamic students and their renowned teacher, the wise man Shaihu Umar. Asked about his origins, Umar begins to tell his story: he comes from a modest background and is separated from his mother after his father dies and his stepfather is banished. His subsequent trials and tribulations are marked by slavery, and he is put to any number of tests until he finally becomes the adopted son of his Arabic master Abdulkarim. He attends Quranic school and is made an imam upon reaching adulthood. Following a particular dream, he resolves to search for his mother.",,,0,,,,0,,hidayah,,,,
26842,The Message,The Message,,1976,Adventure | Drama | Action | History,,,,,,https://image.tmdb.org/t/p/w500/qVCBMg4ZuLPnWhIWJHD9IP4nIuY.jpg,https://image.tmdb.org/t/p/original/qVCBMg4ZuLPnWhIWJHD9IP4nIuY.jpg,"In sixth-century Mecca, Prophet Muhammad receives his first revelation from God as a messenger. Three years later, he's not alone in his quest and publicly declares his prophecy. Muhammad is fought by Abu Sufian and his wife Hind, rulers of Mecca. Muhammad's followers are hunted and tortured but he continues his calling.",7.2,,396,TMDB,2026-05-18,7.2,2.616,Released,hidayah,https://www.youtube.com/watch?v=NAm0AWFy3b0,https://www.youtube.com/embed/NAm0AWFy3b0,NAm0AWFy3b0,The Message 4K Restoration Arabic Version |2018| Official HD Trailer
,عرس الزين,عرس الزين,,1976,Drama,,,,,,,,"Everyone in his village believes that Zein is a simpleton, a half-wit, an amiable buffoon. Thus, his braying laughter and public declarations of love for village maidens only win laughter rather than anger, beatings or worse. However, Haneen, a wandering Muslim holy man, perceives something more in this figure of fun: genuine piety and an inner radiance, marked by a powerful spiritual intelligence. One other person sees more in Zein than most do- the beautiful, pious and sedate young girl in the village.",5,,0,fallback,,,0,,gelisah,,,,
,پسر ایران از مادرش بی‌اطلاع است,پسر ایران از مادرش بی‌اطلاع است,,1976,Drama,,,,,,https://image.tmdb.org/t/p/w500/2Oh8RCYHI2XfdGNrXdMTYywHrEK.jpg,https://image.tmdb.org/t/p/original/2Oh8RCYHI2XfdGNrXdMTYywHrEK.jpg,"A young playwright and director wants to write and perform a historical drama about faith in the Ashkani period of Iran. There is an incongruity between the man's personal life, and his quest to pursue and present history. The woman who lives with him believes he should not neglect their relationship when embarking on such a quest. The people who work with the playwright believe the play ought to be made popular to satisfy the public. Finally, this matter makes the playwright perform the play all by himself.",7.2,,0,fallback,,,0,,gelisah,,,,
,Mereka Kembali,Mereka Kembali,,1975,War | Documentary | Drama,,,,,,https://image.tmdb.org/t/p/w500/mGiCoemeDebnma9GF5TVSNCWN9U.jpg,https://image.tmdb.org/t/p/original/mGiCoemeDebnma9GF5TVSNCWN9U.jpg,"The ""Long March"" Story of the Siliwangi Division from Yogya returned to Bandung, when the Renville Agreement failed on 18 December 1948. Panglima Sudirman received the Siliwangi Division again. The long journey was a full and challenging journey, both against the Dutch, and also against the Darul Islam (DI) mob.",,,0,,,,0,,hidayah,,,,
,Palanka,Palanka,,1975,Drama,,,,,,https://image.tmdb.org/t/p/w500/1kYl4xZlfYSXi8LCIYo9KrvLja5.jpg,https://image.tmdb.org/t/p/original/1kYl4xZlfYSXi8LCIYo9KrvLja5.jpg,"Rajmohan remains in Pakistan at the time of partition and sells Maqbool a giant bed, which upsets the local Muslims.",8,,0,fallback,,,0,,gelisah,,,,
1943,Rosebud,Rosebud,,1975,Action | Thriller,,,,,,https://image.tmdb.org/t/p/w500/5NoT4BpyOIE5I1FRcIwjS6bHsvd.jpg,https://image.tmdb.org/t/p/original/5NoT4BpyOIE5I1FRcIwjS6bHsvd.jpg,In a bold coup a Palestinian terrorist group captures the yacht Rosebud and kidnaps the millionaires five daughters on it. At first they demand film clips to be shown on major European TV stations. Undercover agent Martin is hired to hunt the terrorists down.,5.2,,16,TMDB,2026-05-18,5.2,0.795,Released,gelisah,https://www.youtube.com/watch?v=_gW-ZefmPuI,https://www.youtube.com/embed/_gW-ZefmPuI,_gW-ZefmPuI,Rosebud (1975) Original Trailer [FHD]
,Towers of Silence,Towers of Silence,,1975,Drama,,,,,,https://image.tmdb.org/t/p/w500/gqhjObbGvhYZEeeTKxmmzb3zRmZ.jpg,https://image.tmdb.org/t/p/original/gqhjObbGvhYZEeeTKxmmzb3zRmZ.jpg,"A Pakistani boy develops into a young revolutionary and confronts love, religious conflict, and his own death through Zoroastrian rituals of purification.",5.9,,0,fallback,,,0,,sedih,,,,
,دو راه حل برای يک مسئله,دو راه حل برای يک مسئله,,1975,Family | Drama,,,,,,https://image.tmdb.org/t/p/w500/4LcjEVSRhoBblQGB49loHb8CLEe.jpg,https://image.tmdb.org/t/p/original/4LcjEVSRhoBblQGB49loHb8CLEe.jpg,"During breaktime, Dara and Nader have a fierce argument about a torn exercise book that the former has given back to the latter. There are two possible outcomes, which the film shows one after the other. One is that Dara wants to get his own back, and the two boys start a violent fight; the other is that they work together to mend the exercise book with a little glue.",5.7,,0,fallback,,,0,,hidayah,,,,
,يا رب توبة,يا رب توبة,,1975,Drama,,,,,,https://image.tmdb.org/t/p/w500/ufI1oPumVNkEDW78T10dIRsI0WO.jpg,https://image.tmdb.org/t/p/original/ufI1oPumVNkEDW78T10dIRsI0WO.jpg,"A Basha is furious when he learns that his son Zaki had an affair with his cousin Hosnia, he also knows that she's pregnant. He makes her marry Ibrahim, one of the peasants working in his land, who rejoices at first but after the sixth month of his marriage, he finds Hosnia giving birth to a child.",,,0,,,,0,,gelisah,,,,
,Atheis,Atheis,,1974,Drama,,,,,,https://image.tmdb.org/t/p/w500/RqO4JmKePd6IrtwjKMX1NhkQpZ.jpg,https://image.tmdb.org/t/p/original/RqO4JmKePd6IrtwjKMX1NhkQpZ.jpg,"Adapted from Achdiat Kartamihardja's novel of the same name. It follows a young Muslim man named Hasan who, through his interactions with others, loses his faith.",,,0,,,,0,,gelisah,,,,
,Bahisht,Bahisht,,1974,Family | Drama,,,,,,https://image.tmdb.org/t/p/w500/vq81Uze6C36NP9naWmyVmXL5rSQ.jpg,https://image.tmdb.org/t/p/original/vq81Uze6C36NP9naWmyVmXL5rSQ.jpg,"Khalid and Rehana come across each other in their college, where they fall for each other after the usual bantering, and get married. Rehana who belongs to an upper-class family in contrary to Khalid, faces hurdles in the marriage created by Sarkar Maa (Khalid's mother). She compromise and tries to save her married life, until she loses her unborn due to her mother-in-law's cruel behaviour. After the incident, she decides to separate from Khalid and leaves him.",,,0,,,,0,,gelisah,,,,
47406,Il fiore delle Mille e una notte,Il fiore delle Mille e una notte,,1974,Adventure | Fantasy,,,,,,https://image.tmdb.org/t/p/w500/zDrAREfrNvq5O10lHDDh529i143.jpg,https://image.tmdb.org/t/p/original/zDrAREfrNvq5O10lHDDh529i143.jpg,"The final part of Pasolini's Trilogy of Life series is rich with exotic tales of slaves and kings, potions, betrayals, demons and, most of all, love and lovemaking in all its myriad forms. Mysterious and liberating, this is an exquisitely dreamlike and adult interpretation of the original folk tales.",6.5,,227,TMDB,2026-05-18,6.5,1.489,Released,rindu,https://www.youtube.com/watch?v=OiTCXrAsYFA,https://www.youtube.com/embed/OiTCXrAsYFA,OiTCXrAsYFA,Arabian Nights (1974) ORIGINAL TRAILER [HD 1080p]
78546,L'anticristo,L'anticristo,,1974,Drama | Horror,,,,,,https://image.tmdb.org/t/p/w500/wsl0CCmhs1DNkqG9v45V2qqCv2N.jpg,https://image.tmdb.org/t/p/original/wsl0CCmhs1DNkqG9v45V2qqCv2N.jpg,An Italian nobleman seeks help after his paralyzed daughter becomes possessed by the spirit of a malevolent ancestress.,6.1,,107,TMDB,2026-05-18,6.1,0.898,Released,gelisah,https://www.youtube.com/watch?v=YeYr6YuqvDY,https://www.youtube.com/embed/YeYr6YuqvDY,YeYr6YuqvDY,The Antichrist (1974) - Trailer
135073,The Story of Jacob and Joseph,The Story of Jacob and Joseph,,1974,Drama | TV Movie,,,,,,https://image.tmdb.org/t/p/w500/9wH7JBlD4Xn8f6sMqrb31bXfVOv.jpg,https://image.tmdb.org/t/p/original/9wH7JBlD4Xn8f6sMqrb31bXfVOv.jpg,"This film recounts the tales of the Biblical figures, Jacob and Joseph. The first part tells the story of Jacob fleeing his tribe when he cheats his brother out of his birthright, gets cheated himself in his exile years while learning of the need to make amends. The second part is of the story of Jacob's favorite son, Joseph. Betrayed and sold into slavery by his brothers, he meets and overcomes all adversity to become the Prime Minister of Egypt, second only to the Pharaoh.",7,,2,TMDB,2026-05-18,7,0.719,Released,rindu,https://www.youtube.com/watch?v=Ya0nui4R1QA,https://www.youtube.com/embed/Ya0nui4R1QA,Ya0nui4R1QA,The Story Of Jacob And Joseph - Trailer
,أين عقلي,أين عقلي,,1974,Drama,,,,,,https://image.tmdb.org/t/p/w500/9gjoztFnkL3FjOdAcLke8Xbbw6Z.jpg,https://image.tmdb.org/t/p/original/9gjoztFnkL3FjOdAcLke8Xbbw6Z.jpg,"Aida's marriage is tested by secrets and cultural clash. Starring Soad Hosny, Mahmoud Yassin and Rushdy Abaza.",6.7,,0,fallback,,,0,,gelisah,,,,
,امرأة حائرة,امرأة حائرة,,1974,Drama,,,,,,https://image.tmdb.org/t/p/w500/lEs8GPlb6swPYaFawm96Kbc0T6K.jpg,https://image.tmdb.org/t/p/original/lEs8GPlb6swPYaFawm96Kbc0T6K.jpg,"A shepherdess falls in love with a wealthy young medical graduate. His mother disapproves of the relationship, so she devises a plan to keep her away from him. The plan succeeds, and the shepherdess is forced to marry an old rich man who loved her, but he dies shortly after the marriage, leaving her a fortune that a relative of his steals from her through trickery. On the train, she meets a cabaret pimp who takes her with her and they work in the cabaret.",,,0,,,,0,,gelisah,,,,
,شرافت,شرافت,,1974,Drama,,,,,,https://image.tmdb.org/t/p/w500/zHKC8gOkAGigd4Z2mqY2ONxg160.jpg,https://image.tmdb.org/t/p/original/zHKC8gOkAGigd4Z2mqY2ONxg160.jpg,"A poor woman dies due to her son's inability to provide necessary treatment, leading to him becoming a thief and falling in love with a girl.",,,0,,,,0,,gelisah,,,,
,ليس لهم وجود,ليس لهم وجود,,1974,Documentary | War,,,,,,https://image.tmdb.org/t/p/w500/AcZ0Pn1du1kvMoyXetJGtyPW18R.jpg,https://image.tmdb.org/t/p/original/AcZ0Pn1du1kvMoyXetJGtyPW18R.jpg,"Shooting under extraordinary conditions, the director, who worked with Godard on his ""Ici et Ailleurs"" (""Here and Elsewhere"") - this film was shot on the same 16mm camera - and founded the PLO's film division, covers conditions in Lebanon's refugee camps, the effects of Israeli bombardments, and the lives of guerrillas in training camps. ""They Do Not Exist"" is a stylistically unique work which explodes at the intersection between the political and the aesthetic.",8.1,,0,fallback,,,0,,hidayah,,,,
,Abar Tora Manush Ho,Abar Tora Manush Ho,,1973,War | Drama,,,,,,https://image.tmdb.org/t/p/w500/x6LSjFy7MWS2dYJ7hUMyfGhZbZA.jpg,https://image.tmdb.org/t/p/original/x6LSjFy7MWS2dYJ7hUMyfGhZbZA.jpg,"Abar Tora Manush Ho is a 1973 Bangladeshi film starring Maruf Ahmed, Bobita, Farooque and Raisul Islam Asad. Khan Ataur Rahman earned both Best Film and Best Director Award at Bangladesh National Film Awards.",,,0,,,,0,,hidayah,,,,
,Rabia,Rabia,,1973,Drama,,,,,,https://image.tmdb.org/t/p/w500/ty9hTldOaQqoWELZbnBhnoQSuWk.jpg,https://image.tmdb.org/t/p/original/ty9hTldOaQqoWELZbnBhnoQSuWk.jpg,Based on the life of female Muslim saint Rabia Basri.,7,,0,fallback,,,0,,gelisah,,,,
9552,The Exorcist,The Exorcist,,1973,Horror | Drama,,,,,,https://image.tmdb.org/t/p/w500/5x0CeVHJI8tcDx8tUUwYHQSNILq.jpg,https://image.tmdb.org/t/p/original/5x0CeVHJI8tcDx8tUUwYHQSNILq.jpg,"When a mysterious entity possesses a young girl, her mother seeks the help of two Catholic priests to save her life.",7.7,,8610,TMDB,2026-05-18,7.7,12.647,Released,gelisah,https://www.youtube.com/watch?v=BU2eYAO31Cc,https://www.youtube.com/embed/BU2eYAO31Cc,BU2eYAO31Cc,4K Ultra HD Official Trailer
,شيء من الحب,شيء من الحب,,1973,Drama | Comedy,,,,,,https://image.tmdb.org/t/p/w500/yCFoaSbGcpvC8AE0aS5seTYXobH.jpg,https://image.tmdb.org/t/p/original/yCFoaSbGcpvC8AE0aS5seTYXobH.jpg,"The two friends, Adel and Sharif, reside in one apartment, and Sharif falls in love with Enas and his exchange of feelings is the same, to ask her to marry her cousin Darwish, who suffers from mental problems, so that Darwish requires him to marry Salwa his friend Adel first for a week as a condition to complete the marriage, and events escalate.",8,,0,fallback,,,0,,gelisah,,,,
,তিতাস একটি নদীর নাম,তিতাস একটি নদীর নাম,,1973,Drama,,,,,,https://image.tmdb.org/t/p/w500/l9IO1a8dfVHRgMwBKXU4RNRtQBr.jpg,https://image.tmdb.org/t/p/original/l9IO1a8dfVHRgMwBKXU4RNRtQBr.jpg,An in-depth look at the lives and struggles of a fishing community living by the River Titas in Bangladesh after the Partition of India in 1947.,6.7,,0,fallback,,,0,,gelisah,,,,
,Mama,Mama,,1972,Drama,,,,,,https://image.tmdb.org/t/p/w500/kMfcZOsa8cgIs4Tv6ErXrubmVF4.jpg,https://image.tmdb.org/t/p/original/kMfcZOsa8cgIs4Tv6ErXrubmVF4.jpg,"Legendary directors Wim Umboh and Sjumandjaja, decided to experiment by producing a script being written at the same time of the shooting. Mama is a complex story with two seemingly unrelated narrative threads. The first story revolves around Sanca and Anani. The second is about Ulli and Pandji, and in between the two stories is a third narrative, about Ulla, a religious prostitute and Ulli’s sister, and Suwaka.",,,0,,,,0,,gelisah,,,,
551,The Poseidon Adventure,The Poseidon Adventure,,1972,Adventure | Drama | Thriller,,,,,,https://image.tmdb.org/t/p/w500/6RGiA5BfhelU9zoD0b1GAG4GWWf.jpg,https://image.tmdb.org/t/p/original/6RGiA5BfhelU9zoD0b1GAG4GWWf.jpg,"When their ocean liner capsizes, a group of passengers struggle to survive and escape.",7.1,,1003,TMDB,2026-05-18,7.1,4.011,Released,gelisah,https://www.youtube.com/watch?v=H_5w-WmSdz0,https://www.youtube.com/embed/H_5w-WmSdz0,H_5w-WmSdz0,Trailer
30892,The Ruling Class,The Ruling Class,,1972,Comedy | Drama,,,,,,https://image.tmdb.org/t/p/w500/29EZjwr3jDFWtdj9Lpq2BtCvKga.jpg,https://image.tmdb.org/t/p/original/29EZjwr3jDFWtdj9Lpq2BtCvKga.jpg,"When the Earl of Gurney dies in a cross-dressing accident, his schizophrenic son, Jack, inherits the Gurney estate. Jack is not the average nobleman; he sings and dances across the estate and thinks he is Jesus reincarnated. Believing that Jack is mentally unfit to own the estate, the Gurney family plots to steal Jack's inheritance. As their outrageous schemes fail, the family strives to cure Jack of his bizarre behavior, with disastrous results.",6.5,,96,TMDB,2026-05-18,6.5,0.924,Released,bahagia,https://www.youtube.com/watch?v=hvBsk_jJ7j0,https://www.youtube.com/embed/hvBsk_jJ7j0,hvBsk_jJ7j0,Criterion Trailer 132: The Ruling Class
10238,Viskningar och rop,Viskningar och rop,,1972,Drama,,,,,,https://image.tmdb.org/t/p/w500/a1bMgB09YDvvRN9SitCclUYragr.jpg,https://image.tmdb.org/t/p/original/a1bMgB09YDvvRN9SitCclUYragr.jpg,"As Agnes slowly dies of cancer, her sisters are so immersed in their own psychic pains that they are unable to offer her the support she needs.",7.9,,777,TMDB,2026-05-18,7.9,1.234,Released,sedih,https://www.youtube.com/watch?v=zc8f9ZlMnTU,https://www.youtube.com/embed/zc8f9ZlMnTU,zc8f9ZlMnTU,AFS Presents: Ingmar Bergman's Cries and Whispers
,آرامش در حضور دیگران,آرامش در حضور دیگران,,1972,Drama,,,,,,https://image.tmdb.org/t/p/w500/bKgevYI12VnhvVuQ7VlaokasGIL.jpg,https://image.tmdb.org/t/p/original/bKgevYI12VnhvVuQ7VlaokasGIL.jpg,"A colonel, who has two daughters working as nurses in Tehran, retires to a small city. The man marries a teacher from the provinces and goes with her to Tehran. However, he finds that his daughters have changed. The elder daughter eventually commits suicide and the younger daughter goes through an ill-fated marriage. The father, observing the problems of his children, goes insane and is confined to an asylum. For its political and social content, the film was banned by the government for several years.",5.2,,0,fallback,,,0,,gelisah,,,,
,المخدوعون,المخدوعون,,1972,Drama,,,,,,https://image.tmdb.org/t/p/w500/nTlH2e5htbqFkmYR2fgjD3gcVdK.jpg,https://image.tmdb.org/t/p/original/nTlH2e5htbqFkmYR2fgjD3gcVdK.jpg,"The film follows three Palestinian refugees brought together by dispossession and hope for a better future. Hiding in the tank of a truck, the men attempt to make their way across the border into Kuwait, the ""promised land.""",7.1,,0,fallback,,,0,,gelisah,,,,
,مقلب من المكسيك,مقلب من المكسيك,,1972,Drama | Family,,,,,,https://image.tmdb.org/t/p/w500/4PrjMw38GOc4aeOjr6a1yocr96Q.jpg,https://image.tmdb.org/t/p/original/4PrjMw38GOc4aeOjr6a1yocr96Q.jpg,"Tayseer, a conservative man, has grown with a particular hang-up caused by his sister's marriage without his consent. When a man proposes to his daughter Kawthar, Tayseer vehemently opposes their relationship, even if the two are deeply in love. Is it too late to rid him of his hang-up?",10,,0,fallback,,,0,,gelisah,,,,
,ওরা ১১ জন,ওরা ১১ জন,,1972,War | Drama | History,,,,,,https://image.tmdb.org/t/p/w500/5970NfOMWvGglPeMbRrmWJFYyZa.jpg,https://image.tmdb.org/t/p/original/5970NfOMWvGglPeMbRrmWJFYyZa.jpg,The drama is based on the Bangladesh Liberation War. Director Islam and lead actor Khasru were both members of Mukti Bahini. The movie is about the liberation war of Bangladesh in 1971. This historical movie talks about the sacrifices people had to make for the freedom of their country.,,,0,,,,0,,hidayah,,,,
,Bhanu Goenda Jahar Assistant,Bhanu Goenda Jahar Assistant,,1971,Drama | Comedy,,,,,,https://image.tmdb.org/t/p/w500/aByAFbpTFBcKlLRcuyAFQF1ZJgi.jpg,https://image.tmdb.org/t/p/original/aByAFbpTFBcKlLRcuyAFQF1ZJgi.jpg,"Nupur Chatterji has fled from her home in Delhi, resisting an arranged marriage with a man she dislikes. She comes to Calcutta to her college friend, but as her home is not safe she takes shelter in the house of one Anjan Mukherjee. Though initially annoyed, Anjan, a bachelor and a music director cum singer from Lucknow, comes to empathise with Nupur. In this situation enters the great detective Bhanu with Jahar, his assistant, for by now Dr. Digambar Chatterji has declared a prize money of ten thousand rupees for finding his missing daughter.",,,0,,,,0,,gelisah,,,,
,Gharnata,Gharnata,,1971,Drama | History | War,,,,,,https://image.tmdb.org/t/p/w500/20fcXwDXbgbmWhV9gOeZ0dRpiD.jpg,https://image.tmdb.org/t/p/original/20fcXwDXbgbmWhV9gOeZ0dRpiD.jpg,"Gharnata (Granada) was the last Muslim region in Spain, which was fall on January 2, 1492. The last Muslim ruler Emir Muhammad XII surrendered complete control to Fernando V and Isabella I, after the last battle of the Granada War.",,,0,,,,0,,hidayah,,,,
285992,Il sergente Klems,Il sergente Klems,,1971,Adventure,,,,,,https://image.tmdb.org/t/p/w500/A70Zu7kZqcrl5tr4aUFdotcj02w.jpg,https://image.tmdb.org/t/p/original/A70Zu7kZqcrl5tr4aUFdotcj02w.jpg,A man masquerading as a dead soldier seeks to desert his post and join the enemy in their struggle.,6.6,,4,TMDB,2026-05-18,6.6,0.198,Released,hidayah,,,,
40732,Utvandrarna,Utvandrarna,,1971,Drama | History | Western,,,,,,https://image.tmdb.org/t/p/w500/lsYcKVArVbz7afITdTiOEAznDCa.jpg,https://image.tmdb.org/t/p/original/lsYcKVArVbz7afITdTiOEAznDCa.jpg,"Karl and Kristina Nilsson work on a farm in a cold and desolate area of 19th century rural Sweden. Growing privations, combined with increasing social and religious persecution, motivate the Nilssons and many of their neighbors to strike out for the United States. Following a treacherous ocean crossing and an equally grueling land passage, the emigrants find themselves in seemingly idyllic Minnesota.",7.4,,124,TMDB,2026-05-18,7.4,0.637,Released,gelisah,https://www.youtube.com/watch?v=AgfJTnh1vc0,https://www.youtube.com/embed/AgfJTnh1vc0,AgfJTnh1vc0,The Emigrants (1971) Original Trailer [FHD]
,Güzel Şoför,Güzel Şoför,,1970,Drama | Romance | Comedy,,,,,,https://image.tmdb.org/t/p/w500/zVPlRw7cRgbyq54edHBT9EKg5ga.jpg,https://image.tmdb.org/t/p/original/zVPlRw7cRgbyq54edHBT9EKg5ga.jpg,"The film is about the life story of Fatma, a poor girl who lost her family in an accident, when she comes to Istanbul. Fatma comes to Istanbul from Tehran after the death of her family. His goal is to find his uncle here and inherit his father's inheritance from him.  Although Fatma finds her uncle, she cannot inherit her father and is forced to work as a maid in this house. His uncle's son Ali and Fatma fall in love with each other and decide to get married. Ali's family sends him to their factory in Iran to prevent this marriage. He also kicks Fatma out of the house.",2,,0,fallback,,,0,,sedih,,,,
,Selahattin Eyyubi,Selahattin Eyyubi,,1970,Adventure | Drama | History,,,,,,https://image.tmdb.org/t/p/w500/kXgUJFgzzRCLhGYjCZLOZUbLTuD.jpg,https://image.tmdb.org/t/p/original/kXgUJFgzzRCLhGYjCZLOZUbLTuD.jpg,"The film depicts the Christian West's attack on Jerusalem and the defense of Muslims led by Saladin. Believing that they will become rich and go to heaven if they capture Jerusalem, Christians led by Richard the Lionheart launch an attack. Saladin cannot find the support he expects from Muslim emirs. The Crusader armies are approaching Jerusalem, committing massacres along the way. Saladin, who has been wearing down the Crusaders with hit-and-run tactics for a long time, will defeat the Christians in the great battle and protect Jerusalem.",4.7,,0,fallback,,,0,,hidayah,,,,
143887,Дядя Ваня,Дядя Ваня,,1970,Drama,,,,,,https://image.tmdb.org/t/p/w500/pCTp7cNkB1ArFBfjgHsg4Ls0NTK.jpg,https://image.tmdb.org/t/p/original/pCTp7cNkB1ArFBfjgHsg4Ls0NTK.jpg,"Serebryakov, a retired professor and his beautiful, much younger second wife, Yeléna, visit their country estate, which funds their urban lifestyle. Vanya, brother of the Professor's first wife, who manages the farm estate, and the local Doctor Astrov, both fall under Yelena's spell, while complaining of the endless ennui of their provincial existence. Astrov is an experienced physician who performs his job conscientiously, but has lost all idealism and spends much of his time drinking. Sofya, the Professor's daughter by his first wife, who works to keep the estate going with her uncle Vanya, meanwhile suffers from lack of esteem over what she sees as her own lack of beauty, and from an unrequited love for Dr. Astrov. Matters are brought to a head when the Professor announces his intention to sell the estate, Vanya and Sofya's home, to achieve a higher income for himself and his wife.",6.8,,29,TMDB,2026-05-18,6.8,1.03,Released,bahagia,https://www.youtube.com/watch?v=iWYicPKyuNU,https://www.youtube.com/embed/iWYicPKyuNU,iWYicPKyuNU,"Uncle Vanya  (1970)  Great scene, Sergei Bondarchuk, Innokenti Smoktunovsky"
,آقای هالو,آقای هالو,,1970,Drama | Comedy,,,,,,https://image.tmdb.org/t/p/w500/4H5ZSgpDqpdcbcXMqsgeS2f38W8.jpg,https://image.tmdb.org/t/p/original/4H5ZSgpDqpdcbcXMqsgeS2f38W8.jpg,The story of a simple fellow from a small town who travels to Tehran to find a suitable girl for marriage.,4.9,,0,fallback,,,0,,gelisah,,,,
,عريس بنت الوزير,عريس بنت الوزير,,1970,Adventure | Comedy | Drama | History | Romance,,,,,,https://image.tmdb.org/t/p/w500/lYOkJ03rsvehKbx4Y6AiRnncO8f.jpg,https://image.tmdb.org/t/p/original/lYOkJ03rsvehKbx4Y6AiRnncO8f.jpg,"Amira, a flight attendant and daughter of a foreign minister, marries fellow pilot Hassan Ramzy. Her husband, pilot Hassan, disappears in mysterious circumstances on the wedding night. Amira grieves for a while, until she is pressured to get engaged to Kamal, who is also a pilot, and the marriage is agreed upon in Cairo, On the honeymoon, the bride’s father knows the return of the ex-husband, Hassan.",6,,0,fallback,,,0,,gelisah,,,,
48831,Ma nuit chez Maud,Ma nuit chez Maud,,1969,Romance | Comedy | Drama,,,,,,https://image.tmdb.org/t/p/w500/9usKgth3ROn4LwPQ7tTvxKnpBGL.jpg,https://image.tmdb.org/t/p/original/9usKgth3ROn4LwPQ7tTvxKnpBGL.jpg,"The Catholic Jean-Louis runs into an old friend, the Marxist Vidal, in Clermont-Ferrand around Christmas. Vidal introduces Jean-Louis to the modestly libertine, recently divorced Maud and the three engage in conversation on religion, atheism, love, morality and Blaise Pascal's life and writings on philosophy, faith and mathematics. Jean-Louis ends up spending a night at Maud's. Jean-Louis' Catholic views on marriage, fidelity and obligation make his situation a dilemma, as he has already, at the very beginning of the film, proclaimed his love for a young woman whom, however, he has never yet spoken to.",7.7,,354,TMDB,2026-05-18,7.7,1.085,Released,bahagia,https://www.youtube.com/watch?v=FD7ONauhqsg,https://www.youtube.com/embed/FD7ONauhqsg,FD7ONauhqsg,My Night at Maud's (1969) Trailer | Director: Éric Rohmer
3116,Midnight Cowboy,Midnight Cowboy,,1969,Drama,,,,,,https://image.tmdb.org/t/p/w500/ckklq45UxUkwgHve9xItXqXr06r.jpg,https://image.tmdb.org/t/p/original/ckklq45UxUkwgHve9xItXqXr06r.jpg,"Joe Buck is a wide-eyed hustler from Texas hoping to score big with wealthy New York City women; he finds a companion in Enrico ""Ratso"" Rizzo, an ailing swindler with a bum leg and a quixotic fantasy of escaping to Florida.",7.5,,1593,TMDB,2026-05-18,7.5,3.787,Released,gelisah,https://www.youtube.com/watch?v=o29GST0Lj28,https://www.youtube.com/embed/o29GST0Lj28,o29GST0Lj28,Official Trailer
42628,吸血鬼ゴケミドロ,吸血鬼ゴケミドロ,,1968,Horror | Science Fiction,,,,,,https://image.tmdb.org/t/p/w500/tjBZ1HdYBskrsRMacQHmmv9uQ2A.jpg,https://image.tmdb.org/t/p/original/tjBZ1HdYBskrsRMacQHmmv9uQ2A.jpg,The survivors of a plane crash in a remote area are attacked by blob-like alien creatures that turn their victims into blood-thirsty vampires.,5.8,,57,TMDB,2026-05-18,5.8,1.022,Released,gelisah,https://www.youtube.com/watch?v=GT8ge_M2qsU,https://www.youtube.com/embed/GT8ge_M2qsU,GT8ge_M2qsU,"""Body Snatcher from Hell"" U.S. theatrical trailer"
45694,Der junge Törless,Der junge Törless,,1966,Drama,,,,,,https://image.tmdb.org/t/p/w500/rJWcKXABcww5u2kgPEQTYQ85G7d.jpg,https://image.tmdb.org/t/p/original/rJWcKXABcww5u2kgPEQTYQ85G7d.jpg,"At an Austrian boys' boarding school in the early 1900s, shy, intelligent Törless observes the sadistic behavior of his fellow students, doing nothing to help a victimized classmate—until the torture goes too far. Adapted from Robert Musil's acclaimed novel, Young Törless launched the New German Cinema movement and garnered the 1966 Cannes Film Festival International Critics' Prize for first-time director Volker Schlöndorff.",6.6,,60,TMDB,2026-05-18,6.6,0.793,Released,sedih,https://www.youtube.com/watch?v=Oz_RsCiz6Ns,https://www.youtube.com/embed/Oz_RsCiz6Ns,Oz_RsCiz6Ns,Trailer Young Torless
29710,Khartoum,Khartoum,,1966,History | War | Adventure,,,,,,https://image.tmdb.org/t/p/w500/lcqulOKVAPkyEbvvYtPYgVQazWD.jpg,https://image.tmdb.org/t/p/original/lcqulOKVAPkyEbvvYtPYgVQazWD.jpg,"English General Charles George Gordon is appointed military governor of Anglo-Egyptian Sudan by the Prime Minister. Ordered to evacuate Egyptians from the Sudan, Gordon stays on to protect the people of Khartoum, who are under threat of being conquered by a Muslim army.",6.3,,125,TMDB,2026-05-18,6.3,1.164,Released,hidayah,https://www.youtube.com/watch?v=M6-fSbcFGcs,https://www.youtube.com/embed/M6-fSbcFGcs,M6-fSbcFGcs,Khartoum (1966) ORIGINAL TRAILER [HD 1080p]
17295,La battaglia di Algeri,La battaglia di Algeri,,1966,Drama | War | History,,,,,,https://image.tmdb.org/t/p/w500/2p3AFtOHFvP6OeVMqlnL1zLKOqL.jpg,https://image.tmdb.org/t/p/original/2p3AFtOHFvP6OeVMqlnL1zLKOqL.jpg,"Paratrooper commander Colonel Mathieu, a former French Resistance fighter during World War II, is sent to Algeria to reinforce efforts to squelch the uprisings of the Algerian War. There he faces Ali la Pointe, a former petty criminal who, as the leader of the Algerian Front de Liberation Nationale, directs terror strategies against the colonial French government occupation. As each side resorts to ever-increasing brutality, no violent act is too unthinkable.",7.9,,892,TMDB,2026-05-18,7.9,1.849,Released,marah,https://www.youtube.com/watch?v=vhhoS3zOskE,https://www.youtube.com/embed/vhhoS3zOskE,vhhoS3zOskE,The Battle of Algiers - Trailer
895,Андрей Рублёв,Андрей Рублёв,,1966,Drama | History,,,,,,https://image.tmdb.org/t/p/w500/910xRIUmNJrWH2hkQifBJtoPp5R.jpg,https://image.tmdb.org/t/p/original/910xRIUmNJrWH2hkQifBJtoPp5R.jpg,"An expansive Russian drama, this film focuses on the life of revered religious icon painter Andrei Rublev. Drifting from place to place in a tumultuous era, the peace-seeking monk eventually gains a reputation for his art. But after Rublev witnesses a brutal battle and unintentionally becomes involved, he takes a vow of silence and spends time away from his work. As he begins to ease his troubled soul, he takes steps towards becoming a painter once again.",8,,942,TMDB,2026-05-18,8,2.862,Released,marah,https://www.youtube.com/watch?v=t1d5FSyMEd8,https://www.youtube.com/embed/t1d5FSyMEd8,t1d5FSyMEd8,Trailer
24192,Il vangelo secondo Matteo,Il vangelo secondo Matteo,,1965,Drama,,,,,,https://image.tmdb.org/t/p/w500/oifi2CQkKbb6Y2x6J5K6CjaKab9.jpg,https://image.tmdb.org/t/p/original/oifi2CQkKbb6Y2x6J5K6CjaKab9.jpg,"Along a rocky, barren coastline, Jesus begins teaching, primarily using parables. He attracts disciples; he's stern, brusque, and demanding. His parables often take on the powers that be, so he and his teachings come to the attention of the Pharisees, the chief priests, and elders. They conspire to have him arrested, beaten, tried, and crucified, just as he prophesied to his followers.",7.4,,412,TMDB,2026-05-18,7.4,1.001,Released,gelisah,https://www.youtube.com/watch?v=xEs4g9A9HGc,https://www.youtube.com/embed/xEs4g9A9HGc,xEs4g9A9HGc,The Gospel According to Matthew (1964) - trailer
11387,Lord Jim,Lord Jim,,1965,Adventure | Drama | Romance,,,,,,https://image.tmdb.org/t/p/w500/hgoxcPLJYYqDIlFDl7pnndcm9MT.jpg,https://image.tmdb.org/t/p/original/hgoxcPLJYYqDIlFDl7pnndcm9MT.jpg,"After being discredited as a coward, a 19th century seaman lives for only one purpose: to redeem himself.  Preserved by the Academy Film Archive in partnership with Sony Pictures Entertainment in 2000.",6.8,,83,TMDB,2026-05-18,6.8,0.942,Released,rindu,https://www.youtube.com/watch?v=UyaorFJUqIY,https://www.youtube.com/embed/UyaorFJUqIY,UyaorFJUqIY,Trailer Lord Jim 1965
2786,Pierrot le fou,Pierrot le fou,,1965,Drama | Romance | Crime,,,,,,https://image.tmdb.org/t/p/w500/i124H6iQB4CawrgFW9aZaZs7OBO.jpg,https://image.tmdb.org/t/p/original/i124H6iQB4CawrgFW9aZaZs7OBO.jpg,"Pierrot escapes his boring society and travels from Paris to the Mediterranean Sea with Marianne, a girl chased by hit-men from Algeria. They lead an unorthodox life, always on the run.",7.3,,939,TMDB,2026-05-18,7.3,2.45,Released,rindu,https://www.youtube.com/watch?v=TVvhJrrgfs0,https://www.youtube.com/embed/TVvhJrrgfs0,TVvhJrrgfs0,Pierrot Le Fou - Trailer
36265,Simón del desierto,Simón del desierto,,1965,Comedy | Drama | Fantasy,,,,,,https://image.tmdb.org/t/p/w500/ysTa1FtL9DvQ90F6VGVoiOdp5NM.jpg,https://image.tmdb.org/t/p/original/ysTa1FtL9DvQ90F6VGVoiOdp5NM.jpg,"Simon, a deeply religious man living in the 4th century, wants to be nearer to God so he climbs a column. The Devil wants him come down to Earth and is trying to seduce him.",7.6,,238,TMDB,2026-05-18,7.6,0.571,Released,bahagia,https://www.youtube.com/watch?v=iNrIUANm50s,https://www.youtube.com/embed/iNrIUANm50s,iNrIUANm50s,Simon of the desert | Trailer | Indiecinema
15875,Donovan's Reef,Donovan's Reef,,1963,Adventure | Comedy | Romance,,,,,,https://image.tmdb.org/t/p/w500/xxZ6VUmnsxNiMa812IP3ohUf3BS.jpg,https://image.tmdb.org/t/p/original/xxZ6VUmnsxNiMa812IP3ohUf3BS.jpg,"After her great aunt's death, a high-society woman arrives on a Hawaiian island in search of the heir - the father she has never met.",6.3,,157,TMDB,2026-05-18,6.3,1.503,Released,bahagia,https://www.youtube.com/watch?v=fxCDQVh89bE,https://www.youtube.com/embed/fxCDQVh89bE,fxCDQVh89bE,Donovan's Reef (1963) - Official Trailer
657,From Russia with Love,From Russia with Love,,1963,Action | Thriller | Adventure,,,,,,https://image.tmdb.org/t/p/w500/zx4V17FP8oclNvOpTgs2iCCtiYk.jpg,https://image.tmdb.org/t/p/original/zx4V17FP8oclNvOpTgs2iCCtiYk.jpg,"Agent 007 is back in the second installment of the James Bond series, this time battling a secret crime organization known as SPECTRE. Russians Rosa Klebb and Kronsteen are out to snatch a decoding device known as the Lektor, using the ravishing Tatiana to lure Bond into helping them. Bond willingly travels to meet Tatiana in Istanbul, where he must rely on his wits to escape with his life in a series of deadly encounters with the enemy.",7.1,,3354,TMDB,2026-05-18,7.1,5.621,Released,gelisah,https://www.youtube.com/watch?v=t9AeIdMQqR8,https://www.youtube.com/embed/t9AeIdMQqR8,t9AeIdMQqR8,From Russia With Love (1963) Official Trailer - Sean Connery James Bond Movie HD
38805,Lilies of the Field,Lilies of the Field,,1963,Comedy | Drama,,,,,,https://image.tmdb.org/t/p/w500/gYoVx2m8NP2hTWnEpwNeROIWrQ4.jpg,https://image.tmdb.org/t/p/original/gYoVx2m8NP2hTWnEpwNeROIWrQ4.jpg,"An unemployed construction worker heading out west stops at a remote farm in the desert to get water when his car overheats. The farm is being worked by a group of East European Catholic nuns, headed by the strict mother superior, who believes the man has been sent by God to build a much needed church in the desert.",7.2,,220,TMDB,2026-05-18,7.2,1.009,Released,bahagia,https://www.youtube.com/watch?v=l5G_dQZE01o,https://www.youtube.com/embed/l5G_dQZE01o,l5G_dQZE01o,Lilies of the Field (1963) Original Trailer [FHD]
29455,Nattvardsgästerna,Nattvardsgästerna,,1963,Drama,,,,,,https://image.tmdb.org/t/p/w500/wDxrEssdjFWYwIZLbr06RQNcg1q.jpg,https://image.tmdb.org/t/p/original/wDxrEssdjFWYwIZLbr06RQNcg1q.jpg,"A Swedish pastor fails a loving woman, a suicidal fisherman and God.",7.9,,498,TMDB,2026-05-18,7.9,1.001,Released,sedih,https://www.youtube.com/watch?v=S_ihGR6Wung,https://www.youtube.com/embed/S_ihGR6Wung,S_ihGR6Wung,Winter Light (1963) ORIGINAL TRAILER [HD 1080p]
3010,The Cardinal,The Cardinal,,1963,Drama | History | War,,,,,,https://image.tmdb.org/t/p/w500/y23FoRE97IH9bHFo2OBP5IkKnLq.jpg,https://image.tmdb.org/t/p/original/y23FoRE97IH9bHFo2OBP5IkKnLq.jpg,"A young Catholic priest from Boston confronts bigotry, Nazism, and his own personal conflicts as he rises to the office of cardinal.",6.6,,48,TMDB,2026-05-18,6.6,0.942,Released,marah,https://www.youtube.com/watch?v=Bz7CLziCEUk,https://www.youtube.com/embed/Bz7CLziCEUk,Bz7CLziCEUk,The Cardinal - Trailer
11506,Tystnaden,Tystnaden,,1963,Drama | Romance,,,,,,https://image.tmdb.org/t/p/w500/2KkHAsBVZVoMO1Zauvm5rFSxp09.jpg,https://image.tmdb.org/t/p/original/2KkHAsBVZVoMO1Zauvm5rFSxp09.jpg,"Traveling through an unnamed European country on the brink of war, sickly, intellectual Ester, her sister Anna and Anna's young son, Johan, check into a near-empty hotel. A basic inability to communicate among the three seems only to worsen during their stay. Anna provokes her sister by enjoying a dalliance with a local man, while the boy, left to himself, has a series of enigmatic encounters that heighten the growing air of isolation.",7.5,,400,TMDB,2026-05-18,7.5,1.239,Released,rindu,https://www.youtube.com/watch?v=xddkAomes8k,https://www.youtube.com/embed/xddkAomes8k,xddkAomes8k,The Silence (1963) Original Trailer [FHD]
46800,الناصر صلاح الدين,الناصر صلاح الدين,,1963,Drama | War | History,,,,,,https://image.tmdb.org/t/p/w500/uDk3uzR7Yp5PjcdPCZwsQHr26JX.jpg,https://image.tmdb.org/t/p/original/uDk3uzR7Yp5PjcdPCZwsQHr26JX.jpg,The first Sultan of Egypt and Syria leads the Muslim military campaign against the invading Christians from Europe during the Third Crusade.,7.3,,35,TMDB,2026-05-18,7.3,1.461,Released,hidayah,,,,
947,Lawrence of Arabia,Lawrence of Arabia,,1962,Adventure | History | War,,,,,,https://image.tmdb.org/t/p/w500/AiAm0EtDvyGqNpVoieRw4u65vD1.jpg,https://image.tmdb.org/t/p/original/AiAm0EtDvyGqNpVoieRw4u65vD1.jpg,"During World War I, English officer Thomas Edward 'T.E.' Lawrence sets out to unite and lead the diverse, often warring, Arab tribes to fight the Turks.",8,,3412,TMDB,2026-05-18,8,6.898,Released,marah,https://www.youtube.com/watch?v=KR1yTI8zFJk,https://www.youtube.com/embed/KR1yTI8zFJk,KR1yTI8zFJk,Fathom Events Trailer
4497,Viridiana,Viridiana,,1962,Drama,,,,,,https://image.tmdb.org/t/p/w500/mYPuSx5JwL8AdTwS1iQW4Un1cYP.jpg,https://image.tmdb.org/t/p/original/mYPuSx5JwL8AdTwS1iQW4Un1cYP.jpg,"Viridiana is preparing to start her life as a nun when she is sent, somewhat unwillingly, to visit her aging uncle, Don Jaime. He supports her; but the two have met only once. Jaime thinks Viridiana resembles his dead wife. Viridiana has secretly despised this man all her life and finds her worst fears proven when Jaime grows determined to seduce his pure niece. Viridiana becomes undone as her uncle upends the plans she had made to join the convent.",7.7,,550,TMDB,2026-05-18,7.7,1.731,Released,gelisah,https://www.youtube.com/watch?v=XlQ3E6wFlzY,https://www.youtube.com/embed/XlQ3E6wFlzY,XlQ3E6wFlzY,Official 4K Restoration Trailer
110299,Angel Baby,Angel Baby,,1961,Drama,,,,,,https://image.tmdb.org/t/p/w500/ey6U87Hv1YxNhTxTElJSHzaiN2d.jpg,https://image.tmdb.org/t/p/original/ey6U87Hv1YxNhTxTElJSHzaiN2d.jpg,A woman who believes she has been chosen by God to heal people is taken in by a greedy promoter and his shrewish wife to make the rounds of the rural South.,6.1,,12,TMDB,2026-05-18,6.1,0.532,Released,rindu,https://www.youtube.com/watch?v=xQa84afUblc,https://www.youtube.com/embed/xQa84afUblc,xQa84afUblc,Angel Baby - Trailer
63892,"Léon Morin, prêtre","Léon Morin, prêtre",,1961,Drama | Romance,,,,,,https://image.tmdb.org/t/p/w500/i89R891gei0UVS8xY6ymOUPExtW.jpg,https://image.tmdb.org/t/p/original/i89R891gei0UVS8xY6ymOUPExtW.jpg,"Barny, although a Marxist, is intrigued by the mysteries of religion. In confession, she teases a priest, Léon Morin, but he is a young and intelligent man and ready to discuss anything.",7.1,,165,TMDB,2026-05-18,7.1,0.764,Released,rindu,https://www.youtube.com/watch?v=B7FveGpDq8s,https://www.youtube.com/embed/B7FveGpDq8s,B7FveGpDq8s,"Léon Morin, prêtre AKA Leon Morin, Priest (1961)"
11602,Såsom i en spegel,Såsom i en spegel,,1961,Drama,,,,,,https://image.tmdb.org/t/p/w500/rYD30Fm4vAcBqk1kTsxHw1s8P29.jpg,https://image.tmdb.org/t/p/original/rYD30Fm4vAcBqk1kTsxHw1s8P29.jpg,"Karin hopes to recover from her recent stay at a mental hospital by spending the summer at her family's cottage on a tiny island. Her husband, Martin, cares for her but is frustrated by her physical withdrawal. Her younger brother, Minus, is confused by Karin's vulnerability and his own budding sexuality. Their father, David, cannot overcome his haughty remoteness. Beset by visions, Karin descends further into madness.",7.8,,536,TMDB,2026-05-18,7.8,1.072,Released,gelisah,https://www.youtube.com/watch?v=6AmG2Dq5OGM,https://www.youtube.com/embed/6AmG2Dq5OGM,6AmG2Dq5OGM,Through a Glass Darkly (1961) ORIGINAL TRAILER [HD 1080p]
34282,Whistle Down the Wind,Whistle Down the Wind,,1961,Crime | Drama,,,,,,https://image.tmdb.org/t/p/w500/2Q8wpOJCmhE9B03HoifIcvrPzXz.jpg,https://image.tmdb.org/t/p/original/2Q8wpOJCmhE9B03HoifIcvrPzXz.jpg,"When an injured wife-murderer takes refuge on a remote Lancashire farm, the farmer’s three children mistakenly believe him to be the Second Coming of Christ.",7.2,,58,TMDB,2026-05-18,7.2,0.616,Released,gelisah,https://www.youtube.com/watch?v=fPnxRB2Yj7g,https://www.youtube.com/embed/fPnxRB2Yj7g,fPnxRB2Yj7g,Whistle Down The Wind - Coming Soon to Talking Pictures TV
22013,Elmer Gantry,Elmer Gantry,,1960,Drama,,,,,,https://image.tmdb.org/t/p/w500/5vd031r08rrfSMqtB9UarwqCUOz.jpg,https://image.tmdb.org/t/p/original/5vd031r08rrfSMqtB9UarwqCUOz.jpg,A charismatic charlatan begins a business — and eventually romantic — relationship with a roadside evangelist to sell religion to 1920s America. Based on Sinclair Lewis' novel of the same name.,7.3,,198,TMDB,2026-05-18,7.3,1.188,Released,gelisah,https://www.youtube.com/watch?v=z73HAUbQNp4,https://www.youtube.com/embed/z73HAUbQNp4,z73HAUbQNp4,Elmer Gantry (1960) ORIGINAL TRAILER
11656,Jungfrukällan,Jungfrukällan,,1960,Drama | History,,,,,,https://image.tmdb.org/t/p/w500/z70YM3Y4pNYZATMhFMKonngaeMC.jpg,https://image.tmdb.org/t/p/original/z70YM3Y4pNYZATMhFMKonngaeMC.jpg,"Devout Christians Töre and Märeta send their only daughter, the virginal Karin, and their foster daughter, the unrepentant Ingeri, to deliver candles to a distant church. On their way through the woods, the girls encounter a group of savage goat herders who brutally rape and murder Karin as Ingeri remains hidden. When the killers unwittingly seek refuge in the farmhouse of Töre and Märeta, Töre plots a fitting revenge.",7.8,,674,TMDB,2026-05-18,7.8,1.748,Released,marah,https://www.youtube.com/watch?v=IBf4PnJGkZk,https://www.youtube.com/embed/IBf4PnJGkZk,IBf4PnJGkZk,1960 The virgin spring Official Trailer 1 Svensk Filmindustri
31417,Les Yeux sans visage,Les Yeux sans visage,,1960,Drama | Horror | Thriller,,,,,,https://image.tmdb.org/t/p/w500/8y7Z9Gvcq52uOlJlUWyn2epGGRd.jpg,https://image.tmdb.org/t/p/original/8y7Z9Gvcq52uOlJlUWyn2epGGRd.jpg,"Dr. Génessier is riddled with guilt after an accident that he caused disfigures the face of his daughter, the once beautiful Christiane, who outsiders believe is dead. Dr. Génessier, along with accomplice and laboratory assistant Louise, kidnaps young women and brings them to the Génessier mansion. After rendering his victims unconscious, Dr. Génessier removes their faces and attempts to graft them on to Christiane's.",7.6,,797,TMDB,2026-05-18,7.6,1.354,Released,gelisah,https://www.youtube.com/watch?v=CEjrg-L8lvs,https://www.youtube.com/embed/CEjrg-L8lvs,CEjrg-L8lvs,Eyes Without a Face (1960) trailer
122019,Macario,Macario,,1960,Drama | Fantasy,,,,,,https://image.tmdb.org/t/p/w500/fKRzGm3BiuOv3MuolazFOEgB8EX.jpg,https://image.tmdb.org/t/p/original/fKRzGm3BiuOv3MuolazFOEgB8EX.jpg,"Poor, hungry peasant Macario longs for just one good meal on the Day of the Dead. After his wife cooks a turkey for him, he meets three apparitions, the Devil, God, and Death. Each asks him to share his turkey, but he refuses all except Death. In return, Death gives him a bottle of water which will heal any illness. Soon, Macario is more wealthy than the village doctor, which draws the attention of the feared Inquisition.",8.7,,213,TMDB,2026-05-18,8.7,1.224,Released,sedih,,,,
58902,North West Frontier,North West Frontier,,1959,Adventure | Drama,,,,,,https://image.tmdb.org/t/p/w500/jjjmsCtXVz2vI03se29DPNjf6ZP.jpg,https://image.tmdb.org/t/p/original/jjjmsCtXVz2vI03se29DPNjf6ZP.jpg,"In the rebellious northern frontier province of colonial India, British Army Captain Scott, a young prince and the boy's governess escape by an obsolete train as they are relentlessly pursued by Muslim rebels intent on assassinating the prince.",6.8,,57,TMDB,2026-05-18,6.8,0.821,Released,hidayah,https://www.youtube.com/watch?v=hqUOId1Yeeo,https://www.youtube.com/embed/hqUOId1Yeeo,hqUOId1Yeeo,North West Frontier (1959) ORIGINAL TRAILER
170133,Serious Charge,Serious Charge,,1959,Drama,,,,,,https://image.tmdb.org/t/p/w500/dt2zN3HrL47sxajWRQqEE8vd5Kq.jpg,https://image.tmdb.org/t/p/original/dt2zN3HrL47sxajWRQqEE8vd5Kq.jpg,"Howard Phillips, a vicar who's new in the town of Bellington, wants to reach out to youth. The previous vicar's daughter, Hester Peters, who fears being a spinster, wants to be his wife. He tells her he's not interested. When he confronts a tough kid about something the youth has done, the lad sets out to frame the vicar. Hester, who's walked in on the confrontation, backs the youth's story. The town sides with her and the lad, turning against Phillips. He has a crisis of faith. What options does he have; can no one help him, his reputation, or his calling?",6.2,,10,TMDB,2026-05-18,6.2,0.264,Released,gelisah,,,,
85611,The Stranglers of Bombay,The Stranglers of Bombay,,1959,Thriller | Crime | Horror,,,,,,https://image.tmdb.org/t/p/w500/pQPz9R7Fr5FwEqe4FU4WrE2G3ba.jpg,https://image.tmdb.org/t/p/original/pQPz9R7Fr5FwEqe4FU4WrE2G3ba.jpg,"In 1826 British-ruled India, the secret Cult of Thugee demonstrates their worship of their goddess, Kali,  by the mutilation and mass murder of thousands of Indians  while pirating the shipments of the British East-Indian Tea Company.  As the British military leaders play down the implications of the piracy and disappearances, a lone captain realizes that they are not just coincidence and sets out to uncover the source of the deviltry, at the risk of his career.  Based on history.",6.5,,32,TMDB,2026-05-18,6.5,0.296,Released,gelisah,https://www.youtube.com/watch?v=USVul-lOREM,https://www.youtube.com/embed/USVul-lOREM,USVul-lOREM,The Stranglers of Bombay (1959) ORIGINAL TRAILER [HD 1080p]
490,Det sjunde inseglet,Det sjunde inseglet,,1957,Fantasy | Drama,,,,,,https://image.tmdb.org/t/p/w500/wcZ21zrOsy0b52AfAF50XpTiv75.jpg,https://image.tmdb.org/t/p/original/wcZ21zrOsy0b52AfAF50XpTiv75.jpg,"When disillusioned Swedish knight Antonius Block returns home from the Crusades to find his country in the grips of the Black Death, he challenges Death to a chess match for his life. Tormented by the belief that God does not exist, Block sets off on a journey, meeting up with traveling players Jof and his wife, Mia, and becoming determined to evade Death long enough to commit one redemptive act while he still lives.",8.2,,3330,TMDB,2026-05-18,8.2,4.58,Released,sedih,https://www.youtube.com/watch?v=vZucwtdSvJ8,https://www.youtube.com/embed/vZucwtdSvJ8,vZucwtdSvJ8,The Seventh Seal (1957) ORIGINAL TRAILER [HD 1080p]
975,Paths of Glory,Paths of Glory,,1957,War | Drama,,,,,,https://image.tmdb.org/t/p/w500/tJXwtzOSNUC8dxJfrdvkNtGrrgW.jpg,https://image.tmdb.org/t/p/original/tJXwtzOSNUC8dxJfrdvkNtGrrgW.jpg,A commanding officer defends three scapegoats on trial for a failed offensive that occurred within the French Army in 1916.,8.3,,3267,TMDB,2026-05-18,8.3,6.215,Released,marah,https://www.youtube.com/watch?v=FESvZ0HG2p4,https://www.youtube.com/embed/FESvZ0HG2p4,FESvZ0HG2p4,Official Trailer
614,Smultronstället,Smultronstället,,1957,Drama,,,,,,https://image.tmdb.org/t/p/w500/iyTD2QnySNMPUPE3IedZQipSWfz.jpg,https://image.tmdb.org/t/p/original/iyTD2QnySNMPUPE3IedZQipSWfz.jpg,"Crotchety retired doctor Isak Borg travels from Stockholm to Lund, Sweden, with his pregnant and unhappy daughter-in-law, Marianne, in order to receive an honorary degree from his alma mater. Along the way, they encounter a series of hitchhikers, each of whom causes the elderly doctor to muse upon the pleasures and failures of his own life. These include the vivacious young Sara, a dead ringer for the doctor's own first love.",8.1,,1800,TMDB,2026-05-18,8.1,3.783,Released,bahagia,https://www.youtube.com/watch?v=EwMgTyVbCS0,https://www.youtube.com/embed/EwMgTyVbCS0,EwMgTyVbCS0,Three Reasons: Wild Strawberries
43258,Friendly Persuasion,Friendly Persuasion,,1956,Drama | War,,,,,,https://image.tmdb.org/t/p/w500/mhsdObvFHoOfgaKAVJUOeK3LiOP.jpg,https://image.tmdb.org/t/p/original/mhsdObvFHoOfgaKAVJUOeK3LiOP.jpg,"The story of a family of Quakers in Indiana in 1862. Their religious sect is strongly opposed to violence and war. It's not easy for them to meet the rules of their religion in everyday life but when Southern troops pass the area they are in real trouble. Should they fight, despite their peaceful attitude?",6.7,,141,TMDB,2026-05-18,6.7,1.176,Released,marah,https://www.youtube.com/watch?v=gZvExs15jMM,https://www.youtube.com/embed/gZvExs15jMM,gZvExs15jMM,Friendly Persuasion Trailer
48035,Ordet,Ordet,,1955,Drama,,,,,,https://image.tmdb.org/t/p/w500/c9Oef9uQEuadZlnvv8hphRmTIgx.jpg,https://image.tmdb.org/t/p/original/c9Oef9uQEuadZlnvv8hphRmTIgx.jpg,"The three sons of devout Danish farmer Morten have widely disparate religious beliefs. Youngest son Anders shares his father's religion, but eldest son Mikkel has lost his faith, while middle child Johannes has become delusional and proclaims that he is Jesus Christ himself. When Mikkel's wife, Inger goes into a difficult childbirth, everyone's beliefs are put to the test.",8,,413,TMDB,2026-05-18,8,1.388,Released,bahagia,https://www.youtube.com/watch?v=-uQEPjRog84,https://www.youtube.com/embed/-uQEPjRog84,-uQEPjRog84,Ordet (1955) - trailer
3112,The Night of the Hunter,The Night of the Hunter,,1955,Crime | Drama | Thriller,,,,,,https://image.tmdb.org/t/p/w500/rBka0nFWiHxabHRLr0KfIA8Yiaq.jpg,https://image.tmdb.org/t/p/original/rBka0nFWiHxabHRLr0KfIA8Yiaq.jpg,"In Depression-era West Virginia, a serial-killing preacher hunts two young children who know the whereabouts of a stash of money.",7.9,,1826,TMDB,2026-05-18,7.9,2.889,Released,gelisah,https://www.youtube.com/watch?v=GAxs6tChiKo,https://www.youtube.com/embed/GAxs6tChiKo,GAxs6tChiKo,The Night of the Hunter (1955) Original Trailer [HD]
138357,The Prodigal,The Prodigal,,1955,Drama | Adventure,,,,,,https://image.tmdb.org/t/p/w500/eJvnrBk7DV3lR3kLeI4fIONrcNx.jpg,https://image.tmdb.org/t/p/original/eJvnrBk7DV3lR3kLeI4fIONrcNx.jpg,A wealthy young Hebrew traveling in Damascus renounces his faith after he is seduced by an alluring pagan priestess and cheated of his fortune by the High Priest as well.,4.6,,9,TMDB,2026-05-18,4.6,0.631,Released,rindu,https://www.youtube.com/watch?v=6uoKevm1OKk,https://www.youtube.com/embed/6uoKevm1OKk,6uoKevm1OKk,The Prodigal - Trailer
18283,Brigadoon,Brigadoon,,1954,Music | Fantasy | Romance,,,,,,https://image.tmdb.org/t/p/w500/va3DcpyZDnnWdRB0FTPKzObo3Uz.jpg,https://image.tmdb.org/t/p/original/va3DcpyZDnnWdRB0FTPKzObo3Uz.jpg,"Americans Jeff and Tommy, hunting in Scotland, stumble upon a village - Brigadoon. They soon learn that the town appears once every 100 years in order to preserve its peace and special beauty. The citizens go to bed at night and when they wake up, it's 100 years later. Tommy falls in love with a beautiful young woman, Fiona, and is torn between staying or going back to his hectic life in New York.",6.5,,168,TMDB,2026-05-18,6.5,1.322,Released,rindu,https://www.youtube.com/watch?v=8QMXGQeTiJ0,https://www.youtube.com/embed/8QMXGQeTiJ0,8QMXGQeTiJ0,Brigadoon
35692,The Black Knight,The Black Knight,,1954,Action | Adventure,,,,,,https://image.tmdb.org/t/p/w500/bMVzUJTHapgymAgzJgGNd3q6Bs9.jpg,https://image.tmdb.org/t/p/original/bMVzUJTHapgymAgzJgGNd3q6Bs9.jpg,"John, a blacksmith and swordsmith, is tutored at Camelot. As a commoner, he can't hope to win the hand of Lady Linet, daughter of the Earl of Yeoniland, so he creates a secret alternate identity as the Black Knight. In this new role, he is now able to help King Arthur when Saracens and Cornish men—disguised as Vikings -- plot to take over the country.",6.4,,11,TMDB,2026-05-18,6.4,0.691,Released,gelisah,,,,
47173,King of the Khyber Rifles,King of the Khyber Rifles,,1953,Adventure | Drama | Romance,,,,,,https://image.tmdb.org/t/p/w500/GMJxDCQ8FyFsd590GSOkZTXLgv.jpg,https://image.tmdb.org/t/p/original/GMJxDCQ8FyFsd590GSOkZTXLgv.jpg,"Freshly arrived Sandhurst-trained Captain Alan King, better versed in Pashtun then any of the veterans and born locally as army brat, survives an attack on his escort to his Northwest Frontier province garrison near the Khyber pass because of Ahmed, a native Afridi deserter from the Muslim fanatic rebel Karram Khan's forces. As soon as his fellow officers learn his mother was a native Muslim which got his parents disowned even by their own families, he falls prey to stubborn prejudiced discrimination, Lieutenant Geoffrey Heath even moves out of their quarters, except from half-Irish Lt. Ben Baird.",5.9,,13,TMDB,2026-05-18,5.9,0.41,Released,hidayah,https://www.youtube.com/watch?v=8sQvZV59nwY,https://www.youtube.com/embed/8sQvZV59nwY,8sQvZV59nwY,King of the Khyber Rifles Prelude by Bernard Herrmann
488,The African Queen,The African Queen,,1952,Romance | Adventure | Drama,,,,,,https://image.tmdb.org/t/p/w500/2Ypg0KhQfFYWILelvHGtSHHR0dk.jpg,https://image.tmdb.org/t/p/original/2Ypg0KhQfFYWILelvHGtSHHR0dk.jpg,"At the start of the First World War, in the middle of Africa’s nowhere, a gin soaked riverboat captain is persuaded by a strong-willed missionary to go down river and face-off a German warship.",7.4,,1054,TMDB,2026-05-18,7.4,2.712,Released,rindu,https://www.youtube.com/watch?v=sFVu74-A6kI,https://www.youtube.com/embed/sFVu74-A6kI,sFVu74-A6kI,Official 4K Trailer
43376,Journal d'un curé de campagne,Journal d'un curé de campagne,,1951,Drama,,,,,,https://image.tmdb.org/t/p/w500/mft7ZJqHxUyFaLL3ZYXX1MN2Gro.jpg,https://image.tmdb.org/t/p/original/mft7ZJqHxUyFaLL3ZYXX1MN2Gro.jpg,"An inexperienced, sickly priest shows up in the rural French community of Ambricourt, where he joins the community's clergy. But the locals don't take kindly to the priest, and his ascetic ways and unsociable demeanor make him an outcast. During Bible studies at the nearby girls school, he is continually mocked by his students. Then his attempt to intervene in a family feud backfires into a scandal. His failures, compounded with his declining health, begin to erode his faith.",7.5,,285,TMDB,2026-05-18,7.5,0.997,Released,gelisah,https://www.youtube.com/watch?v=hXLcNxG0OtM,https://www.youtube.com/embed/hXLcNxG0OtM,hXLcNxG0OtM,Journal d'un curé de campagne (1951) Bande Annonce
47473,Sommarlek,Sommarlek,,1951,Drama | Romance,,,,,,https://image.tmdb.org/t/p/w500/3Yl2nPAzBcygds63L6yf4g7I2k8.jpg,https://image.tmdb.org/t/p/original/3Yl2nPAzBcygds63L6yf4g7I2k8.jpg,"During a brief summer vacation, a lonely woman recalls her first love thirteen years earlier.",7.4,,174,TMDB,2026-05-18,7.4,0.607,Released,rindu,https://www.youtube.com/watch?v=vW-f_la2-GA,https://www.youtube.com/embed/vW-f_la2-GA,vW-f_la2-GA,Summer Interlude
73492,Outrage,Outrage,,1950,Drama | Crime,,,,,,https://image.tmdb.org/t/p/w500/2zGupaPiJBU3iR9WgY1kMpYalY2.jpg,https://image.tmdb.org/t/p/original/2zGupaPiJBU3iR9WgY1kMpYalY2.jpg,A young woman who has just become engaged has her life completely shattered when she is raped while on her way home from work.,6.6,,59,TMDB,2026-05-18,6.6,0.501,Released,gelisah,https://www.youtube.com/watch?v=9uBiCnEhtoA,https://www.youtube.com/embed/9uBiCnEhtoA,9uBiCnEhtoA,Outrage (1950) - Bande annonce reprise 2020 HD VOST
548,羅生門,羅生門,,1950,Crime | Drama | Mystery,,,,,,https://image.tmdb.org/t/p/w500/vL7Xw04nFMHwnvXRFCmYYAzMUvY.jpg,https://image.tmdb.org/t/p/original/vL7Xw04nFMHwnvXRFCmYYAzMUvY.jpg,Four people recount different versions of the story of a man's murder and the rape of his wife.,8,,2509,TMDB,2026-05-18,8,7.041,Released,sedih,https://www.youtube.com/watch?v=L2E_DfExUmU,https://www.youtube.com/embed/L2E_DfExUmU,L2E_DfExUmU,BFI Re-Release Trailer
177231,Bagdad,Bagdad,,1949,Adventure,,,,,,https://image.tmdb.org/t/p/w500/ePIwEbjNop87h5Xpn1JMTVK5niD.jpg,https://image.tmdb.org/t/p/original/ePIwEbjNop87h5Xpn1JMTVK5niD.jpg,"An Arab sheik's daughter (Maureen O'Hara) avenges his death, blamed on Hassan (Paul Christian) and his Black Riders.",6.1,,13,TMDB,2026-05-18,6.1,0.533,Released,sedih,,,,
26286,Dragonwyck,Dragonwyck,,1946,Drama | Romance | Thriller,,,,,,https://image.tmdb.org/t/p/w500/guyisLW25bpd7bMGA30OYLbssm6.jpg,https://image.tmdb.org/t/p/original/guyisLW25bpd7bMGA30OYLbssm6.jpg,"A simple Connecticut farm girl is recruited by a distant relative, an aristocratic patroon, to be governess to his young daughter in his Hudson Valley mansion.",6.7,,118,TMDB,2026-05-18,6.7,0.935,Released,gelisah,https://www.youtube.com/watch?v=NzpW6CsunDo,https://www.youtube.com/embed/NzpW6CsunDo,NzpW6CsunDo,DRAGONWYCK - TRAILER - 1946
307,Roma città aperta,Roma città aperta,,1945,Drama | War,,,,,,https://image.tmdb.org/t/p/w500/ijGV4v8JxgbNzgEhqKdzHdaZn8a.jpg,https://image.tmdb.org/t/p/original/ijGV4v8JxgbNzgEhqKdzHdaZn8a.jpg,"During the Nazi occupation of 1944 Rome, Resistance leader Giorgio Manfredi is pursued by the Nazis as he seeks refuge and a means of escape.",8,,976,TMDB,2026-05-18,8,2.313,Released,marah,https://www.youtube.com/watch?v=JM_KpDmdF98,https://www.youtube.com/embed/JM_KpDmdF98,JM_KpDmdF98,Roberto Rossellini: The War Trilogy - trailer | BFI Blu-ray
18050,The Keys of the Kingdom,The Keys of the Kingdom,,1944,Drama,,,,,,https://image.tmdb.org/t/p/w500/b5VPdAR9DmZKS57wYuEH3n6vLCG.jpg,https://image.tmdb.org/t/p/original/b5VPdAR9DmZKS57wYuEH3n6vLCG.jpg,"A young priest, Father Chisholm is sent to China to establish a Catholic parish among the non-Christian Chinese. While his boyhood friend, also a priest, flourishes in his calling as a priest in a more Christian area of the world, Father Chisholm struggles. He encounters hostility, isolation, disease, poverty and a variety of set backs which humble him, but make him more determined than ever to succeed.",7.1,,52,TMDB,2026-05-18,7.1,1.031,Released,gelisah,https://www.youtube.com/watch?v=RmdXdrhL4UQ,https://www.youtube.com/embed/RmdXdrhL4UQ,RmdXdrhL4UQ,The Keys of the Kingdom 1944 Trailer
43516,The Song of Bernadette,The Song of Bernadette,,1943,Drama,,,,,,https://image.tmdb.org/t/p/w500/kRZItSgFaSDnHePwxX5PfZvu5M8.jpg,https://image.tmdb.org/t/p/original/kRZItSgFaSDnHePwxX5PfZvu5M8.jpg,"In 1858 Lourdes, France, adolescent peasant Bernadette has a vision of ""a beautiful lady"" in the Massabielle grotto - the townspeople assume this lady to be the Virgin Mary. Pompous government officials think the girl is insane, doing their best to suppress her and her followers, while the church wants nothing to do with the matter. But as Bernadette attracts wider and wider attention, the phenomenon overtakes everyone in the town, ultimately transforming their lives.",7.1,,130,TMDB,2026-05-18,7.1,0.868,Released,gelisah,https://www.youtube.com/watch?v=tdyLL5koREM,https://www.youtube.com/embed/tdyLL5koREM,tdyLL5koREM,The Song Of Bernadette | #TBT Trailer | 20th Century FOX
41391,Vredens dag,Vredens dag,,1943,Drama | History,,,,,,https://image.tmdb.org/t/p/w500/jEOqbGLFo8fxHHgYoZVTMVYMoQG.jpg,https://image.tmdb.org/t/p/original/jEOqbGLFo8fxHHgYoZVTMVYMoQG.jpg,"In a Danish village in the early 1600s, a young woman named Anne, whose mother was thought to be a witch, develops sympathy toward an old woman, Marte, who is accused of witchcraft. The intervention of Anne's older but kindly husband, Pastor Absalon saved her mother -- but now, urged on by his overbearing mother, he refuses to help Marte. When Absalon's son returns home and is attracted to Anne, it's a matter of time before her family destiny catches up with her.",8,,251,TMDB,2026-05-18,8,1.201,Released,sedih,https://www.youtube.com/watch?v=6_SATxIRMts,https://www.youtube.com/embed/6_SATxIRMts,6_SATxIRMts,Day of Wrath/Vredens dag (1943) Trailer
56152,Brigham Young,Brigham Young,,1940,History | Romance | Western,,,,,,https://image.tmdb.org/t/p/w500/oEw9oe3e0rWcLxc1L0kp56Big8n.jpg,https://image.tmdb.org/t/p/original/oEw9oe3e0rWcLxc1L0kp56Big8n.jpg,"Based on the story of the famous Mormon leader, it follows Brigham Young and his challenge to transport his people across the Rocky mountains to settle in Salt Lake City. The plot focuses on two fictitious characters, Jonathan Kent and Zina Webb and the hardships they have to face along the way.",4.6,,16,TMDB,2026-05-18,4.6,0.465,Released,rindu,https://www.youtube.com/watch?v=AXVeQezr-6A,https://www.youtube.com/embed/AXVeQezr-6A,AXVeQezr-6A,Joseph Smith meets Brigham Young - Brigham Young (1940)
72638,The Fighting 69th,The Fighting 69th,,1940,Action | Drama | War,,,,,,https://image.tmdb.org/t/p/w500/9GeoiU8nO01Cgr20Ls8DbJUoWIP.jpg,https://image.tmdb.org/t/p/original/9GeoiU8nO01Cgr20Ls8DbJUoWIP.jpg,"Although loudmouthed braggart Jerry Plunkett alienates his comrades and officers, Father Duffy, the regimental chaplain, has faith that he'll prove himself in the end.",5.8,,28,TMDB,2026-05-18,5.8,0.238,Released,marah,https://www.youtube.com/watch?v=_6YkaAmoUmw,https://www.youtube.com/embed/_6YkaAmoUmw,_6YkaAmoUmw,The Fighting 69th - Theatrical Trailer
12232,The Thief of Bagdad,The Thief of Bagdad,,1940,Adventure | Fantasy | Romance,,,,,,https://image.tmdb.org/t/p/w500/8Fs29JYTOkDluTXgbvLRIaps6PO.jpg,https://image.tmdb.org/t/p/original/8Fs29JYTOkDluTXgbvLRIaps6PO.jpg,"When Prince Ahmad is blinded and cast out of Bagdad by the nefarious Jaffar, he joins forces with the scrappy thief Abu to win back his royal place, as well as the heart of a beautiful princess.",7.1,,296,TMDB,2026-05-18,7.1,1.538,Released,rindu,https://www.youtube.com/watch?v=7F_FNm5GABw,https://www.youtube.com/embed/7F_FNm5GABw,7F_FNm5GABw,The Thief Of Bagdad ≣ 1940 ≣ Trailer
111750,The Real Glory,The Real Glory,,1939,Drama | War,,,,,,https://image.tmdb.org/t/p/w500/fWUlNt585JRfFNBFdYGrfBGO7GS.jpg,https://image.tmdb.org/t/p/original/fWUlNt585JRfFNBFdYGrfBGO7GS.jpg,"Fort Mysang, southern Philippine Islands, under US rule, 1906. A small group of army officers and native troops resist the fierce and treacherous attacks of the ruthless Alisang and his fanatical followers.",6.3,,22,TMDB,2026-05-18,6.3,0.581,Released,marah,https://www.youtube.com/watch?v=AgxO_4DLA4E,https://www.youtube.com/embed/AgxO_4DLA4E,AgxO_4DLA4E,The Real Glory - TNT - Film Promo - 1991
26252,Pépé le Moko,Pépé le Moko,,1937,Drama | Crime | Romance,,,,,,https://image.tmdb.org/t/p/w500/y6FTSnCSBVJVPa7M1LuVroLN0ag.jpg,https://image.tmdb.org/t/p/original/y6FTSnCSBVJVPa7M1LuVroLN0ag.jpg,"Pépé le Moko, one of France's most wanted criminals, hides out in the Casbah section of Algiers. He knows police will be waiting for him if he tries to leave the city. When Pépé meets Gaby, a gorgeous woman from Paris who is lost in the Casbah, he falls for her.",7.2,,193,TMDB,2026-05-18,7.2,0.926,Released,rindu,https://www.youtube.com/watch?v=8Lh-1-G9tzQ,https://www.youtube.com/embed/8Lh-1-G9tzQ,8Lh-1-G9tzQ,Official Trailer [Subtitled]
264482,Тринадцать,Тринадцать,,1937,Adventure | War,,,,,,https://image.tmdb.org/t/p/w500/vEofg1E6tyraxh5M6mdwt0yQzlr.jpg,https://image.tmdb.org/t/p/original/vEofg1E6tyraxh5M6mdwt0yQzlr.jpg,The film tells about a band of demobilized Red Army men and two civilians who cross a Middle Asian desert. They are forced to do battle with superior forces of Basmachi rebels for the dry draw-well.,5.4,,13,TMDB,2026-05-18,5.4,0.47,Released,marah,,,,
99999,Der Sieg des Glaubens,Der Sieg des Glaubens,,1933,Documentary,,,,,,https://image.tmdb.org/t/p/w500/qOuJJfgHwjaqHOnDxzTdjvZs9JJ.jpg,https://image.tmdb.org/t/p/original/qOuJJfgHwjaqHOnDxzTdjvZs9JJ.jpg,"Follows the Fifth Nazi Party Rally (Nuremberg, 30 August–3 September 1933) and shows the then close relationship between Adolf Hitler and Ernest Rõhm.",5.4,,18,TMDB,2026-05-18,5.4,0.436,Released,gelisah,,,,
43132,Rasputin and the Empress,Rasputin and the Empress,,1932,Drama | History,,,,,,https://image.tmdb.org/t/p/w500/txLqNjctfiVbCyxIKa261W5tz70.jpg,https://image.tmdb.org/t/p/original/txLqNjctfiVbCyxIKa261W5tz70.jpg,"The story of corrupt, power-hungry, manipulative Grigori Rasputin's influence on members of the Russian Imperial family and others, and what resulted.",5.5,,15,TMDB,2026-05-18,5.5,0.444,Released,gelisah,https://www.youtube.com/watch?v=8ka57eClzIY,https://www.youtube.com/embed/8ka57eClzIY,8ka57eClzIY,Original Theatrical Trailer
44463,The Miracle Woman,The Miracle Woman,,1931,Drama,,,,,,https://image.tmdb.org/t/p/w500/vwtCXSnl2RhLu9KFtBSbQpAhoqk.jpg,https://image.tmdb.org/t/p/original/vwtCXSnl2RhLu9KFtBSbQpAhoqk.jpg,"After an unappreciated minister dies, his daughter loses her faith in God, prompting her to open a phony temple with a con man. Can the love of a blind former aviator restore her faith and happiness?",6.7,,53,TMDB,2026-05-18,6.7,0.706,Released,rindu,,,,
42641,Morocco,Morocco,,1930,Drama | Romance,,,,,,https://image.tmdb.org/t/p/w500/jDqZsxyv35iyJWW0mANk1RhxhJp.jpg,https://image.tmdb.org/t/p/original/jDqZsxyv35iyJWW0mANk1RhxhJp.jpg,"Mogador, Morocco. Late 1920s. A complex romance develops between a womanizing Legionnaire and a disillusioned Parisian cabaret singer.",6.4,,163,TMDB,2026-05-18,6.4,0.861,Released,rindu,https://www.youtube.com/watch?v=u80OARwTRBw,https://www.youtube.com/embed/u80OARwTRBw,u80OARwTRBw,Morocco (1930) trailer
92972,Captain Salvation,Captain Salvation,,1927,Drama | Adventure,,,,,,https://image.tmdb.org/t/p/w500/rvsRC474E4lrwhrfiTD8yLyqTal.jpg,https://image.tmdb.org/t/p/original/rvsRC474E4lrwhrfiTD8yLyqTal.jpg,"A young divinity student helps and protects a down and out prostitute, at the cost of his own standing in the community.",6,,7,TMDB,2026-05-18,6,0.43,Released,sedih,,,,
287154,Tepeyac,Tepeyac,,1917,Fantasy | History,,,,,,https://image.tmdb.org/t/p/w500/eccHRe1Tt1sv1pMcnPNFOZNsZS.jpg,https://image.tmdb.org/t/p/original/eccHRe1Tt1sv1pMcnPNFOZNsZS.jpg,"A man (Arroyo Carrillo) is sent to Europe on a diplomatic mission. The ship in which he travels is sunk by a German submarine. In Mexico, his girlfriend Lupita (Cota) receives a telegram with the news and looks for relief in La Virgen de Guadalupe, saint patron of catholic mexicans. After reading a book about the Virgin legend, Lupita falls asleep. Next morning, she receives good news, her boyfriend is alive. Together they go to La Villa del Tepeyac (a church devoted to La Virgen de Guadalupe) and thank for the miracle.",5.2,,8,TMDB,2026-05-18,5.2,0.062,Released,rindu,https://www.youtube.com/watch?v=wSRsuOiWUQk,https://www.youtube.com/embed/wSRsuOiWUQk,wSRsuOiWUQk,Tepeyac – Cine en línea (versión restaurada y musicalizada)
